id,return_pct
0,-1.8829966066380734
1,-0.0924211601407883
2,1.4944545935087064
3,-2.333439056208179
4,1.0545288000009192
5,7.704339739576783
6,2.895342495849047
7,13.061440505077845
8,4.883854554269724
9,4.248296449782637
10,10.481960982792867
11,3.7300146793749995
12,0.6062192326056111
13,6.324406551543479
14,-2.361054743095722
15,-3.1015500735294648
16,5.300103107236021
17,5.555430406420847
18,32.3522457155247
19,5.455158294879203
20,4.165867850145619
21,5.003987959657261
22,13.514365741178104
23,-6.158992505741605
24,0.982233047163822
25,3.1413831080376626
26,181.02042630506864
27,-3.8111464407402424
28,-0.8762188206808084
29,5.0510323053152515
30,21.83180062047576
31,-0.8418771455618583
32,6.952093930654952
33,5.592131121902658
34,6.623809269671662
35,2.431073784301391
36,8.372324081369296
37,19.746498312212477
38,3.554222567407628
39,19.23103267525753
40,5.803953546104675
41,13.006333597644904
42,11.044447055014295
43,4.1215394168071136
44,-1.9910086258913395
45,5.3279633795328145
46,-2.129596397340426
47,4.306191538178696
48,7.338981544245819
49,6.200842603158332
50,6.63049611785281
51,2.427087876897163
52,3.4641994154041877
53,-3.887135802517044
54,-3.102969408848035
55,12.985948836719007
56,6.381774645669928
57,8.185002765843192
58,16.726012429850922
59,1.6455292508239159
60,12.052631051486735
61,1.0172037078314355
62,13.43074211920221
63,0.3431948388677732
64,-4.854709173298763
65,-2.954472443879923
66,3.5779579036383873
67,87.94036665491382
68,3.8670353542543547
69,2.1536124229584637
70,3.004653592517164
71,1.139006895832258
72,10.138362348684048
73,8.53784456421431
74,1.7684970192067007
75,11.426585064322207
76,6.700829253898721
77,3.258087677617989
78,-3.8358676904641182
79,2.470712763179014
80,4.1281265923692265
81,8.95361762690878
82,-2.4748034801401353
83,4.508799740575779
84,4.958830926546348
85,13.840741284642288
86,1.167444898718011
87,6.875340106819042
88,-1.6788620562874992
89,1.6635684722128454
90,7.4799742180238695
91,1.3668655868190842
92,4.378279426602713
93,9.185545794183398
94,-1.6993035861091204
95,-2.583685914506238
96,2.593111904345855
97,2.2525516587623002
98,-1.9340752306587907
99,-3.0689196673764076
100,8.583017454044288
101,0.02233715800164754
102,-3.7026520004272534
103,2.5454812603695656
104,-3.0693098173060216
105,5.897898529992435
106,4.317499824273343
107,-4.461283740409087
108,2.4218089503121596
109,-3.969418563003824
110,-6.260065338701477
111,6.538990955743685
112,2.256823841249362
113,8.561574628382026
114,-2.381699963864217
115,2.9560916688180057
116,-2.6323894536795445
117,16.827887401448272
118,11.257182189423876
119,8.730736467987864
120,0.8116595667912307
121,-0.9181400674713103
122,8.036224890756213
123,8.627366240063708
124,-0.5435814984784471
125,4.00029552999849
126,10.681041513733632
127,7.0866486401815845
128,7.55561704627012
129,1.4873113464947687
130,7.808769316143415
131,5.538932836090033
132,20.06517779355987
133,-5.484894156329457
134,4.867358488815437
135,5.491023005675141
136,-5.738523796485797
137,9.01642450356903
138,5.190789609034557
139,3.4745797321079737
140,13.041328483037057
141,1.0746594677612098
142,25.047715650922342
143,4.349852448758712
144,1.0831151192282475
145,-4.77901493295439
146,-2.113328668475772
147,-3.6731273166162595
148,0.030087489417296998
149,37.45253150598473
150,4.0162262772358135
151,5.922314741306904
152,6.162823185114595
153,8.675201557812084
154,-1.4316744470233316
155,0.9555175808578035
156,-3.962871553931495
157,13.671399640348278
158,-0.07841206577932311
159,23.085461891007
160,13.124607819746902
161,2.9830571212310417
162,0.6247285355263839
163,4.284869963277287
164,6.293725897356331
165,-2.88011916642843
166,1.9593803857534808
167,-1.697545599277803
168,5.9684991966361185
169,3.9261478781246626
170,6.882903139215128
171,22.5580322326758
172,9.355349535174911
173,34.74855128058875
174,6.898789505459936
175,-4.303242136637499
176,1.5224107684722066
177,7.351148652942899
178,10.276550794130102
179,3.945411294566064
180,28.867116999795847
181,3.875716251209419
182,1.9185837636912497
183,-1.6018626725251615
184,-4.748988642957096
185,-6.440591927537144
186,4.3942682956425365
187,1.9807555848946112
188,9.559172319867331
189,1.6201042858872223
190,3.735601478264174
191,-2.440141475595919
192,6.20068509336251
193,-1.3775823317063818
194,9.177294800523295
195,16.924817084557034
196,-2.2140412991662477
197,-5.069532982835521
198,0.3115331360442763
199,5.368075332247002
200,13.400498031124837
201,3.952204887287472
202,8.455664192020135
203,38.479211293063194
204,-6.610857372766489
205,-2.605644746767635
206,3.999276405026839
207,13.961039772807162
208,-1.2274633636164012
209,3.701416392332642
210,0.9279138644095262
211,3.283617191449589
212,4.064753950537641
213,-2.9547387995103813
214,5.481703221568161
215,11.633981785831985
216,-3.780934277176608
217,1.7094542190976463
218,7.627987262583118
219,0.8662646189136415
220,0.3494232290046896
221,6.442977069466627
222,-5.118346014075586
223,0.014178872703448461
224,4.855037732798688
225,4.6873997927919975
226,-4.1443774012943395
227,1.1881877170563522
228,5.905203289973338
229,-3.844440878691586
230,-3.2439509382220795
231,5.7634242604397725
232,65.13993927774727
233,3.6385290423661405
234,6.269018828839744
235,-2.2155369476220392
236,4.3071038547911895
237,-2.368181171620792
238,0.9315481742089765
239,5.383612875129469
240,4.651071633075462
241,-1.4573413945127989
242,6.899860635611944
243,21.191498326564773
244,13.262372413372034
245,5.925044415927348
246,11.859297031312446
247,6.191352288157121
248,10.926469588341888
249,3.219751111181326
250,2.505878309100311
251,0.2648894947017696
252,3.478707259528277
253,2.8582853141226927
254,5.589067250880857
255,4.547955906352094
256,84.07831659655051
257,0.014901249809211925
258,1.6702738738938474
259,1.055944964080941
260,3.9398663293089684
261,6.076325777277352
262,-1.1272443631313585
263,1.3351408610490325
264,9.031070051891499
265,2.7544756059009763
266,5.99302344493791
267,3.1883274253353426
268,25.86491250652317
269,-0.008173186778430708
270,30.077626184254044
271,-1.4986128969147035
272,-7.902168230624759
273,1.7936006202569332
274,2.5507243011980756
275,5.7161071709719415
276,14.997234644036283
277,6.201149208817846
278,4.430316026417907
279,-3.9296155999821756
280,5.829941518267636
281,1.8443852288141527
282,5.416925207622088
283,9.32009872631267
284,5.232330596398538
285,3.6115609864099296
286,10.216014397653078
287,-2.3534838283382546
288,2.5161030074575246
289,12.33539732634618
290,19.63322641601807
291,5.681892145571893
292,2.9218003293231183
293,2.3314286906688904
294,12.445452815193681
295,-3.4571351380822573
296,10.202508634437724
297,26.701446945278313
298,4.188391048386013
299,3.0288798746044128
300,6.345679760544449
301,7.0989610539234835
302,23.670754816917217
303,2.266310447641341
304,-1.19605638257264
305,-4.54677061385132
306,12.411245273317773
307,-2.928355558544644
308,10.011306084896617
309,5.430464162336814
310,5.391006521794804
311,13.60396662787275
312,15.425308392010484
313,2.651531178887314
314,7.3235766528686534
315,2.5339201232493673
316,-1.934568975851942
317,-0.14514589189147775
318,6.9702865647985845
319,14.481803296315869
320,6.990287932561072
321,-7.666175433904104
322,-2.75904413461445
323,5.638511748230414
324,11.006602988552116
325,15.595846838342098
326,0.17034611948915596
327,7.05473094193026
328,5.661105063069813
329,-0.9711919952646135
330,8.213083701573154
331,8.31637417889145
332,14.582229224575551
333,5.302342212357081
334,31.207108147242938
335,9.01834033158769
336,2.460935407533544
337,9.288739662942271
338,1.2624356794798723
339,-5.068673674466693
340,-1.5241252098597684
341,18.007216300524707
342,0.3643762081896569
343,9.4047178729142
344,6.733900194921946
345,-1.0604796841457231
346,6.603915082750962
347,-0.35292829573330364
348,8.283219022925456
349,1.5114797683384589
350,-3.3500363250169047
351,23.455851473564266
352,-1.140188541898178
353,0.48891686403160606
354,2.406241386851809
355,9.194237043700088
356,-1.8289715995206426
357,24.3998351421831
358,3.636886619066425
359,3.465080341051128
360,-3.048492743931395
361,0.35556752070117803
362,2.8010159603239018
363,3.35350476611079
364,5.457236541119141
365,-0.6884658341141872
366,12.476388373079217
367,1.725268370364362
368,8.951859708797436
369,0.14288273947100608
370,5.43865567532649
371,5.304840229688178
372,2.771526735284308
373,-0.8554676582563332
374,-4.751245383758617
375,2.0849203526998235
376,9.592529956128148
377,6.0340024298604416
378,0.2923901842897173
379,6.271271733286191
380,-3.305663921526218
381,24.052659180088604
382,3.939199787740123
383,-5.5890108045690985
384,-2.5199217917265155
385,-1.0932930641794338
386,2.6826693078818176
387,3.8437343309859093
388,5.738858627774161
389,3.7458574555848045
390,-1.0875146564731863
391,3.707269998621573
392,7.758015673118126
393,7.445693109229006
394,2.9180666039621843
395,9.660190523013627
396,4.103878500494261
397,7.371092278105955
398,-2.880245027298958
399,11.313716985055297
400,4.6273471593023165
401,3.4881557731058868
402,0.493202201991655
403,2.4437890064014005
404,-1.815592210974998
405,7.8068333930811615
406,1.4900484953818014
407,-4.069785557903289
408,-1.6634645137545498
409,-1.5373259940238442
410,0.34527747235043404
411,9.2986975412376
412,-2.4139209210422954
413,1.096698280116956
414,-6.646876854957876
415,5.87489302287521
416,32.431261773648984
417,8.794791489836426
418,1.0157622026716089
419,8.056631132797966
420,7.43924110950662
421,-3.83864063803841
422,17.989588185926443
423,9.774073168358242
424,13.45352152789482
425,4.04869779709294
426,6.557743259970379
427,10.52267549080534
428,7.742836024270831
429,13.810628425948018
430,-5.283685498422033
431,13.83078786454832
432,6.592785435027829
433,5.75511177755668
434,7.513280798875086
435,0.7017546549085795
436,4.6288688090735315
437,8.762706002732077
438,-1.4545990243703664
439,-1.4537619975499219
440,8.173747540854285
441,12.682700571566993
442,-1.144287360625904
443,7.40848604159155
444,2.5116038772286626
445,6.199017034538157
446,11.939200528541638
447,0.6843455785353171
448,12.575911133707333
449,-1.0896095420073038
450,7.326093000225998
451,3.3834008069480266
452,1.3394700443333452
453,-4.639894471682554
454,-1.238877853787148
455,4.11800256636466
456,9.256676477691864
457,12.458896318936475
458,-5.183539876219913
459,8.753236648571292
460,16.656126727739185
461,1.2746615949455815
462,0.1640255612175485
463,-0.9295633937077361
464,2.102558001130221
465,-1.9238139132985075
466,-0.12458009986507868
467,24.865541262562665
468,-5.378889606012645
469,5.36602041241843
470,0.963673254275303
471,-0.97386584180408
472,5.801431821264205
473,2.812467912216076
474,3.3052677092216376
475,6.452452118138466
476,-1.3990385816344109
477,4.601010568912008
478,0.9440245727317134
479,-0.42500230409288736
480,-3.9296155999821756
481,2.6908411056597865
482,-5.343960026377562
483,8.954917539423345
484,13.57868757804193
485,7.422950977275738
486,41.70236277563901
487,5.441366936679199
488,7.772233411412197
489,0.07484446830178942
490,3.623050711016749
491,4.30766452437311
492,8.211779419671206
493,5.84461564925894
494,8.687912323700122
495,4.470731184445351
496,5.924738028237504
497,6.179618637864382
498,7.689291739012743
499,0.3134714218135077
500,7.194245120018438
501,-6.058132899761288
502,5.226146175146541
503,1.3158909097402447
504,3.4379269015861507
505,0.37003904530597187
506,2.1896086425985226
507,4.265856271487104
508,-3.0899398680343584
509,-1.2127952387912537
510,3.1215477575404296
511,0.2227439734042419
512,6.657175102026248
513,-0.8837947312407195
514,-9.027490643653557
515,3.405746056717925
516,7.373122563950611
517,-0.003856509332069602
518,17.127786103370475
519,8.621223567343463
520,7.580503515174852
521,3.2725776882119626
522,2.288583742184168
523,3.5139566691896644
524,5.136209245537627
525,5.714857448546949
526,-0.5173734035066304
527,-3.017600493524627
528,5.024687831356348
529,1.0799709981288081
530,5.975446379736569
531,3.2239396901765094
532,6.04193278984607
533,23.332179539754417
534,5.184215319283678
535,0.07433132511997007
536,2.965260091242832
537,4.230614999151244
538,17.607758815145807
539,-3.3320710247159804
540,4.904201724560128
541,4.375676571547398
542,4.369043185814151
543,5.565698104209348
544,-0.9019462605254753
545,4.462497930098018
546,26.560856716084256
547,-6.153946490937632
548,6.109554266711159
549,12.52738395834704
550,8.957234810846145
551,4.6462044234025175
552,4.044786666596703
553,0.25453552005099245
554,-3.877285078309451
555,-4.945346215547319
556,3.193982070160053
557,-1.543157426995161
558,3.4471639907292904
559,10.450052615719537
560,16.781818560056788
561,4.4567168146951595
562,-1.2462510148126142
563,0.9498832534399597
564,6.352392685439334
565,2.5305635598854717
566,5.76160390346368
567,8.55498207537356
568,-2.6930939352335663
569,4.129363996207031
570,2.9506721554751967
571,6.493873855028547
572,-1.8329072845175516
573,1.7626832476233492
574,-0.8799498692945611
575,10.220769986280553
576,4.807769762506244
577,-1.6610349804130102
578,-3.724235183136132
579,-0.8930429634043745
580,4.710708619163404
581,-4.723071890468856
582,13.665961615722452
583,22.894479006091334
584,1.8187580024388665
585,4.2185493984553775
586,3.1430639852622115
587,3.970726547425422
588,0.23480897059339362
589,1.3295810975259983
590,-4.640695125472456
591,27.921123389724144
592,19.1914601502412
593,15.981783776051465
594,2.6133440363750644
595,12.066760351662857
596,1.8290971554462159
597,3.7896241653360465
598,0.7115878107310347
599,7.667922180072367
600,-1.51465239197517
601,-5.415202078308394
602,16.89733008537346
603,29.424782033962153
604,4.192594814737992
605,4.812858198746303
606,6.153331922399184
607,-6.358014181770818
608,-6.3539031978835
609,5.946333014230422
610,3.159859728899967
611,6.985537084913531
612,18.511180525846285
613,2.4885428764302326
614,23.939949025544994
615,11.824452003054905
616,4.081385477798877
617,-2.459834695184879
618,18.579522745248777
619,6.384057717507374
620,-3.6761931853067304
621,6.485508165577244
622,3.635293822939318
623,7.247543596797464
624,6.992775742993392
625,4.752206359665053
626,4.301983874844748
627,3.397366790942903
628,1.4319824100577767
629,3.931800809391539
630,6.608036570233766
631,5.743397068194687
632,4.431407496891512
633,1.1615276959084408
634,0.7104935642139165
635,-1.4659644993454655
636,-2.976589794958766
637,5.780543471901738
638,-2.5197940832011674
639,14.631143829891515
640,7.489281949907508
641,1.2076270477867477
642,4.452464696674379
643,1.5692090223728312
644,-3.537187264366308
645,8.721419553343738
646,12.21672459648402
647,19.355905156735876
648,9.750778736788817
649,6.62300899613168
650,10.046555046086896
651,-7.584343506199832
652,4.391387984790023
653,11.996899552912533
654,5.680258495230223
655,-4.313623805949387
656,13.543731388661556
657,4.593526061573067
658,10.913333462519784
659,4.834460828855035
660,3.8215507602455796
661,7.917175394030648
662,19.40895104583594
663,2.4245131053468225
664,7.449890649362901
665,8.14784091442279
666,3.053247402025471
667,12.019826481962742
668,19.7129181263388
669,70.50489916771912
670,85.20493559724525
671,2.165747808001188
672,0.9604568824330457
673,1.049161360842612
674,0.4662943377348639
675,-6.153946490937632
676,71.19039864134862
677,0.7883773385738226
678,3.3348092190246725
679,5.8583903597925024
680,4.931312621741739
681,5.6021190231559075
682,4.19527780549299
683,0.19565932665930375
684,3.513855102646385
685,15.023643455474467
686,1.8632278533481463
687,5.948425948129182
688,16.929910543754833
689,3.7940758492291367
690,-1.0132874670415597
691,1.042619116532898
692,-0.2779170368259804
693,-0.9406521375311634
694,5.590063479720828
695,-2.8702805292048237
696,16.958460074787947
697,-3.7348221628651217
698,-5.343777993000458
699,0.19855216507460585
700,2.8091921523481593
701,1.3591844692920694
702,20.23466529152226
703,6.630786511856361
704,20.04098375486526
705,25.413789446045314
706,-1.3228570358608285
707,-0.5855780755900077
708,-1.024264604839086
709,24.921406716677588
710,6.112617679819806
711,-2.762873281192458
712,5.819774261021436
713,4.824778158494128
714,9.874365871936698
715,30.993764571368285
716,3.9637881796833545
717,10.281235114891881
718,0.9407589975218533
719,7.10326686443544
720,6.128680121805845
721,-3.2139964327739827
722,-4.019885644863405
723,5.431707177387877
724,3.648052313443486
725,4.729288440106489
726,5.726398485769926
727,1.0474633651738507
728,3.3365469476123746
729,-1.972883495955775
730,9.328648404713586
731,4.990849780827326
732,9.816334600663838
733,-0.0973388057491235
734,1.5855933006349794
735,-5.589017680521113
736,0.02523130691703468
737,-0.8467103918999115
738,3.7187422205762677
739,-2.4047399868713386
740,38.325418078153604
741,7.578386728600757
742,4.707803553282504
743,4.193616722431811
744,11.878158708107282
745,1.4575855517844194
746,8.674472482077219
747,15.536461596494853
748,-8.479600521891289
749,-1.9320276272308305
750,5.26976857323892
751,2.2297348959793006
752,4.2977617898690035
753,7.981501351736417
754,3.6754016360616864
755,7.0831415032552485
756,8.71872596096497
757,3.7518581530378574
758,6.572582994722268
759,5.316093518859092
760,3.3378518449224286
761,-3.161394143957239
762,6.145428992154802
763,-3.28754711698942
764,13.326254990270423
765,4.6215231596549415
766,5.579375506426865
767,5.751177758023719
768,-4.8040006028096744
769,23.36565744945191
770,5.4466154344404405
771,175.47177048434176
772,2.9044264065682808
773,5.015676973347955
774,0.2693845004089127
775,-0.884294631834019
776,8.134142152328083
777,79.59437001417827
778,-0.12356446899468315
779,7.131895763725726
780,3.014845211039762
781,5.891140867184305
782,-4.13157630695129
783,4.845511553488182
784,4.237524829756002
785,-1.26918338988364
786,-3.7714448606841473
787,1.638918113564729
788,8.360173942341154
789,8.495105818780603
790,7.827097073373396
791,-3.832784470786038
792,8.372723530528399
793,0.5938005753671677
794,2.0299830299729114
795,3.0191935501202014
796,3.031012025448759
797,3.3704351863283444
798,-3.684031747138804
799,5.963543318759252
800,9.975355528883323
801,-0.7791417411805164
802,24.478822910480286
803,7.3993194610167805
804,-1.3878787135668271
805,-1.8073511331025984
806,2.681005802167829
807,1.196968234984281
808,8.877722460894773
809,17.67452576974754
810,0.7785855291023579
811,6.717469750490509
812,-0.020379642993965746
813,9.930279353958717
814,-4.640695125472456
815,-0.9733158300083354
816,12.828924709134743
817,-0.2777086265051001
818,6.77244767966933
819,1.4355582421218465
820,-3.3973602313856714
821,6.271211244777289
822,3.23681864285465
823,-2.750992972444438
824,16.486053905719164
825,10.890125309967669
826,-3.108247754237237
827,-1.3792355724623342
828,5.766838939357918
829,3.139404125845885
830,0.028443066570636055
831,100.14017574970434
832,6.443118437277762
833,-0.030244471984983857
834,-2.289350272722247
835,8.733049641440589
836,8.359204624982407
837,0.8629695573972749
838,-3.963746627338537
839,2.406241386851809
840,5.919386542869173
841,-2.291800480009754
842,3.165841766137399
843,-4.909405153731408
844,3.1211079595328846
845,9.993512720500505
846,3.0243550250138966
847,-0.6920966435801732
848,27.295290181331634
849,10.043090816834482
850,5.359992424325831
851,9.032426752041571
852,-3.2301303014103953
853,10.408908804098727
854,21.72341268308041
855,3.513014031964018
856,-4.592943299420702
857,3.4771996581372284
858,2.7866333635211737
859,3.0659505080492186
860,3.4670958002983436
861,1.0155754067133538
862,-4.721500974829166
863,-3.237156404643647
864,9.706490223853049
865,-6.490316024258928
866,3.0639254905704205
867,4.197714494174666
868,1.3171040679936177
869,4.109003826908689
870,-3.6916542111189736
871,-1.5036246053696014
872,14.45460796546048
873,9.153377218247645
874,1.2781421425059614
875,0.6789535929985543
876,-0.15642118336971358
877,11.434753079044514
878,2.6251614646189965
879,3.1412647475235795
880,4.025870789863821
881,4.791761645804103
882,8.565905836827605
883,5.666801654389732
884,8.420825132153574
885,14.849025246899911
886,-3.597239164418423
887,5.637916006234934
888,26.651160989737406
889,18.693997034997928
890,4.2386712436946326
891,5.592013344261698
892,-1.6534699130315778
893,6.397235592283606
894,3.652122174455982
895,8.274413949465247
896,21.3559188054331
897,-4.761420564573573
898,5.758597869979831
899,2.2635356725447275
900,10.17319867235906
901,4.096675908551488
902,12.703135072394048
903,5.13073509560177
904,2.6687458879676416
905,-5.063016026957815
906,0.7476586542010308
907,-2.814698632248949
908,4.752540808102574
909,3.229507267592953
910,-5.551275041270945
911,7.996082543630305
912,0.605078011681076
913,79.59146494342987
914,-2.379498183016775
915,5.370673257682363
916,2.6519292371993273
917,-2.8198896244150067
918,44.09451698027583
919,2.6851388429351677
920,-1.7480893765943097
921,6.297172998359832
922,6.658507594090686
923,17.0357885334932
924,4.691294341601592
925,2.8767606551804077
926,5.888015390427516
927,-2.1439600971234847
928,-2.4660125076742565
929,9.81787542019116
930,15.832330452693592
931,16.15587333051158
932,30.69514265495764
933,3.2601785528981617
934,5.040978584316471
935,5.7554749817154365
936,-2.861679748905071
937,23.42737306584941
938,7.773248933732631
939,-2.9049334261139523
940,4.998934390202445
941,6.140734683308499
942,3.900748201177106
943,0.7711967812453364
944,5.855984558517435
945,2.6739849759915426
946,5.948354321015405
947,21.48061739809186
948,5.183497480881876
949,2.2760657214256166
950,7.489788000360543
951,14.545830315014706
952,2.5505590699470226
953,3.323999898018598
954,1.5137013318846115
955,11.66077143397505
956,0.8713982924422039
957,4.629248736340313
958,0.61396885032731
959,5.460248069888545
960,-1.0779478371240132
961,-0.3568958445236888
962,-4.235501763072743
963,16.54130775042036
964,7.867903937860152
965,13.232656383207845
966,28.576159224679156
967,-0.7491633404285594
968,14.850693580914356
969,11.332931098500675
970,2.4102086631242194
971,1.7536490760350958
972,10.557208526013426
973,0.9937154105602858
974,-6.133041240550833
975,7.092769394644031
976,8.226724848308843
977,6.253690204630362
978,4.142699318055562
979,-1.8986501153818574
980,-0.1765180222147798
981,-1.1988068360637343
982,5.170070419650259
983,3.242437012424315
984,-3.024482225587285
985,0.7287202103566954
986,-2.278593789141339
987,18.991416355695968
988,-2.6035837171880636
989,-2.875560733005821
990,165.72601458262716
991,5.619481241892997
992,3.464377301091074
993,0.9001270842708073
994,2.232432592056671
995,6.944432792619692
996,10.55801413599583
997,5.63852698565848
998,5.6723557205821145
999,-4.308850586430492
1000,13.484396886524499
1001,10.863053485445157
1002,4.745053200156482
1003,5.699223805333281
1004,-0.9745360536628532
1005,-2.7910242498702686
1006,24.494134771713153
1007,5.585050462787298
1008,5.834512316439176
1009,6.116003839639905
1010,3.2791216764872755
1011,-1.267563212233251
1012,4.386946272200796
1013,1.0340197168259238
1014,2.646524392493192
1015,8.95797016253018
1016,3.7846668994384913
1017,6.229922680174424
1018,4.776882866106179
1019,6.416633215951418
1020,0.13781797532328638
1021,4.338717474813518
1022,5.479938941828751
1023,4.582627993033388
1024,-0.42437980763956207
1025,4.1103739235599885
1026,1.476784751198393
1027,0.9912052563408568
1028,8.072926592549045
1029,4.714624780895769
1030,-0.5388039126404316
1031,18.95850462136776
1032,9.731199670139194
1033,-4.75447778405027
1034,11.442276991358764
1035,15.554196535671888
1036,-0.09240000118461367
1037,-2.9199176765333417
1038,8.366877009069018
1039,-4.241117233203424
1040,1.0326316740570671
1041,62.17713088355349
1042,1.7110829506013343
1043,4.64499406764591
1044,1.3091274996718432
1045,6.869000007927677
1046,1.6399727826337227
1047,1.6701674787024183
1048,-1.5284456238876132
1049,-0.8381125081790473
1050,2.8485965938420064
1051,8.504847400032109
1052,-2.893934427884809
1053,10.223317843846388
1054,6.841246004730342
1055,9.19509605350021
1056,-0.18407957573083933
1057,2.0888241617664125
1058,1.2229046959356147
1059,5.769443808420369
1060,2.380965145530572
1061,1.9361566153070546
1062,-0.9907828094471426
1063,-0.39588340575105296
1064,7.866468727949936
1065,1.7059573478891141
1066,1.871225777420551
1067,-1.2620781070555551
1068,-1.0112528995776267
1069,1.4837145477308797
1070,-4.0622738339856035
1071,-1.8047066696471887
1072,-4.13157630695129
1073,-0.733004287574677
1074,3.2735343030629958
1075,17.34182288906887
1076,-2.489490532419326
1077,-2.7581076022912288
1078,7.182162047498219
1079,5.0451117698702905
1080,0.4311528172167487
1081,-3.040606380645192
1082,4.973896894475887
1083,3.6916472596119756
1084,-1.3088981300794122
1085,-1.2391891898366636
1086,16.927355690005395
1087,0.10329773333195222
1088,8.51007758353322
1089,-0.7771812868575224
1090,-4.890270113980011
1091,-1.660817740647682
1092,0.9257309739534499
1093,-1.3477151612686555
1094,4.434672093589099
1095,7.475610561093296
1096,5.659953842787389
1097,6.66382539343905
1098,23.32223383194975
1099,-2.2653802253384137
1100,5.779239427951472
1101,-1.5673161921946424
1102,25.128987145631513
1103,1.5784830993527166
1104,26.932208648943273
1105,26.6737246742582
1106,8.184995900780548
1107,5.760358697695966
1108,6.941527068215956
1109,1.2785147508760044
1110,3.1174063174849374
1111,9.673278035643687
1112,11.565737843384907
1113,6.312222121144234
1114,-2.2103726945061113
1115,-5.6263796626927
1116,-1.1444595025995261
1117,9.575490485206377
1118,-1.4970671836498917
1119,5.74997730928783
1120,-0.12629427766906792
1121,28.527068347710532
1122,6.59585356399189
1123,-4.513526894842956
1124,-1.5376158770433968
1125,4.865170238007218
1126,0.7831231739158593
1127,6.161746648175568
1128,-0.4925154187421585
1129,-2.140075758202456
1130,-3.7278139314790097
1131,6.709279462206861
1132,-3.71799175855743
1133,5.117013364912241
1134,-3.5913977098704617
1135,4.685087957469482
1136,-2.2653802253384137
1137,67.81890161780404
1138,5.567456884134878
1139,7.825018819485708
1140,7.037791511456843
1141,5.034406056328887
1142,-4.497576231694303
1143,14.482065715051988
1144,3.8101811376531267
1145,33.841380607747524
1146,5.745636007679315
1147,4.0334538073738715
1148,7.129791085100983
1149,6.593904331951094
1150,-3.1542424141801453
1151,0.017641784975425484
1152,-3.561900002316097
1153,4.527204158592133
1154,3.675348072781965
1155,3.956130545424216
1156,5.343909109769133
1157,-1.387883116230131
1158,10.948934111410182
1159,10.131768817745181
1160,2.99142362591624
1161,32.75050595949056
1162,7.425738931923227
1163,7.6852348202140774
1164,5.62826084791681
1165,4.094269562306667
1166,0.079316979525959
1167,78.34626437612542
1168,-2.2317188293099957
1169,2.1542022388617874
1170,-1.5441524846669226
1171,8.089895757836786
1172,12.278026413702072
1173,4.394572143916199
1174,-1.443438355514789
1175,23.928030181260027
1176,13.596275811797977
1177,4.1862609447279
1178,-5.866104841288666
1179,3.5827741142553777
1180,-1.964803139485719
1181,-0.23607574163035358
1182,5.0267821830698765
1183,21.187682917784638
1184,7.404015506849861
1185,3.7086942023099088
1186,4.686588938252938
1187,9.853715219221929
1188,14.789667834029858
1189,0.9431566869524027
1190,5.877170922870362
1191,45.52886500345002
1192,4.882475375577523
1193,-2.9751026846009565
1194,-5.199877754633859
1195,60.74040719918354
1196,-2.118132208387203
1197,-2.532161934974802
1198,4.482429350443946
1199,7.119120472225506
1200,-1.0735649936849547
1201,3.2001878089594076
1202,-6.712932139894335
1203,4.109344998131524
1204,-3.381621428537266
1205,5.047948881674037
1206,-1.2948641546315742
1207,-2.13852373819012
1208,7.1287480034159305
1209,3.650042969902578
1210,3.8701956096737447
1211,6.472966998608516
1212,5.209868182276193
1213,1.3607379293168518
1214,9.727082385034533
1215,6.786063219801991
1216,10.147040739027796
1217,13.04598320052693
1218,-2.4946424736567963
1219,2.0305271391643593
1220,8.14135370073653
1221,3.3978531790395095
1222,5.6749573190761
1223,5.0034585056020875
1224,13.11289630003917
1225,-1.5375988087176076
1226,14.416193886327099
1227,-5.185565240536928
1228,9.704071508732298
1229,-0.5989626880718533
1230,16.3948202934837
1231,18.51770115126232
1232,10.607026597740026
1233,0.8675593449276245
1234,8.069994800714237
1235,18.140241842165697
1236,3.6143384670586602
1237,-1.191470090026447
1238,49.570263823216166
1239,0.08017311731412344
1240,1.4710356286886976
1241,-4.108012170546859
1242,0.9878015248856145
1243,16.313848129260712
1244,5.080241640910744
1245,1.5460614772569605
1246,-3.830255575513361
1247,4.662696595312175
1248,3.5831408448062882
1249,18.78890909386379
1250,10.963157720751681
1251,1.3549483982365063
1252,7.882908903311234
1253,-2.9674954913799048
1254,0.4127605155355525
1255,11.5219792247047
1256,2.322961574952073
1257,-2.7645935395303596
1258,4.156135013618237
1259,18.060871798095434
1260,-2.110234431928382
1261,5.142782580080593
1262,1.016422908513829
1263,11.399161533146026
1264,-4.671974816217321
1265,13.632290918129847
1266,6.448339177791097
1267,-2.1128775885115987
1268,-4.572643084229816
1269,14.643896390177268
1270,8.228043963902374
1271,9.5907191864957
1272,-2.2105586782289284
1273,-4.572450884548683
1274,-2.032639462093447
1275,6.901091517563481
1276,6.384629599212973
1277,3.178843397273185
1278,1.5761973079654141
1279,8.268372283519762
1280,10.651011791631806
1281,-4.2119998671392525
1282,0.8978043097458795
1283,2.844060926552393
1284,0.5078040102045297
1285,1.8251085552950421
1286,4.408891250955319
1287,6.051930603413734
1288,12.453796145445489
1289,6.722555355782532
1290,-0.6113898510035882
1291,18.661329027192213
1292,-0.5629528917492941
1293,7.880349573653405
1294,4.9140458350225344
1295,4.757209857475329
1296,12.59470030670105
1297,3.871334238506118
1298,-7.3340610410204885
1299,5.336391004793473
1300,8.58186495076369
1301,-0.6714946016815851
1302,9.383674459754353
1303,1.906057941884923
1304,27.709664960305954
1305,1.7278855760690195
1306,-3.9872521839580752
1307,0.052644005006400346
1308,4.499452739319851
1309,-3.9757873039252933
1310,7.38120115636338
1311,-0.5504951259306302
1312,2.032898337432771
1313,4.441779224638898
1314,-3.737943800016341
1315,9.433279939907546
1316,0.16307410756013135
1317,17.5195766042486
1318,10.315333864764195
1319,6.567806173677241
1320,6.22914898595898
1321,13.549318233674333
1322,6.8967083528746445
1323,14.264919060697352
1324,16.025006227804095
1325,2.7396306224574705
1326,6.922417913703138
1327,6.418696457012835
1328,4.335135262504641
1329,6.877981713285803
1330,1.408136047636362
1331,2.6977822992947225
1332,5.584446637140174
1333,0.4410069206322597
1334,5.267005421432964
1335,10.317907041568805
1336,2.3911540734627246
1337,-3.7429620936973094
1338,0.7963013191364596
1339,-0.10993265164150617
1340,1.1972887000169337
1341,-7.619928096589106
1342,5.6831841211423075
1343,8.447432045695516
1344,3.8087036117616115
1345,10.94446056211953
1346,13.536891757920312
1347,8.10096082042875
1348,8.527679250336941
1349,-0.9091249746924807
1350,8.304166098755392
1351,1.504013106462417
1352,13.606740046910815
1353,8.147490645683153
1354,3.135600193280862
1355,2.3776861796898547
1356,-0.7968899853505008
1357,3.196948219550637
1358,12.760162080368737
1359,6.286672210783263
1360,19.8384612873513
1361,-0.29472728054761677
1362,14.634447044280307
1363,0.7897274121403179
1364,-3.551772795378079
1365,-2.930355966528201
1366,4.262578006843062
1367,7.122407111938287
1368,-2.994711489540308
1369,6.231131594230977
1370,18.208663073465683
1371,9.577627352878185
1372,7.906846533510551
1373,-1.2196510571000332
1374,6.156427511906797
1375,3.099213556067898
1376,7.520284386100931
1377,11.34043802161066
1378,12.834019700679121
1379,-1.9473116569598388
1380,3.612226115651164
1381,-5.127636978154737
1382,7.817174192227061
1383,2.4971924403107093
1384,19.353845721044987
1385,6.576309554458483
1386,-2.208999441085518
1387,-1.0190775011539188
1388,-1.0359162872848728
1389,8.923322864270906
1390,24.292443113599997
1391,-0.824244390891424
1392,5.5515780808873405
1393,12.04917679961239
1394,3.4559400155364264
1395,7.790491832994151
1396,11.2176603882998
1397,8.88233921318102
1398,-5.588129347432846
1399,-0.2104926007035235
1400,2.4892189686729904
1401,-28.24295394217701
1402,-0.4746557844844248
1403,8.035473864168358
1404,4.718693644985267
1405,-1.120732593667153
1406,3.522012123524035
1407,-2.5900366839336306
1408,9.736831074782117
1409,5.249037829140141
1410,2.8317175968865986
1411,12.249635261884782
1412,5.13933403494207
1413,4.781769765039853
1414,3.6727288098087074
1415,-5.228990636525127
1416,-2.3485673245388545
1417,7.986681549068722
1418,2.8160701553394256
1419,4.157456927247371
1420,3.7579789341736842
1421,3.451624150466071
1422,5.213604557249817
1423,7.286249141346264
1424,0.4212575341205437
1425,26.568161531177772
1426,-4.492082214435313
1427,3.1201484038241944
1428,-3.5134907791745915
1429,6.587224934056465
1430,5.488495264374802
1431,4.076263564085668
1432,4.02904579812519
1433,-2.8868416581517167
1434,5.729971218127144
1435,3.5223172181760063
1436,-0.4686004786133757
1437,-2.7732581546937287
1438,6.671178732495583
1439,4.1311457476340205
1440,-4.789389054704309
1441,0.5433871256897291
1442,2.885014124534739
1443,3.5946862117759015
1444,6.609180381895186
1445,4.656477055792504
1446,3.604996351906154
1447,7.294331791862922
1448,3.3145683387969793
1449,10.162494757287858
1450,0.05016741322210422
1451,-3.131183421773069
1452,5.806038310886333
1453,-0.7153005556983565
1454,21.587176486189502
1455,-4.247539363300019
1456,-0.3617977678374459
1457,5.678347723129699
1458,6.181471071519774
1459,4.288424272918959
1460,1.5120861022220238
1461,-1.5646315273930391
1462,5.14587321820102
1463,-3.8664090617600846
1464,18.24212623284985
1465,6.290831825366377
1466,20.478218777139134
1467,8.401161296977577
1468,13.326435712779492
1469,7.052352813185724
1470,1.726058695011286
1471,1.2906018939172965
1472,11.667525253897871
1473,19.817500091372757
1474,20.93623603832209
1475,-1.5084116680544004
1476,-0.24835375433999185
1477,-3.559004867784065
1478,5.229193699235232
1479,11.134787030406315
1480,31.31094629873271
1481,19.388503075275786
1482,10.611415720753241
1483,5.111132587916115
1484,-2.7451819878818133
1485,-0.7461880142475927
1486,-4.041320095910439
1487,2.8203837192486625
1488,6.555539934282134
1489,-4.319392008712853
1490,2.1548791245256926
1491,1.8943613639021168
1492,11.735674782984685
1493,6.52554867342035
1494,3.8959879541189992
1495,-4.2273580839341385
1496,3.8874726834776046
1497,5.393607270877724
1498,2.635223424888752
1499,7.915461174760937
1500,19.12323940601101
1501,4.097541456954121
1502,0.565660189884128
1503,3.3763488419992593
1504,0.4304246329614038
1505,5.397540672797375
1506,7.8374446594355565
1507,4.615714656919444
1508,2.947777519375302
1509,5.373756960160307
1510,17.142431383492536
1511,53.767006762017076
1512,0.33178032686928915
1513,-0.9694632318790737
1514,3.6990389365751106
1515,5.348882095910575
1516,16.701132351229123
1517,2.8962371786734598
1518,-4.677550678106716
1519,-0.4871233267929135
1520,10.5814725705052
1521,0.5544182260625949
1522,9.848512035421452
1523,14.327269957632529
1524,5.545312064194931
1525,6.911186823190437
1526,2.1591807304066637
1527,5.848958291904461
1528,4.850977545056928
1529,3.147771066328405
1530,4.569846820116316
1531,-2.247790573133299
1532,-1.144624844322457
1533,0.8112710205045227
1534,7.742133710482597
1535,10.83333933040315
1536,4.7040194595258535
1537,4.980327319893551
1538,0.991149983058363
1539,-1.2781688213958384
1540,4.821067174038655
1541,7.301743619206982
1542,9.054689331518851
1543,61.2287075996624
1544,3.7090985242033634
1545,4.004961728952688
1546,5.638267860466423
1547,4.470848876652442
1548,3.2063742089757414
1549,-2.1008171102797157
1550,9.628900978700669
1551,0.8504260670622862
1552,5.277774195675365
1553,11.059772872586528
1554,5.5994983792264925
1555,13.430073219378194
1556,-5.846076211972511
1557,5.401178943108498
1558,-4.99602984339049
1559,5.5346319540406625
1560,12.96155962862602
1561,11.211146721406738
1562,-0.5193000553785978
1563,53.34053928353147
1564,10.3799400200905
1565,-1.6478047175448625
1566,24.528140011521394
1567,-1.5483293145037822
1568,5.561504027358451
1569,7.955566239104344
1570,5.3563724995521325
1571,4.132766610804875
1572,7.674581238601126
1573,25.593967490507445
1574,14.273167914100258
1575,3.658505006190883
1576,10.346849165294442
1577,3.993552745901926
1578,8.01103737430424
1579,8.86585059461282
1580,4.668256280571285
1581,-3.9064084692900964
1582,0.9659382947017627
1583,2.1999263151447477
1584,1.3044546860756867
1585,7.77247111663706
1586,2.095442889698811
1587,-2.1629187249787343
1588,4.9190338255686
1589,-0.5317303849565557
1590,6.0151258376286725
1591,2.6965199513561826
1592,2.699091308849712
1593,13.110745578712276
1594,-1.4577494569048717
1595,3.679474198580249
1596,2.5629550265248957
1597,-5.49997037110953
1598,669.3068874359219
1599,5.538494526138597
1600,0.5815835826533514
1601,5.684565043220077
1602,1.9410502537011591
1603,-4.919075616268909
1604,5.955220739006194
1605,5.786008174809978
1606,17.971729687372473
1607,6.744915564392261
1608,1.9165208892756718
1609,20.193023405553337
1610,10.825927760308
1611,1.7335393583521983
1612,10.16372474847472
1613,-15.071292374298743
1614,6.26608049654523
1615,3.1479622203576207
1616,6.566862835246888
1617,4.963225879079465
1618,6.863362652379102
1619,4.794609363958574
1620,-1.3123201669213826
1621,9.429137862804314
1622,-1.5112391575819963
1623,6.376273066720469
1624,2.64592542174793
1625,-4.802546872100291
1626,9.367323684207495
1627,-2.8495972279207495
1628,20.356355857766047
1629,0.2543858757849094
1630,16.05382798141597
1631,8.940414305857157
1632,10.102803082443957
1633,19.112097603214377
1634,-2.7639281996489977
1635,7.008107290779867
1636,0.44375683197668775
1637,1.6835808110550083
1638,4.927096999824242
1639,2.6818685035859167
1640,-1.7338876345208583
1641,2.849833919084995
1642,1.7164314424489255
1643,6.679687501721045
1644,4.14339326222376
1645,-3.5710799646456537
1646,8.575068799790351
1647,5.584873566358599
1648,4.029842493838926
1649,2.3655470367691755
1650,-0.045666661746825016
1651,-3.533521887885791
1652,-4.816925998271518
1653,-0.509933020028982
1654,1.6653629406649701
1655,17.408687781747354
1656,26.753476971528354
1657,5.158312097432067
1658,13.069324511184064
1659,4.46517107256855
1660,17.041613058961524
1661,6.784814936909639
1662,-0.4814264348198052
1663,-5.4927774642234635
1664,0.312797228991964
1665,1.4852087455193126
1666,1.9736487221720411
1667,10.162598622111764
1668,20.930003482673587
1669,27.819303832679704
1670,-0.5900617702529843
1671,3.636927414399829
1672,4.161061053962011
1673,6.264034027269158
1674,-1.4847277743337028
1675,12.845331557937213
1676,1.0962213256565454
1677,-2.243690874413711
1678,-2.535624007423812
1679,10.943879975789873
1680,3.854695483897864
1681,14.40953005600015
1682,-2.549729664368769
1683,1.045940895706483
1684,4.717581663203287
1685,13.206178134679558
1686,5.906917139854062
1687,4.829000104090932
1688,-4.823696155330629
1689,-0.5430295507852365
1690,10.248849132839844
1691,5.765878424081479
1692,-2.636673521518218
1693,2.477881183555331
1694,13.021924879887017
1695,-1.6410636052291374
1696,-5.5658483849855225
1697,81.80121565280358
1698,3.053574810462727
1699,-2.7502566359427405
1700,-3.3588265515692477
1701,31.635026808561438
1702,6.564013345005128
1703,26.96827889991807
1704,-1.9874312138747128
1705,-3.943846565297997
1706,9.45679117062074
1707,3.2459106979533145
1708,2.4364304912830006
1709,5.6128475033598795
1710,1.5355696826741512
1711,-3.697927764966731
1712,2.980869688599973
1713,9.782304440451899
1714,-3.6916542111189736
1715,24.69325535609909
1716,4.701397749833191
1717,7.7589017459525085
1718,4.402458642576553
1719,5.1251253807475186
1720,-2.1384622078740625
1721,-3.7067524542009047
1722,9.444516708093719
1723,27.640507220240224
1724,4.416158984207431
1725,2.314863843710511
1726,-3.350971837656508
1727,10.170612317911868
1728,8.244725894462297
1729,-0.8906777709345703
1730,2.996134996096724
1731,7.486299688386431
1732,3.574539500892815
1733,-3.877285078309451
1734,8.633248505081175
1735,-0.6405708827944465
1736,0.3387478918505145
1737,-0.502453150256855
1738,7.95317257891333
1739,-6.168937503501839
1740,-2.3183492080671635
1741,3.7669956812361867
1742,1.6509009841251376
1743,-1.0922775571839864
1744,3.288862952492168
1745,3.3911408490125927
1746,-30.704751789271228
1747,7.059003456015111
1748,17.762800087873483
1749,8.913513643422665
1750,3.127582425124558
1751,14.309919122363073
1752,47.8494727939825
1753,-3.6787560246244633
1754,7.923675140386507
1755,42.98058706523071
1756,5.016523718908022
1757,22.9827236509721
1758,1.2272754130616639
1759,8.360574944958564
1760,7.279722826255208
1761,8.494686619011633
1762,8.022857414961939
1763,2.2159558091464584
1764,-1.0872168159161362
1765,5.135655637551345
1766,-3.5769967033025996
1767,11.023937742456965
1768,3.720427385318397
1769,3.298974774603898
1770,-5.80439330709975
1771,6.095989200429528
1772,12.178309701084267
1773,-5.382785170784378
1774,-1.8276311568115802
1775,6.937867199132723
1776,4.521336017291224
1777,0.3744422347231203
1778,15.251880556783746
1779,-2.050353110508609
1780,10.901177153032865
1781,3.587253111414172
1782,1.5769942766654277
1783,2.8373237816616417
1784,11.980197069362575
1785,7.837069798156536
1786,5.244502417189408
1787,5.032228172961211
1788,12.985224260606461
1789,5.406594707882103
1790,7.310495428874232
1791,3.1299956700591127
1792,-4.682482042427422
1793,5.494686906503738
1794,10.159087332024466
1795,4.187762495059582
1796,-1.5003393387611828
1797,-0.39442989833916603
1798,0.21333759317328926
1799,-0.14470439368500942
1800,5.068593865023278
1801,7.222937169233917
1802,-2.902790441976633
1803,7.5777428154099775
1804,-2.394487447353422
1805,-2.249634797727758
1806,-3.0189263975749747
1807,5.169142812496624
1808,-6.538185695892913
1809,-4.202485637219686
1810,0.45155051063370055
1811,6.380898991281726
1812,5.61466665520634
1813,32.725484032228415
1814,0.8135134073100745
1815,-4.13157630695129
1816,-2.0771905812517817
1817,-0.16104491952682665
1818,1.9155354621628917
1819,44.72567475301726
1820,2.3633882583685253
1821,-0.678754185666226
1822,0.5284270086125509
1823,6.47015807131549
1824,3.571542210509551
1825,4.159882703134526
1826,-4.285949200501685
1827,0.03277656022243136
1828,12.07348131827107
1829,8.783473993518097
1830,3.6736610961516973
1831,9.2780776093504
1832,27.107792464339532
1833,1.8297307992850596
1834,0.516198082835754
1835,16.156230290799563
1836,-0.5213272046555514
1837,-2.9152738211738
1838,-5.202609231910106
1839,1.859800981357095
1840,13.025443257798246
1841,2.4418431510380927
1842,113.04898391567767
1843,2.274269374146159
1844,-4.230555589732562
1845,11.18362453618706
1846,-0.2511401327746504
1847,3.306764129573272
1848,-1.0526653799939503
1849,8.34967859369304
1850,-3.524487716711574
1851,-2.2468154070924244
1852,8.113900018251059
1853,1.151897171616321
1854,6.422146096720389
1855,-3.5595539206893987
1856,8.805373415790639
1857,11.825509175320757
1858,0.4430773748824631
1859,-1.1433081009234876
1860,14.905322763399836
1861,-2.7689401378914735
1862,35.39827403823076
1863,1.9308205540338292
1864,1.424404295555997
1865,6.26049958919362
1866,10.302254769173054
1867,-1.6072776059028357
1868,-6.048811796799939
1869,-2.86191939879471
1870,2.316984357557524
1871,2.056755596612632
1872,0.23851892681413814
1873,6.153367113250491
1874,4.474174079523304
1875,119.1029881148914
1876,6.786223086211605
1877,-0.4696118066335472
1878,4.125540198241758
1879,18.073389039481068
1880,7.087893105069825
1881,7.3281565632707375
1882,4.869015297193213
1883,6.946486748650569
1884,3.4996326374645434
1885,0.21556811428393208
1886,7.997962126759233
1887,0.4529571001935395
1888,0.354911851293575
1889,4.711613669743228
1890,1.0708012907194846
1891,20.009347127298295
1892,14.513023761485249
1893,8.66462551985616
1894,9.385831907610381
1895,2.9402097563258405
1896,0.5185717886891723
1897,2.563330110781611
1898,34.020084912285455
1899,4.343285041519867
1900,2.408392103137637
1901,1.7174539630766001
1902,4.001092249631813
1903,4.645437717788394
1904,-3.8062613718288696
1905,-4.40480042753847
1906,2.1158080437140008
1907,2.480035994276428
1908,-4.261702495777955
1909,5.127156903350201
1910,3.5387945586607485
1911,0.7487531742467206
1912,3.925649162490408
1913,1.6783398252476145
1914,0.9830831884584649
1915,9.316406032939561
1916,-0.07359117055179529
1917,22.365545062169673
1918,2.7108618060240235
1919,-4.074052393056788
1920,4.707527110796372
1921,-2.95968749897452
1922,-3.313416483510177
1923,3.690137448889149
1924,2.974338999817039
1925,17.653988092388666
1926,6.244851683385935
1927,3.600611686652591
1928,6.930165846625524
1929,5.7144350150930805
1930,18.02090204302533
1931,2.9562561079719805
1932,-2.7018566994799986
1933,27.186433730030572
1934,-3.097399546835289
1935,-4.609947035093004
1936,14.276785465271736
1937,-2.1803146787965413
1938,3.6650347461046735
1939,-0.2040717422929511
1940,7.527576920703247
1941,-2.444910650018953
1942,-0.835881617929234
1943,-0.7269987363150996
1944,18.719985957172845
1945,6.136542330113112
1946,42.510299763771
1947,-0.006651894732191001
1948,0.9460101693985431
1949,-2.725128606739981
1950,33.46761669417474
1951,8.310753927398025
1952,8.761184672398135
1953,2.145593736231963
1954,5.546089885575915
1955,102.52247519340492
1956,89.59508603859439
1957,5.667661634966915
1958,9.191820189847324
1959,8.1313069003327
1960,9.580060980142445
1961,4.885519301074433
1962,-5.438364625033249
1963,1.5783919692810449
1964,-5.592357540628594
1965,4.568227561603342
1966,6.392596836518191
1967,5.925525247640396
1968,-1.3526682858586083
1969,2.431543408957946
1970,15.328921115810694
1971,0.48537550021112846
1972,3.914910366567987
1973,13.220069990191984
1974,-3.28104713472124
1975,10.278803243848976
1976,-2.628905402230787
1977,0.17030506877601398
1978,-2.7206615773425713
1979,-1.4262263248182485
1980,-0.051691772069847056
1981,-3.7356296643052636
1982,78.92968516729428
1983,-0.025793263647586356
1984,4.549587046019786
1985,-3.604584524534161
1986,0.13823383590633437
1987,4.3022629136026875
1988,26.459290031971168
1989,8.932635396420304
1990,-5.283069122582553
1991,3.349600425469597
1992,5.856212735601409
1993,4.148498171552418
1994,4.584697303879048
1995,2.6082143180893693
1996,-3.033503430995477
1997,6.718106283581689
1998,-4.44244462942337
1999,-2.6694580851419643
2000,0.5924776613796056
2001,4.837541940444336
2002,6.428199483998163
2003,4.8345873324183755
2004,2.2999021254746834
2005,-2.603629096138333
2006,-6.153863534628657
2007,-2.5326710418839213
2008,-2.1253174693590804
2009,1.9115597122630879
2010,5.2628468030577045
2011,5.441373834501669
2012,26.849345551425618
2013,-1.7517474025674453
2014,6.479840456392699
2015,-2.800984463805979
2016,-2.5999246771346898
2017,5.727145656904534
2018,6.738321010655372
2019,4.8418840616263115
2020,-2.979119585698657
2021,1.9878267855864313
2022,2.8672198079341857
2023,4.210447034228815
2024,2.8838022187030274
2025,3.311509031750369
2026,2.728229876680311
2027,20.309078989316312
2028,38.00068506697663
2029,-0.7144239920034727
2030,8.529566988452242
2031,10.817443801724293
2032,0.2602358037412736
2033,3.452607203665977
2034,-4.350662105228678
2035,4.444366674599626
2036,-0.36288959429633677
2037,16.673675336784626
2038,-4.254662349192888
2039,1.0288820177071307
2040,3.879662847911712
2041,-5.471679306636661
2042,12.81269041596249
2043,8.454263525696076
2044,11.114072536160627
2045,-4.60356443899604
2046,1.2966690095652775
2047,-1.2183387567221096
2048,-2.3816716962655544
2049,14.228682951047954
2050,35.636023392622576
2051,6.260115051278844
2052,-2.007612941492929
2053,2.3427925690155806
2054,9.670901571649294
2055,4.9753224723738505
2056,1.5706109873330207
2057,3.280190994894153
2058,8.563496225832882
2059,7.7679574400983356
2060,-2.761684991535587
2061,-2.728703848219078
2062,15.177544930296575
2063,14.835979886701912
2064,7.283399914193383
2065,8.325617694510925
2066,-7.444752469679219
2067,16.63596151463451
2068,8.459131724518361
2069,-0.31090202360201563
2070,-5.280022241594967
2071,31.504673734161333
2072,6.530173766150268
2073,18.008682676521946
2074,14.078174566850869
2075,5.1912799831939065
2076,2.4890312240973302
2077,0.6093578845539611
2078,2.338162313820653
2079,-2.710367631767948
2080,-10.84311052422606
2081,-2.0031700021461285
2082,0.3854831716598326
2083,2.802678186567094
2084,5.403160437189399
2085,1.5953907321593825
2086,1.2202225067902357
2087,6.278431461921221
2088,8.369942925016769
2089,-6.117711583661428
2090,4.951025601990954
2091,5.1974053282897374
2092,-4.87354701601707
2093,3.5458210583416836
2094,1.9704402785484287
2095,-4.295157495446011
2096,6.229447433124037
2097,2.2819524155679964
2098,9.16829153145915
2099,-5.891850977553677
2100,6.240801708129585
2101,2.1971283448738483
2102,-2.054548103044931
2103,-2.596888864170121
2104,2.5193627208367926
2105,0.10933871672617101
2106,6.109099708518123
2107,0.15442038540710148
2108,8.690154566931389
2109,1.5203201876901618
2110,7.52119105734489
2111,9.358903600013019
2112,4.269261152113312
2113,9.373559534992896
2114,2.637396985337014
2115,7.552278266803291
2116,-10.83291921610256
2117,3.050614706524739
2118,6.367589194417656
2119,7.865873791982306
2120,26.749512437329575
2121,27.585119427024665
2122,4.948582453771885
2123,3.2233824361921375
2124,11.434024604546424
2125,5.9901486342937025
2126,7.128324687257277
2127,7.676327328380836
2128,10.913507500965926
2129,1.5775191763665786
2130,4.812334317672822
2131,0.5694535736145625
2132,-2.727979961704854
2133,12.486544858282382
2134,8.124719309080616
2135,5.940824145034028
2136,5.957438429836847
2137,5.62885976359051
2138,1.7587452482085655
2139,4.551991188661804
2140,-4.572450884548683
2141,24.6112398065989
2142,7.9500905232247865
2143,-1.3458416630005623
2144,-2.814525187841948
2145,0.3050064111811025
2146,5.300176429103113
2147,-4.04169036659619
2148,-2.354408338908871
2149,12.657456412413369
2150,5.3791232978125585
2151,-2.397871121416422
2152,-6.152491428694415
2153,34.960313352701
2154,6.671340517079097
2155,40.85008274103224
2156,91.4908606653683
2157,14.847006566680014
2158,6.51257213381593
2159,4.629232690187448
2160,3.891285593948918
2161,0.6683238810389198
2162,5.106537829928115
2163,7.017247028094193
2164,5.158533793124569
2165,5.625691195151677
2166,18.41956014496056
2167,78.61155091647332
2168,6.359409197727576
2169,-1.1028814034663057
2170,3.0415058346298407
2171,6.628385560472739
2172,5.360908040949022
2173,6.505121875598829
2174,-3.005338982202559
2175,22.004555188343392
2176,-2.4428861236060286
2177,1.453354270885161
2178,4.217340809446113
2179,-3.2011075276444605
2180,-10.44873212348033
2181,10.003114638539419
2182,14.82845794445763
2183,-4.640695125472456
2184,10.393692625042444
2185,5.59857208233677
2186,18.001173326307224
2187,24.7660824173414
2188,0.6495753455926889
2189,0.3081725313490949
2190,8.740162300241337
2191,2.210558819971813
2192,10.215379702760917
2193,6.413114279566708
2194,15.62632461112426
2195,6.167260887068894
2196,-4.032531416036159
2197,8.740579688054126
2198,9.178726129031114
2199,2.7688845134112965
2200,6.53088355056493
2201,-0.9620406430456099
2202,-0.05678856795249215
2203,5.6321602032956175
2204,14.344284430353568
2205,-0.5794429008541222
2206,-2.921743125038394
2207,5.53935365462743
2208,77.68877057546456
2209,10.576766247593703
2210,-4.245610670480215
2211,6.182367096629579
2212,8.693278209809794
2213,10.78847059681609
2214,4.942557954415808
2215,7.735381525641383
2216,9.991602646899484
2217,10.94446684586722
2218,-1.8733652857686818
2219,-6.807132156925672
2220,0.5467788746253649
2221,5.190036540766535
2222,14.710365075757379
2223,-4.8968755773583705
2224,9.082710213596636
2225,17.840325663008873
2226,9.33233777790282
2227,7.910212884993001
2228,6.1574286475521465
2229,-0.9738883931450297
2230,31.965811517037732
2231,13.5269635122836
2232,1.1674904016600398
2233,5.727479814343418
2234,11.632684128664536
2235,-3.5445206040303674
2236,6.70297530352526
2237,16.020535953397413
2238,2.3882954233668157
2239,13.256037938111197
2240,4.784280070283396
2241,9.154647287172878
2242,9.276371815921486
2243,-2.8495972279207495
2244,0.9312582165683381
2245,3.9073991224785485
2246,-1.2926263374019755
2247,8.416610607256947
2248,72.65683071034479
2249,24.05760299932283
2250,-2.38303736910157
2251,15.31314662119378
2252,4.036021505621156
2253,49.69228516882858
2254,-5.702069662767424
2255,45.42249001024951
2256,9.370190571303642
2257,-3.240864331277565
2258,7.421230860273082
2259,4.184474467879957
2260,6.546563128688958
2261,-2.033020787089602
2262,6.814377171341772
2263,4.722754228229608
2264,7.523272531907275
2265,0.1648667792378623
2266,5.851623928693483
2267,-6.253298189612318
2268,6.012949891071573
2269,176.3732117855918
2270,0.32400289990502606
2271,0.6244376933889064
2272,22.61396600228324
2273,4.92821786404534
2274,0.16413774055411423
2275,1.8401401587237363
2276,12.938745419886791
2277,5.049205937343583
2278,7.784832374293432
2279,-0.5850781919941618
2280,13.359254243849797
2281,12.195465701134372
2282,4.195729103593168
2283,7.421268476568468
2284,33.692739361503094
2285,3.171982929694373
2286,5.686498396022754
2287,-2.1438879311641585
2288,21.947893172048317
2289,4.322411413524159
2290,6.5740663408295985
2291,2.9327401499233754
2292,12.704836019101478
2293,51.044018558553816
2294,3.003107083513898
2295,-3.1969279006501123
2296,4.994235583801159
2297,0.1826810435457375
2298,8.55337704493651
2299,6.9832041426216085
2300,6.018597772832719
2301,-0.25634996894611106
2302,10.715014360218401
2303,10.162954459642444
2304,-0.5441720414012639
2305,8.976236724990178
2306,0.03442864614920853
2307,1.5841755606385255
2308,7.614829353340454
2309,23.48718710893872
2310,93.76850432388508
2311,12.892407653505622
2312,3.9965607819509144
2313,2.535328416699299
2314,13.479366028521024
2315,4.3859446314747395
2316,6.497739639067226
2317,4.143015381426807
2318,11.765223647579207
2319,11.271739396583614
2320,13.542349490487151
2321,8.249614379461537
2322,5.7042266706558244
2323,6.350974314040101
2324,9.247917873600388
2325,-3.7130000193231587
2326,2.6159209592665342
2327,1.9755071717004706
2328,11.72316062744062
2329,3.6985627469198183
2330,6.088976472393993
2331,4.753470048611339
2332,-0.39418969543192917
2333,10.929417450064959
2334,0.001815491336196795
2335,12.978330551554613
2336,5.666312392351138
2337,-3.779411848069345
2338,0.28813005698056093
2339,-3.6342148265689866
2340,5.064233005319787
2341,18.14863690193546
2342,5.452783416462852
2343,-5.22747496078099
2344,3.8716661816670257
2345,2.4972774323039904
2346,5.009760132713937
2347,6.0481042025866305
2348,14.790449382141327
2349,13.357601184441332
2350,5.608741719560691
2351,6.918696308765888
2352,10.661343457965646
2353,-0.34617753838932686
2354,-0.22741801797681738
2355,34.16063206243396
2356,2.582744327801573
2357,2.9001509706191877
2358,-1.3537306250531194
2359,25.494605011044413
2360,0.7843913304705193
2361,5.783913500472617
2362,29.203208016543954
2363,-1.5888633855240752
2364,4.404379908256935
2365,3.0091731727486497
2366,-0.12117446161739642
2367,8.841980625672775
2368,-1.2560957088828908
2369,0.5150159850350903
2370,5.1565030929634705
2371,5.050659831665579
2372,3.6945699902591755
2373,7.984957399888696
2374,9.696092839033794
2375,7.620839704031249
2376,8.189782607514374
2377,4.740798095360594
2378,88.89694493631453
2379,7.475257532337172
2380,-0.7405097025600633
2381,8.739384369252267
2382,28.238964100051216
2383,58.71573844709971
2384,6.323603297436882
2385,24.494210304187018
2386,-2.7342490266721686
2387,2.906412645987961
2388,5.479740680753252
2389,13.141266848630863
2390,-0.2836296204147651
2391,-0.11924870632977114
2392,8.427441868801445
2393,4.919604338133198
2394,5.705781135139643
2395,13.945216817973957
2396,6.905321646268932
2397,7.243898647176302
2398,0.4763725687156054
2399,-2.8698864758680234
2400,-3.4957194445869946
2401,3.019001441008197
2402,30.768706180825433
2403,4.188931288253665
2404,4.256055782596925
2405,4.970726951282177
2406,4.688967355451623
2407,10.881175176040257
2408,-2.701308592033258
2409,-2.6380280022837086
2410,-2.532575232430298
2411,2.0198999899119947
2412,-4.600398395528117
2413,-4.13157630695129
2414,6.66301161314859
2415,4.316427228170998
2416,4.732706206468877
2417,5.777749906588777
2418,6.5783159089427095
2419,5.241990377475258
2420,-0.22117734843425857
2421,57.117044099706376
2422,5.0009914012641765
2423,2.9505547020456127
2424,6.874278875031695
2425,6.727178385485003
2426,7.883824989363026
2427,-1.8671683521977358
2428,13.638345729058333
2429,-3.0433840645583303
2430,2.406241386851809
2431,11.31401329978151
2432,16.010914816895557
2433,-2.868695123623503
2434,7.591377624906936
2435,17.22472218321977
2436,6.324687146756834
2437,9.656702755059506
2438,4.871219742596335
2439,7.095940993129089
2440,12.361796937912285
2441,12.042447599480269
2442,3.928987196278785
2443,5.2408193773301
2444,6.058781449936762
2445,14.683727135716708
2446,0.4658525646512438
2447,6.601316086457117
2448,5.775227664206266
2449,4.018135806959924
2450,3.6574191477882425
2451,-3.645711459108894
2452,11.61558080783493
2453,37.74727593108541
2454,7.0394363794296275
2455,4.91915134748776
2456,-3.207044994285134
2457,13.855592456093227
2458,0.8574418415531349
2459,8.693252006686658
2460,1.0623424200762612
2461,67.93564527371909
2462,5.932232360993646
2463,34.984995413917694
2464,1.7947450507104104
2465,3.601633829168432
2466,25.182596883958777
2467,-1.8271437591169652
2468,4.5947027800038365
2469,-2.151185333628163
2470,3.30153836696931
2471,17.033155021395253
2472,5.646910981363944
2473,-2.5541557176642957
2474,0.9018534498027102
2475,4.073640946682791
2476,17.183175946821436
2477,-1.9196088009609702
2478,-4.879187813901121
2479,11.690592744580309
2480,-3.021609695061663
2481,6.626483116605042
2482,3.0046950288557026
2483,1.8488371114314734
2484,2.951282005222447
2485,18.86731684938684
2486,-0.9944415535459051
2487,-4.640695125472456
2488,-1.4654262870887949
2489,8.304069298584825
2490,-0.8250668770288838
2491,5.316817100603699
2492,0.7826466073560383
2493,2.8872977952106713
2494,9.361556282755354
2495,4.308824208378158
2496,-1.3843068007733288
2497,7.104482366415315
2498,-1.014015699509034
2499,10.004463776221257
2500,-0.8924040700498515
2501,-2.9897250471152153
2502,8.343237433254165
2503,4.659291176889717
2504,7.436673984515112
2505,17.65327724795953
2506,3.1834712913630625
2507,0.8806059872852985
2508,-4.075069353908559
2509,5.795828591241159
2510,-1.840471002234061
2511,7.9759095700439815
2512,5.757081061187457
2513,-5.206398557783613
2514,-1.6073508918088855
2515,3.025513798483029
2516,5.676508067303619
2517,-2.8627558696728124
2518,5.261091543139884
2519,1.508700176783339
2520,-2.7047147244118106
2521,1.3125701632400677
2522,4.4967619854709495
2523,8.600027698429049
2524,2.582148990088655
2525,5.17078774628154
2526,12.72674640155623
2527,8.699175620123365
2528,-2.1289146722868195
2529,3.02447661603819
2530,21.68258037719334
2531,-4.094807674168027
2532,1.5006347093264352
2533,-5.763255553633561
2534,16.08831462377929
2535,9.166848309199807
2536,-2.573281698314654
2537,3.96664515931444
2538,1.4426909330169049
2539,-2.5136902675082133
2540,-3.312792333601828
2541,-6.3745394757968326
2542,-1.8847060290830704
2543,2.3607366161961263
2544,24.743211558816533
2545,3.751709611514631
2546,17.16140481879857
2547,1.552915916404301
2548,7.996609170336357
2549,5.792259511936956
2550,16.11924368956292
2551,6.822632138201724
2552,5.037780541484983
2553,-3.432784095025593
2554,4.972335404011141
2555,-2.495144711774885
2556,-2.0096886150196775
2557,2.5740552158339867
2558,4.409955416337489
2559,1.684055278648195
2560,42.49352657160954
2561,1.3576105041880315
2562,4.226090642629394
2563,8.310826041332566
2564,6.670438383459328
2565,2.4396241512462224
2566,0.004242160383469695
2567,8.746305046339863
2568,12.696690472806626
2569,8.19575018354897
2570,-4.146206726035993
2571,2.826983034526216
2572,9.478963921567464
2573,17.40460673400873
2574,12.644249316981798
2575,-3.1728842853060133
2576,1.1648458884366368
2577,2.294097719785728
2578,2.6154860509793108
2579,4.158889273009805
2580,-2.1508736155907844
2581,7.586927544809179
2582,-5.924715922443163
2583,3.79070705571026
2584,2.4584281294704953
2585,1.0115131282723906
2586,-0.3986976153948277
2587,24.01979260496513
2588,3.526259375631744
2589,8.748800026538303
2590,5.301651848284846
2591,11.025000305508813
2592,6.477679377086497
2593,1.3334957455600709
2594,2.959119383736722
2595,3.3357521841364783
2596,3.6628692622191688
2597,4.357018361451983
2598,141.17262412999315
2599,-5.250264877194059
2600,4.522283701905867
2601,10.838327540002993
2602,5.237142744861722
2603,3.0374811916702162
2604,3.502822984600098
2605,1.5926209780817848
2606,-0.3866957420715025
2607,7.871823303083989
2608,9.361868141483141
2609,6.979799439605834
2610,9.119918919016214
2611,8.948273360065535
2612,15.89934540244745
2613,-4.742582359431903
2614,5.100149299816387
2615,7.791685543577881
2616,4.955786379711911
2617,12.833146519319717
2618,21.78812738139102
2619,-3.4490530121110834
2620,2.8165817392550907
2621,4.181417177210902
2622,7.065301601870129
2623,3.5060258826128345
2624,-0.6061433067599418
2625,4.797438313246541
2626,1.240131728870649
2627,12.664719978536002
2628,3.4595875685881428
2629,6.867230387537372
2630,10.572954446344832
2631,4.6700534040276915
2632,-2.7760447520984126
2633,17.63761624364895
2634,1.5021383609886776
2635,3.3035025653587646
2636,-3.097499472644133
2637,11.281026699040844
2638,-1.051026931881745
2639,-0.30168075850453996
2640,-4.819528487328628
2641,14.670297451357044
2642,12.3040968880728
2643,9.548561671670077
2644,-27.22274133522687
2645,40.6526764030196
2646,-2.7344358563546454
2647,-2.7435249711733505
2648,4.766771340542446
2649,8.400018740978346
2650,6.3113844474004965
2651,15.903382434414052
2652,4.952883812957846
2653,2.8986537693577406
2654,23.264451354243914
2655,56.485098943585946
2656,1.0726573453312642
2657,-5.658944972571013
2658,4.987038476298958
2659,12.437939809730015
2660,-1.7227060682377286
2661,-1.151587620352369
2662,-2.2957953143784224
2663,26.204693005165076
2664,27.430524313324774
2665,8.958556378013064
2666,6.050056075387704
2667,15.99633751811694
2668,41.3169230191252
2669,-4.2194470156095285
2670,1.709765289427225
2671,-5.360504601256169
2672,9.420015555593913
2673,2.231983459761451
2674,5.16858089597244
2675,32.52507202643662
2676,-8.644496518990595
2677,-0.7984640038712292
2678,-2.0884896353808644
2679,4.338592647874934
2680,5.469458020543064
2681,8.120826729725596
2682,2.1837156788254894
2683,5.314963528983594
2684,-0.23311841684743648
2685,33.17070795952628
2686,5.052050532327149
2687,1.7572717474168595
2688,-0.6285012374821597
2689,-5.3154899100945165
2690,0.12745897685654617
2691,-4.664030321327815
2692,-2.4773028166260893
2693,3.7352238227049104
2694,0.6221472061231069
2695,-2.0824105158843813
2696,30.724365953093383
2697,13.29901427488909
2698,12.90515131124734
2699,30.951157055969865
2700,6.978774335314149
2701,-2.4906180418930735
2702,-4.902562961436629
2703,-2.9563062571906356
2704,2.8797914829142086
2705,17.70465228258009
2706,-4.115703355145354
2707,7.229757466270081
2708,-5.266123461999017
2709,5.246686640641374
2710,-1.0654869767844533
2711,-1.605054644505909
2712,0.8550891556233039
2713,-5.562478773852433
2714,5.140868223309752
2715,5.697727994810772
2716,7.140637253405875
2717,4.6684783783927815
2718,-0.2909778218511597
2719,2.3214040544054813
2720,2.7823270250333563
2721,0.6001146276735009
2722,6.43446008102009
2723,3.5473246494786324
2724,6.253155654529002
2725,9.429268948909945
2726,5.936585124682081
2727,10.770054348397583
2728,-5.8757831669197635
2729,11.220810705606572
2730,6.732237141132552
2731,42.33800632182486
2732,-4.13157630695129
2733,8.228061592038976
2734,-4.395650970616407
2735,37.23745233379462
2736,8.61186815803115
2737,29.237948507468005
2738,9.33733214995528
2739,7.630644163917468
2740,3.0693847878976377
2741,-2.916822904951661
2742,7.818654757249672
2743,2.1027564366531157
2744,-5.974249467045835
2745,-3.8104793809570796
2746,-1.0926876517721975
2747,17.975869419448145
2748,15.007465219237698
2749,11.839317564971754
2750,7.18895064064826
2751,8.039514254055135
2752,3.5490408101496675
2753,-4.720411029105003
2754,3.2986162120899136
2755,-0.1873879682629785
2756,4.509989449221355
2757,12.75633784851482
2758,-6.156925965657553
2759,15.045495627723351
2760,8.83749248605545
2761,-6.23599819194065
2762,-1.1178702808537624
2763,3.784545105019772
2764,-0.788349853445542
2765,13.690896867619454
2766,-2.00408798802224
2767,-5.96216684346842
2768,-3.4494559686989126
2769,9.210424864449967
2770,-0.6672671591105243
2771,-1.8559443929256871
2772,3.651059749731829
2773,-2.88658320001901
2774,-1.5763177736740155
2775,7.3580720450750805
2776,9.823860316898505
2777,-1.4989145417614116
2778,4.8077499873544784
2779,0.4252363215212004
2780,5.616631749598002
2781,14.298451342772157
2782,20.936152048473815
2783,6.607548424076357
2784,6.6427745451900995
2785,13.636305220441155
2786,-6.16680843331465
2787,-1.4095412142807182
2788,8.751443154188966
2789,3.584497832645513
2790,-2.7250701545822564
2791,68.01513893155817
2792,6.932845136931527
2793,18.129166385024924
2794,-2.6809246012073578
2795,9.252442944771973
2796,5.7065518584910375
2797,-4.081528713684519
2798,-2.6221741999187476
2799,3.8993666097536464
2800,-0.1276772479988182
2801,-0.5228559424400725
2802,-3.4457970627272827
2803,8.017553092207947
2804,2.5485148813486957
2805,-1.9490369130688197
2806,5.8187570302025495
2807,18.60546078534464
2808,10.163551836463885
2809,1.3143755656633402
2810,-1.839206073370243
2811,31.87801127807485
2812,-2.596447697507381
2813,13.228113702416639
2814,1.0705515849901832
2815,6.350730867634485
2816,-1.1728135239706874
2817,16.781602809845214
2818,3.404192383660661
2819,13.607895520537351
2820,11.047696026340777
2821,4.763633900082497
2822,-0.14481420888158847
2823,-4.613653084392557
2824,15.008241836058104
2825,6.595637824656182
2826,-4.699586508729164
2827,-6.255267008026194
2828,4.378420936831512
2829,-0.8401710252615723
2830,6.670138628778874
2831,4.97870428979651
2832,3.9809992096362525
2833,2.7291583953288536
2834,6.414736506333142
2835,5.002200549987362
2836,4.888837352749109
2837,8.092954017207209
2838,3.6208814954326702
2839,8.289836712420314
2840,2.635688667111214
2841,6.39834061057936
2842,0.8866493455657952
2843,-1.281279803200757
2844,-0.37390057931568693
2845,-0.566801877100003
2846,15.580035477250515
2847,9.012168651947968
2848,4.983583461077485
2849,5.452469153780232
2850,6.77370314941747
2851,8.601349634440195
2852,33.9486319817397
2853,4.042415962389347
2854,0.6496004417206585
2855,9.704892398940423
2856,-3.641958501463912
2857,22.16639023926497
2858,10.255255240832698
2859,-0.6705754618047103
2860,2.370083742473888
2861,-0.28600431790983055
2862,2.3449884036355533
2863,0.42292323578279173
2864,0.3271057993200224
2865,-0.950104094769064
2866,133.82860727282934
2867,7.445247535985115
2868,5.074649754940037
2869,18.15786065321205
2870,8.432291357352483
2871,-1.22840836875477
2872,12.596969611284347
2873,9.860494385174407
2874,0.44540536376718765
2875,13.378248903115152
2876,15.334868185812944
2877,-2.5161939099604096
2878,-1.288666249355071
2879,6.929386256799822
2880,5.965496509449002
2881,13.422348565943748
2882,21.715651775373846
2883,6.459635614640825
2884,20.363942849464785
2885,-0.5684692394219272
2886,-2.739645653282507
2887,12.222519586623168
2888,-1.0447407055455742
2889,9.972676642852079
2890,2.5290005360836805
2891,2.0367102884101604
2892,12.933602207708827
2893,2.705040659098769
2894,3.760565289144813
2895,14.744150786314936
2896,5.660795200722719
2897,47.63791601727762
2898,0.43139414321332703
2899,-0.4171052470859812
2900,7.134261077321633
2901,6.507141075860713
2902,9.028666502769006
2903,7.639393905587408
2904,18.655448583993564
2905,11.562299790327222
2906,3.0540132958209263
2907,3.250121421531242
2908,5.334637449241648
2909,27.156161278256533
2910,19.163332108303948
2911,1.355724339339235
2912,8.79792701763805
2913,115.70066033139699
2914,2.719233356634513
2915,-2.761637591802161
2916,7.995881115604928
2917,6.899103328457576
2918,17.153589530723632
2919,-1.950336972918663
2920,1.9967171055307782
2921,5.899459282292655
2922,3.090507963295959
2923,4.198735808723648
2924,7.693517847223685
2925,-5.406768625391831
2926,5.157101074519915
2927,2.1190282848812734
2928,5.422934910950343
2929,13.974279815520733
2930,6.40490390241497
2931,24.97469930975678
2932,59.77322251555782
2933,9.584512032260806
2934,5.932093364715612
2935,7.042179194386526
2936,4.438902681039342
2937,1.2491584845181376
2938,5.6747873735467556
2939,11.642046696060595
2940,4.331157316737525
2941,6.195730551856123
2942,8.530273503509392
2943,0.08866874392137018
2944,4.956058966582969
2945,4.589044218621108
2946,28.39689005401648
2947,-2.3525515939241743
2948,10.646715129304683
2949,5.957502729420673
2950,4.640205093232098
2951,-0.5418330182374937
2952,6.750237435103276
2953,5.939056081272374
2954,5.091801289601889
2955,3.1445345814568326
2956,-0.9574120954567712
2957,0.019929888048212524
2958,0.3434006639502528
2959,-2.011197171432058
2960,-0.7625666612684888
2961,-2.135827495719545
2962,2.7098825817052683
2963,-0.024978891923888885
2964,6.614330328667404
2965,0.5106688780373979
2966,-2.652662618613335
2967,1.2860032209123815
2968,8.785336245136412
2969,8.940993133500513
2970,-7.070268237609979
2971,-1.0630299544140356
2972,3.9634644905963228
2973,4.66220004294022
2974,-3.008337566693085
2975,0.14080845917336865
2976,-0.7030706388767535
2977,-2.4366578307331648
2978,1.8061749166032617
2979,-2.2980649946023397
2980,3.0128306360898587
2981,3.7778941109570696
2982,19.979300109007614
2983,5.91685103446867
2984,14.06887552153487
2985,4.313424711870539
2986,7.382854274593571
2987,3.9144963645970448
2988,15.587067215011487
2989,96.04795979691622
2990,-3.895890042153782
2991,1.931726026527791
2992,-0.7747283388869087
2993,-3.068531727439076
2994,7.336499803163313
2995,2.6337495850908623
2996,-6.447728428871389
2997,9.424848670765657
2998,1.6657309673767815
2999,-0.4902822840272478
3000,2.731964183708776
3001,5.7166918329210725
3002,9.68407507677851
3003,-1.855032884402197
3004,8.265451230918503
3005,-1.7519923366358308
3006,-2.424614488635505
3007,22.954316094402728
3008,-1.7531667847939794
3009,10.511069598452128
3010,4.765418590167485
3011,-3.3556876976441865
3012,22.457822470535486
3013,-2.8549509790287173
3014,11.972554526227661
3015,-5.300387879098983
3016,5.693846585321489
3017,10.484423850744436
3018,-0.5428642500701691
3019,3.536220127258434
3020,10.471231320120726
3021,-1.5051134937657293
3022,6.575373766087695
3023,0.4690779848812112
3024,-1.0347449150469734
3025,9.98008088667055
3026,-3.2774375364357615
3027,-0.18026628416133975
3028,8.713220029132922
3029,-4.13157630695129
3030,19.956551169968748
3031,4.24508036232997
3032,2.133001655270672
3033,18.186487256059092
3034,4.3692371290336265
3035,-2.9239078542755665
3036,14.292363454570058
3037,9.122554111413361
3038,17.99299622324342
3039,10.314780032914506
3040,-0.7986763659974385
3041,-2.7298635441929724
3042,4.308694689191614
3043,3.6828161424745436
3044,4.210324478834562
3045,4.199105968577954
3046,2.507725213080988
3047,7.488076844549081
3048,0.8031173001991402
3049,10.38223620594214
3050,8.192878782130222
3051,-3.529662219044045
3052,1.789043510327292
3053,-1.8751223882863481
3054,11.43848615740367
3055,31.934922555962032
3056,-2.537254653561244
3057,-2.978575433820419
3058,0.47546132453490436
3059,5.501029131327575
3060,-2.2624448860212794
3061,-4.42024467611486
3062,6.218916462096053
3063,4.074932623237196
3064,3.948543001043854
3065,9.720145066628163
3066,11.080821421375928
3067,-2.1670538534842954
3068,5.857138167882562
3069,-0.3751549003531146
3070,6.724981637807986
3071,13.336973597216296
3072,3.4762440979979172
3073,-2.994711489540308
3074,3.826778156683364
3075,13.180821315858426
3076,18.11462299412744
3077,1.433597183390487
3078,2.7881662470781294
3079,6.7956515874408
3080,4.5422064466629735
3081,9.438112956467107
3082,1.375874774405567
3083,2.3748716755808807
3084,1.2105281452940286
3085,13.99542329445261
3086,3.3344880409321975
3087,-5.3016213425813286
3088,23.364949547089292
3089,-1.345520482923912
3090,5.59643204284496
3091,-1.9666361937220134
3092,6.4366566426516405
3093,-2.437969256176368
3094,2.7187273141181274
3095,2.786604022723501
3096,20.630122347041226
3097,7.661414108353085
3098,41.45091535131233
3099,0.0684370093864814
3100,10.0223333521697
3101,5.61901065217783
3102,26.863494080681598
3103,4.228910616125986
3104,8.31735060105119
3105,98.57465158059037
3106,12.724938860039575
3107,10.420170311215903
3108,3.4635130053736547
3109,5.564851221129373
3110,7.980763839257683
3111,9.782506943655727
3112,11.774487502371677
3113,25.809420023284254
3114,15.999480617240868
3115,6.0452842815319245
3116,21.786977103386565
3117,34.84554067249985
3118,2.0697125654341693
3119,6.958294726825418
3120,4.143975482866852
3121,-0.7948186319516394
3122,4.7608004404954265
3123,-3.790435230490413
3124,-1.2912180809728775
3125,9.195541251930434
3126,26.230281454667093
3127,7.0356858373889715
3128,6.214407378425896
3129,10.770191791838037
3130,5.904312284750359
3131,9.640434587126768
3132,7.678090633208256
3133,1.750379449036593
3134,-2.773473817276309
3135,24.16442479873172
3136,16.918357334110066
3137,-5.865549395012032
3138,6.347886280196353
3139,-4.850725764864424
3140,1.0919091606323192
3141,5.039722862264067
3142,6.547083911078581
3143,2.3425690908008865
3144,4.581689851053783
3145,5.003619617570458
3146,8.64128844324209
3147,7.845476171219557
3148,6.628920275632981
3149,4.643646860469837
3150,2.429260476931568
3151,5.090432856501453
3152,12.571265715628574
3153,8.850128615040841
3154,0.26028473850095707
3155,-4.075231093298518
3156,7.694293513734467
3157,4.80673462095433
3158,9.478748046454932
3159,12.13956286793848
3160,4.814415116218733
3161,5.950007795443868
3162,6.264943282361266
3163,9.66675573994904
3164,5.038386692311545
3165,-4.413779022898656
3166,8.66159746036262
3167,3.53679542332719
3168,15.658227136322694
3169,11.339837322770862
3170,8.99139882514025
3171,7.795993736033418
3172,-0.24020310687301963
3173,-7.689293617956498
3174,-5.208461461738351
3175,3.3627677554507467
3176,-2.609418096369244
3177,4.172573745377271
3178,3.503975893438181
3179,5.901432772262857
3180,2.5122811358711976
3181,6.211209085863499
3182,10.61178619066805
3183,3.101603386781272
3184,40.53778054609865
3185,-1.1984418496218994
3186,-1.4018377276960656
3187,1.2231390270755544
3188,1.4360560698801452
3189,-5.398302027857326
3190,27.934093456076866
3191,-4.81279586391333
3192,20.0433556455077
3193,26.079335845161104
3194,-2.5985380886992333
3195,-4.607094815157002
3196,-2.6430109786892153
3197,5.127343728562111
3198,-2.5763538293744306
3199,-4.269653312340479
3200,12.990233075039793
3201,13.454039969636955
3202,-5.012506865841153
3203,6.390411686216379
3204,-4.091548442860319
3205,5.21239829120241
3206,8.196804392572245
3207,3.897921558285054
3208,3.578291979792616
3209,8.745725897636191
3210,-1.2002699282274758
3211,6.872962724282557
3212,2.269996413013088
3213,-1.1486360359858407
3214,1.0400448702926943
3215,6.119229557098867
3216,0.02264897210636646
3217,34.82046026071967
3218,-2.7693358324768447
3219,-3.835824125297968
3220,7.297665470816375
3221,6.672449534352365
3222,11.501147898805222
3223,-0.4312785770052379
3224,6.78559353290954
3225,13.051041554461097
3226,6.068175321681991
3227,-2.623299870138492
3228,0.4598248121197554
3229,7.859570608922873
3230,-3.3671629446112292
3231,-1.0004265044466691
3232,-2.9026009693233283
3233,14.995069753009538
3234,9.734577415548099
3235,17.020562265350954
3236,-0.5936919445570951
3237,12.665134803613352
3238,6.533412866138032
3239,6.739860417159922
3240,16.65301599808268
3241,8.71067937989211
3242,14.536114087883218
3243,14.538074312754993
3244,2.8551167275495226
3245,-2.096241739759981
3246,7.99396093564052
3247,4.848242125341418
3248,0.7785948175024756
3249,6.072104275217121
3250,-1.8495098479146181
3251,-7.271904356863181
3252,8.872431796008385
3253,15.19812835156576
3254,10.556785734238458
3255,0.9924209447547706
3256,-10.348927857292427
3257,-2.380159378078924
3258,16.024002530809543
3259,-2.85291510596199
3260,-1.1325435005583164
3261,-1.2358034942907536
3262,1.084729377504572
3263,6.816188872684048
3264,7.970825437663453
3265,-0.7611668707200572
3266,1.429852737047833
3267,10.645591702808105
3268,1.0968410131797075
3269,14.770364676519417
3270,10.222663394225382
3271,-3.2960247358255397
3272,5.090864944285167
3273,28.32546950222123
3274,-3.5773731453203643
3275,7.319145542181215
3276,0.4592314714764243
3277,1.2297755403377693
3278,-0.944420673393158
3279,-0.021260217984975377
3280,-5.236761106435785
3281,17.399876675736174
3282,3.708905036465394
3283,-2.783835157476429
3284,4.502998167602401
3285,3.142290911433207
3286,8.272614619879533
3287,-3.296641852664673
3288,14.709480879265492
3289,14.300443238288752
3290,5.240809478204865
3291,1.665944079560642
3292,-2.389044068735532
3293,4.58062053702891
3294,-4.218971332930816
3295,6.410037093352019
3296,4.097933709513548
3297,-2.7146589078514687
3298,-2.7867071091878923
3299,0.20432840749123504
3300,-4.549501197700492
3301,10.682655523481671
3302,13.559223185251806
3303,2.0028529134685487
3304,7.825683130750451
3305,9.19052371130126
3306,5.914629890420583
3307,170.27760111656085
3308,6.705142167024348
3309,5.100331406368676
3310,2.6228349834319715
3311,3.612515365657785
3312,4.238108358011614
3313,1.321411224824985
3314,-4.932952947590275
3315,1.682670306420909
3316,22.127414589810122
3317,12.485408704493798
3318,-4.693833258437517
3319,-6.987832556080793
3320,1.6167203254085183
3321,4.184436843904619
3322,7.769798817191702
3323,5.198101941355722
3324,6.400826229925444
3325,6.308808271104919
3326,4.108662067653166
3327,5.2566764627482065
3328,10.887595397180739
3329,-0.14987780002384307
3330,9.150324856343687
3331,-0.33154843622998487
3332,6.161164936660848
3333,4.820392421012429
3334,176.19402811116373
3335,-2.88948729952593
3336,2.4703891766427075
3337,0.6756991589339577
3338,4.467338635027099
3339,7.543394537472789
3340,6.426172532032412
3341,3.170515135017288
3342,10.074208662689053
3343,-2.2898022482346554
3344,0.5321253123513159
3345,0.5431311430055363
3346,1.0840698426339646
3347,1.3607859570334617
3348,-0.9516275359261165
3349,7.219115082013228
3350,-2.0072406151382003
3351,6.348367140546992
3352,-2.497045360918513
3353,2.5791739064312216
3354,27.20334479373821
3355,30.105325885485204
3356,3.3338464523246603
3357,2.798578450261231
3358,-2.0261551827831252
3359,1.7516863142349601
3360,-2.734342120693074
3361,8.231133719701528
3362,11.0622980998713
3363,23.25322370282307
3364,4.192414163446881
3365,-1.5533919620452528
3366,5.076446545431227
3367,2.444852917087178
3368,3.6852456755789875
3369,6.332723226173341
3370,5.510383059719246
3371,7.860630624237305
3372,2.4949065456295743
3373,-3.21876312523295
3374,6.562245194978434
3375,-0.32787529255348324
3376,12.437842490587677
3377,6.9106950451415585
3378,6.735823720590047
3379,2.7891591850299977
3380,8.57819361870842
3381,1.9553020804830274
3382,1.5342853875458702
3383,5.924452115799602
3384,-3.4125932745685685
3385,-0.11240611017742877
3386,7.976229328178469
3387,12.32548217547158
3388,7.572321801979307
3389,7.358317578892321
3390,42.525927360994174
3391,-1.3280960660290189
3392,4.161314471163561
3393,-4.903970313632129
3394,2.406241386851809
3395,4.38619078873108
3396,-0.9383751170526047
3397,-2.032426918277077
3398,4.696650054111544
3399,3.8687745497634007
3400,18.95008243337832
3401,7.406425962128632
3402,24.165571562996345
3403,8.10544172874652
3404,9.392932937875596
3405,5.721441642021844
3406,-4.06450132856389
3407,5.2283183305321685
3408,29.5256191890523
3409,0.9858381053529793
3410,4.946942408284019
3411,3.6079196608396327
3412,0.7174148749230983
3413,1.7530505827654217
3414,12.981135448409232
3415,7.679721283061717
3416,3.833634542473938
3417,4.740330089192433
3418,1.8847957334383645
3419,-6.525672964773064
3420,22.714899695941362
3421,3.798341302669292
3422,-1.0219928948476313
3423,-1.0693377451337889
3424,2.4778094922989347
3425,15.788557174056443
3426,4.102769664004116
3427,3.2975297864831767
3428,2.671388659025763
3429,4.74925304092657
3430,3.911503373484295
3431,-0.14989953638932502
3432,-5.084597929387243
3433,-2.0276416030649496
3434,5.16795687858743
3435,2.4793085621613957
3436,4.66016953849889
3437,9.651067509482843
3438,2.7193354993302687
3439,6.363516925757147
3440,3.427562733183181
3441,1.4749223883021039
3442,-1.1258537309206789
3443,5.154858501742565
3444,8.184518463690463
3445,0.8973216516534638
3446,10.643658611058985
3447,-3.563844654016469
3448,-5.392521860987466
3449,-2.070719955736759
3450,8.798059870542659
3451,10.136310531122579
3452,4.248052050112606
3453,5.564863874437885
3454,10.050881548647649
3455,0.3870655454572458
3456,-3.092001960533908
3457,14.48437793794659
3458,11.091481376237645
3459,3.469318032533795
3460,4.46499899441129
3461,1.2755738182127834
3462,1.177947329251277
3463,28.394385724760387
3464,7.464824817714672
3465,6.2118637724865575
3466,4.930806547982841
3467,-2.2256822841306816
3468,4.083459980696562
3469,7.597187474672697
3470,5.331151390808815
3471,-2.027827238778832
3472,8.58038238116814
3473,-2.9022470528873052
3474,-0.5469539811481183
3475,-3.9296155999821756
3476,-3.438954579859909
3477,7.614592357440841
3478,5.268249043435085
3479,11.722527497395722
3480,-0.9133524258693099
3481,2.694975461399953
3482,9.210957858484905
3483,2.6443063950945134
3484,14.93997852506957
3485,-3.438954579859909
3486,6.688605337437492
3487,6.060322609163738
3488,-4.259182362335267
3489,-5.8516774040053825
3490,6.058344120114675
3491,4.096375466483333
3492,2.409758196780511
3493,3.598027217583059
3494,-1.2120547992052948
3495,3.2501266500026347
3496,20.838117185287814
3497,2.0433149213104143
3498,-0.4891606168529854
3499,2.435217713816849
3500,11.930219917225461
3501,2.8501300760461787
3502,36.7637888563664
3503,-4.7496383492080145
3504,-3.1056452670435393
3505,7.466132577612522
3506,-4.434527000247099
3507,44.5460967986747
3508,-2.145676560349024
3509,6.188774649447998
3510,-4.238064245301068
3511,-1.849862231383063
3512,6.976513297630458
3513,5.419599143203753
3514,6.207103063908608
3515,9.208443893351326
3516,23.36319367590538
3517,2.9574815978518805
3518,-4.032531416036159
3519,4.954922142643499
3520,5.356722266416388
3521,12.451314179088635
3522,7.050814541032136
3523,12.854355888563388
3524,-0.8257040564456972
3525,12.337970967966557
3526,8.461517366545003
3527,-0.40505501514330855
3528,1.0095631447908726
3529,-3.40130714543887
3530,5.648261528475453
3531,-0.9475750773842883
3532,4.419163056492589
3533,3.1408459769199535
3534,8.538150494292363
3535,6.865489110247138
3536,2.3857665199616904
3537,2.0272593262471883
3538,7.834361085416562
3539,-1.7643550763906035
3540,5.679738166425361
3541,5.901107634865726
3542,-1.4172321943396848
3543,-0.7066155295519223
3544,13.727195688697801
3545,2.367906828107915
3546,-3.8160284906738844
3547,3.1809108596945705
3548,2.811052303773007
3549,11.255349957381426
3550,9.710442707886257
3551,-1.2615334201615453
3552,-1.8098110623810038
3553,4.247259845564011
3554,25.564195218424516
3555,6.513739179263293
3556,-0.04755692278593728
3557,1.1522700844217864
3558,5.263588396028147
3559,2.626440273376302
3560,-6.316444189367581
3561,25.50789440929988
3562,-3.0848837699890908
3563,4.598915349249913
3564,7.678371370009994
3565,14.416543529511975
3566,33.95712828110242
3567,6.136749383920805
3568,10.437030369167523
3569,4.98764664432751
3570,9.832528753236549
3571,4.218837153655931
3572,4.004567592847364
3573,5.686331508186379
3574,6.787023705329432
3575,6.533373237982469
3576,-0.7297528949723642
3577,1.88659363684655
3578,5.133383244049866
3579,5.863877827255827
3580,11.157424498785693
3581,5.849532855389329
3582,-1.5013750017396412
3583,6.013601212349741
3584,4.90422824651324
3585,6.550659682756371
3586,0.4615060940170074
3587,3.72248535802227
3588,1.3056021095520889
3589,-0.6993319769248629
3590,-3.153853067397844
3591,6.876552055042463
3592,1.9902464739888184
3593,7.669157601580499
3594,2.646800315486233
3595,2.156578983424833
3596,-3.163141193183435
3597,2.65325671288255
3598,-5.493494936191897
3599,103.4973812634475
3600,-0.21812789570587066
3601,5.1188864630904805
3602,0.6497599864945307
3603,0.3652934376830632
3604,6.05262521430076
3605,25.731027606691107
3606,9.986800557470575
3607,1.2056444359859544
3608,-3.326757498435417
3609,10.913163328840866
3610,-0.06594619068587781
3611,-1.7261991064177755
3612,4.858186417009394
3613,-4.620833349776378
3614,1.6810593696887661
3615,3.227065561119166
3616,4.903450457706075
3617,-0.7060596562563075
3618,-3.0824803106028535
3619,5.759241378443519
3620,1.2217851858206468
3621,4.542583015903952
3622,7.393758734893439
3623,7.142241673122124
3624,-3.2911571791734415
3625,16.533542962048696
3626,5.623235720916866
3627,4.261730300191738
3628,-2.0617546195793057
3629,4.223306350388491
3630,5.779804388212142
3631,4.065598255225131
3632,-2.77255413832943
3633,7.561753109715806
3634,4.544795567571823
3635,-3.8653067273806876
3636,1.5730864492703844
3637,10.31645674254529
3638,-2.329093406428904
3639,2.6532278858053786
3640,-5.406016328999721
3641,5.864162951630206
3642,20.235253428546407
3643,1.6872310880441188
3644,-0.6686969906093582
3645,3.540627280206297
3646,1.9080752605602194
3647,84.21433757688612
3648,7.716075470510022
3649,5.931948904053736
3650,-0.5420960743303658
3651,6.6563069549520755
3652,5.183285097925119
3653,-0.4774516700592252
3654,2.4482436301152477
3655,4.843507928974155
3656,3.897962860728855
3657,10.375154895192374
3658,1.0477408157940202
3659,-0.9564301380745597
3660,4.168478095652026
3661,11.700267435397636
3662,-4.768143431970513
3663,3.550457849098066
3664,0.4747719104946605
3665,-1.1054014253612503
3666,6.617208665610035
3667,-4.641546412350269
3668,9.622576283929941
3669,-0.6478095039187637
3670,-3.877285078309451
3671,-2.910510704168203
3672,0.6543068143174708
3673,5.805648430732343
3674,1.4465836115921846
3675,105.06247900782414
3676,-4.629183114362614
3677,5.329743014311478
3678,14.951130229732938
3679,-0.04456985310165684
3680,7.267249455089077
3681,0.4099051211051807
3682,-1.9224313079089175
3683,5.364556804070631
3684,4.709923467253824
3685,9.838786773142052
3686,2.897667156282368
3687,6.58998470698507
3688,18.61896308059967
3689,2.2190869120163077
3690,3.5789988725065216
3691,3.8524750142344417
3692,4.8399455816643755
3693,-0.5827514320558487
3694,5.007428827287707
3695,-0.02592248714163995
3696,11.839408427235629
3697,-2.4864211061799377
3698,-4.7242473852945785
3699,1.6433833539056306
3700,6.199677836261917
3701,10.628104816945264
3702,23.711809288361543
3703,-2.0102657882098516
3704,2.4406072162689467
3705,-0.3646269187071849
3706,14.27049446087085
3707,6.459535485435266
3708,3.73185380919423
3709,2.7822810155597795
3710,5.363140335087823
3711,0.5730928493924744
3712,-1.0747270478397561
3713,-0.1787066230582268
3714,3.1062459601373034
3715,26.139380350752802
3716,30.243257556531965
3717,6.859479850663929
3718,13.799833332143166
3719,4.632728287243571
3720,-1.403850387446437
3721,4.895712738900114
3722,-1.984587170239494
3723,-5.839663120842754
3724,74.9188081817444
3725,-0.2821992068029232
3726,5.966903568115534
3727,-3.000628655323033
3728,5.847744813094679
3729,-0.047769434748560255
3730,2.751616410067729
3731,33.95780418074315
3732,-0.7187224184408194
3733,5.762060393973067
3734,8.315270678898434
3735,-0.36960123624150765
3736,6.819198414790328
3737,13.246622265451126
3738,34.859286189426584
3739,2.693976186360703
3740,11.382530829297622
3741,-2.4417830893716217
3742,-5.186485788429552
3743,1.2000826819548118
3744,-0.20351670386261955
3745,0.026068273971409872
3746,-1.4641647437355603
3747,4.276019927039403
3748,2.6101131350295352
3749,-0.04057883588387057
3750,-2.600249046050079
3751,10.463201767548863
3752,-1.832992558508881
3753,17.11906827798524
3754,6.841643846099457
3755,2.4971648172840375
3756,1.0513922568951357
3757,7.5032089292611035
3758,4.740988987296391
3759,-0.6386972486962894
3760,16.278834325174103
3761,-3.6970549585307593
3762,-0.8238822202765775
3763,14.364017648211945
3764,5.775585289270678
3765,6.112470820858012
3766,3.7264755254364546
3767,2.8637273955474365
3768,-2.7286478644664935
3769,8.826375882643104
3770,9.555822971009988
3771,0.7883447936353714
3772,8.241290230767378
3773,15.116378122295465
3774,10.83039129087004
3775,1.3774725480130319
3776,-1.5316848691477722
3777,1.1065581550065986
3778,45.98974149341616
3779,4.796375612127255
3780,-2.2361675982071456
3781,3.015958322550577
3782,6.525124041398889
3783,6.636976044103453
3784,2.6946220032342048
3785,15.28054254570964
3786,29.78168397524373
3787,-3.2662815697282284
3788,127.14549980060484
3789,39.33008047749258
3790,3.2999681103179217
3791,7.6640166743782165
3792,3.1869244161054513
3793,0.23041159355085872
3794,8.550112578900514
3795,-0.8123232532985405
3796,5.891548760172627
3797,6.951985893848551
3798,-2.854980796358733
3799,-2.410993977446923
3800,29.75975833890804
3801,7.118924683125389
3802,7.911224421433508
3803,-5.482822584888734
3804,19.93417337301822
3805,4.049210461571039
3806,36.11285933802609
3807,5.889192887541781
3808,4.06753038385486
3809,7.620257349717214
3810,-3.944540774153904
3811,12.871862822807996
3812,6.32237639754486
3813,-0.3624135854860132
3814,-1.1476944900995043
3815,10.430072312241615
3816,6.895907954614702
3817,5.381712114773144
3818,1.553905175035518
3819,3.275797442552686
3820,11.917051918793256
3821,5.796517129518901
3822,27.7950912090918
3823,3.6165489855161606
3824,5.216116065199302
3825,2.0600929673636355
3826,7.767647578374545
3827,7.340010179725434
3828,4.996203890094426
3829,-1.9753353482435925
3830,7.656309511303146
3831,4.914958362831297
3832,13.504599353655514
3833,3.052220591945134
3834,-4.281820357949309
3835,27.379881491093197
3836,-1.0400937701249573
3837,3.4052535722095287
3838,3.963264922198799
3839,2.970565640608082
3840,-2.3721842383685052
3841,2.900054999541892
3842,5.474802582348932
3843,3.0404246871501357
3844,1.9217443023501413
3845,2.599994470296433
3846,-0.4274839372078517
3847,6.672563052175013
3848,2.3358773361571257
3849,-0.5401527690265427
3850,12.8407899648784
3851,-2.803370253191504
3852,6.5013565659178685
3853,4.574203164316548
3854,4.254246353374105
3855,6.434274512441007
3856,7.155055598690129
3857,3.5908505094993575
3858,-5.96216684346842
3859,1.7175769163528136
3860,0.029642261532255465
3861,8.273380206380576
3862,2.394072456440444
3863,3.950763096354937
3864,8.365028884568988
3865,6.307295372302049
3866,7.927984761565087
3867,0.4172256790463965
3868,7.740699438815171
3869,4.01913982615444
3870,5.971210195841043
3871,8.77146840103347
3872,4.756847030239323
3873,5.906808061986399
3874,48.784158675598206
3875,5.564186930942293
3876,-0.9907996040540139
3877,-1.8629716539973435
3878,3.1655282262281137
3879,4.127453218700251
3880,1.1572335448136053
3881,6.850453964399497
3882,-1.0387898057682543
3883,13.447361638262656
3884,1.7530505827654217
3885,4.278936407892375
3886,3.5311662110280033
3887,66.92666896545818
3888,3.5663910133697474
3889,10.446582276837493
3890,4.7417747907392425
3891,-3.265212765074721
3892,1.67646987719435
3893,3.882360801565342
3894,1.5161675099720158
3895,-0.77478521717319
3896,5.0826360287122405
3897,36.803411267607785
3898,76.53357089125622
3899,76.0399267946975
3900,-4.069785557903289
3901,8.474617799676324
3902,8.46654706370089
3903,-5.183654587859176
3904,4.1213946903836804
3905,-0.6980680837160016
3906,30.01062114930469
3907,3.9169851590445015
3908,11.47207701794203
3909,4.605039050070554
3910,0.3654086920237574
3911,-1.6592475337575123
3912,-4.258426319946005
3913,15.747600971501722
3914,8.157052984652042
3915,-0.21112492371159056
3916,10.713692371521594
3917,5.746760231426357
3918,5.489411314138567
3919,11.401878471552727
3920,-2.211341148595178
3921,6.950179356094981
3922,1.8821864314415149
3923,-3.0997561151773576
3924,-2.4467464525302054
3925,-3.344323797436533
3926,2.5027098146636897
3927,-2.8576512485688226
3928,4.949991120488736
3929,3.658300505172725
3930,4.776883030687768
3931,4.348846650498542
3932,5.681667321143467
3933,30.07630777282133
3934,6.743333252476019
3935,10.61263531536284
3936,-3.884666927449529
3937,-1.215413291021433
3938,-4.783586833376266
3939,0.09194678788697896
3940,6.5254906957555425
3941,32.665608820971954
3942,1.8928802840501113
3943,-2.3464774972367124
3944,3.9293543825423987
3945,13.841819373062002
3946,7.342025422018727
3947,-1.9273768051660187
3948,8.836603205657276
3949,7.872994525325825
3950,4.406129889650999
3951,-0.10675449839033169
3952,12.58516877095886
3953,11.069737720157017
3954,-1.147428481402808
3955,10.168733625144014
3956,3.5934522607953396
3957,2.5181707388035393
3958,0.7943481657712128
3959,2.113004839824158
3960,14.906224915829643
3961,18.914403233794474
3962,2.198710157013306
3963,1.6141797421590605
3964,-5.96216684346842
3965,13.680929828197325
3966,-1.369337796680707
3967,3.8687208371921686
3968,4.737732692099969
3969,-2.8271140104442662
3970,19.804699182967365
3971,4.862114636578571
3972,2.8253337941347363
3973,5.148805670359168
3974,0.8759466867559664
3975,0.3892054546066646
3976,9.274748287881511
3977,-0.001848297889941064
3978,-2.6683542439534085
3979,-1.8663926631032088
3980,-1.455920417986397
3981,1.9914825782196446
3982,-6.69051643998627
3983,25.531190967149104
3984,3.482926764787885
3985,3.6755282440817454
3986,3.5559288427440747
3987,2.875444707553854
3988,-0.5061315119840495
3989,34.210457731174436
3990,5.942636507132804
3991,4.825420158265953
3992,-2.4509844214475405
3993,5.006023612530072
3994,1.672496210753539
3995,-0.1750016237472394
3996,4.932928178564034
3997,6.162644161203798
3998,4.03547901714583
3999,3.1348234352734625
4000,20.019920466481196
4001,-4.398359372086739
4002,24.896254854722127
4003,13.199819056829163
4004,-5.1165122581115146
4005,5.841564878355495
4006,48.77418979250798
4007,-2.102386983464342
4008,8.228548109144517
4009,9.521918954619611
4010,31.054578521606786
4011,5.940929897311763
4012,9.499344809433406
4013,19.66060298492102
4014,8.095328614856035
4015,2.7993513926855984
4016,4.625828314608605
4017,3.36925279482461
4018,-0.5237913190176493
4019,-2.9522805630784985
4020,-1.5592245567872973
4021,9.445051431916644
4022,-2.919866418565064
4023,4.886840628512013
4024,18.08430158223046
4025,7.320695061144502
4026,-5.600505823910156
4027,4.368209568846577
4028,7.483625381587943
4029,1.0858895332400973
4030,15.663578649499422
4031,23.322246684308155
4032,5.037937243694282
4033,8.93425146632818
4034,5.830033060648679
4035,-2.7287416793675696
4036,3.7000440782071853
4037,-7.0610977461895
4038,-0.154032306003203
4039,16.216838083596798
4040,8.05342682483493
4041,25.439472520967527
4042,4.671987252140502
4043,120.50259486924338
4044,6.0311058752289295
4045,1.3874282999910414
4046,-5.903445054754313
4047,6.373624561409269
4048,-2.4986742117102216
4049,6.178549246539417
4050,0.16571087836079712
4051,4.4038129405520205
4052,-6.2497203258129845
4053,4.367284826339265
4054,9.601773057726806
4055,6.35570858470618
4056,47.708233979119974
4057,3.0304943509942945
4058,11.53762044646283
4059,6.8965449232930425
4060,4.1744626421633315
4061,-3.8567289130535296
4062,5.244703014794138
4063,5.50563228565084
4064,4.778433526942262
4065,-5.127636978154737
4066,5.689821397893734
4067,-3.944540774153904
4068,6.438142311534705
4069,8.20085980373755
4070,33.02439629802178
4071,7.492826086434013
4072,9.287610924591675
4073,-0.49750970706439673
4074,4.982546470038493
4075,-3.5651645751353778
4076,-4.059645375414052
4077,5.310656937215475
4078,16.43841748478996
4079,4.58043846378559
4080,8.332528627808388
4081,15.514501694360497
4082,1.1657577025448014
4083,3.9921724949681057
4084,0.599863942978585
4085,4.3815940047403465
4086,-0.46409310783546187
4087,27.44290284300312
4088,18.458090385127065
4089,4.620677733167444
4090,-3.348713380724176
4091,5.2156745486365645
4092,-2.480144125154515
4093,-0.540721538262295
4094,2.8181306789989984
4095,4.842876804008803
4096,9.283743948639794
4097,3.728845789837839
4098,5.002016510165848
4099,6.220048265844579
4100,2.7229286363619014
4101,8.406128393167705
4102,18.563728996584985
4103,-28.24295394217701
4104,6.188408600270337
4105,15.600570711400488
4106,29.146520828119073
4107,6.090426977167129
4108,8.555293506172678
4109,7.1892545453581675
4110,6.492852837067459
4111,11.06864211323319
4112,12.407051608342819
4113,6.137086230134802
4114,7.210919172178167
4115,3.8903284507984335
4116,22.433990670054897
4117,5.705555488214648
4118,3.3693996452888966
4119,1.8112456709910727
4120,-0.7698321807880788
4121,9.07167638395957
4122,11.985198029517694
4123,0.48241880341425303
4124,3.995643546890627
4125,7.255338725480789
4126,-5.250949084712544
4127,-1.2193549094060763
4128,10.21840526947769
4129,-2.2993903199187073
4130,2.5371597577642713
4131,2.096501047166505
4132,101.1815538471566
4133,14.420549149019806
4134,6.7056436892830735
4135,9.743288015967545
4136,131.37483419556483
4137,-0.8998456580553152
4138,1.5999832385171717
4139,7.722845342466197
4140,10.767095189337933
4141,7.129326214240059
4142,-2.199315499043551
4143,11.01600347476874
4144,-2.7394602245215935
4145,-3.2111284323160882
4146,8.891807126632337
4147,17.346041640041026
4148,31.07444235657905
4149,0.4268617619306628
4150,3.655573626255627
4151,0.20153937207943917
4152,-2.872053367550035
4153,-2.2586488298675036
4154,-3.7410367673948866
4155,10.960920039484543
4156,-4.731319758415
4157,-1.4245851159194105
4158,5.77149091130102
4159,16.143206720675238
4160,-1.6991706888767673
4161,1.672536535962178
4162,0.5258409555761487
4163,12.136523713025477
4164,-3.3183890142431895
4165,7.865697073703756
4166,2.680495471882602
4167,21.198349776144696
4168,-4.640695125472456
4169,4.844986299452296
4170,6.744880338812276
4171,5.396533179887524
4172,5.344216780004569
4173,29.174229826079088
4174,4.261458008911648
4175,-3.8162492334063045
4176,7.033647827737508
4177,0.4040478692503797
4178,4.33222867221862
4179,5.610094063648467
4180,-0.9844715489809304
4181,6.887128000248821
4182,11.036225927951602
4183,-2.588958143339028
4184,-0.2027035106949352
4185,3.3577084124272205
4186,-5.44109730018894
4187,2.108851586957088
4188,5.869594710075081
4189,-0.8270723659372565
4190,-1.945114997839088
4191,-1.1512435972216437
4192,10.340054658108587
4193,-2.7409173535021942
4194,5.887570379364526
4195,9.552263212994221
4196,20.283831303726767
4197,31.57884658079269
4198,-1.529227513143452
4199,-2.946232029602073
4200,4.140838765595294
4201,10.39985608542857
4202,6.7081460267344015
4203,6.268827117809932
4204,12.126611933006997
4205,1.2560606445266533
4206,-0.8819575875972305
4207,-2.205209668971323
4208,13.609528766245921
4209,7.83475922445545
4210,10.77321095144582
4211,5.605470458598254
4212,-3.870395463838422
4213,-1.8869250877069428
4214,-1.51007780626143
4215,3.597435514831368
4216,11.402819121608665
4217,0.8017076722932347
4218,12.920970770705702
4219,3.720139236432551
4220,28.993329092943142
4221,6.984208041362151
4222,7.0279633511369735
4223,8.738030592080484
4224,2.7099796938084424
4225,-0.6599788508543816
4226,7.8091858493482835
4227,6.229089400989925
4228,4.849082141112531
4229,4.034892550971324
4230,-2.6117257525034097
4231,-1.6127410192666105
4232,48.57841674333248
4233,0.5874578386022489
4234,5.684942356797862
4235,-0.04710050691254469
4236,30.8119319474069
4237,11.851195036274191
4238,5.3965425490015795
4239,6.0357660674520535
4240,2.0887394276482607
4241,11.924581747934848
4242,8.608103808013642
4243,20.88000035204047
4244,11.058929312415023
4245,53.20694497338795
4246,2.821478382773835
4247,12.94726718848641
4248,3.8349946632599003
4249,6.983939895888399
4250,0.8370073224385954
4251,18.79066782057002
4252,4.4063464322638115
4253,12.18374403625355
4254,8.227423875444723
4255,5.088707665902751
4256,10.620031747592943
4257,3.8864168205486056
4258,104.01354862088958
4259,5.231536740469469
4260,9.985882104928505
4261,4.548308082392267
4262,20.860590721131437
4263,8.149059237630514
4264,14.099497921443326
4265,-2.4923477881594422
4266,-6.190191971530185
4267,3.13293596589
4268,14.96212014692023
4269,14.47107284325696
4270,-2.6219780792784606
4271,3.9799107409270644
4272,-3.199948955481046
4273,2.4823807567396607
4274,-1.6202777033505746
4275,7.868176554118047
4276,1.2214616406640568
4277,4.940420112965606
4278,-1.079488035175003
4279,17.230588690348544
4280,5.855841703362639
4281,10.592645247943848
4282,8.941287743519723
4283,4.027169135239299
4284,11.653789401192958
4285,24.496549909894654
4286,0.8431633568484009
4287,2.4151467670796314
4288,27.302261660344666
4289,0.5020094500813386
4290,1.6771426557365698
4291,2.875716376535618
4292,-1.5646938281093403
4293,2.352142810845198
4294,1.0233706372808828
4295,-3.6615294979886435
4296,-1.5227808605731916
4297,8.13777670004558
4298,5.0343443632847595
4299,-6.22093848153677
4300,6.384629599212973
4301,12.965810457408661
4302,11.116106631065163
4303,-0.5061744676061926
4304,-3.113018166453691
4305,-4.1285787780822165
4306,11.29442232058225
4307,5.377785152982659
4308,-1.220685203521193
4309,15.72770859201287
4310,7.851006472827006
4311,2.5279172483877064
4312,14.426307852037683
4313,11.343833387272355
4314,4.451162305180983
4315,0.8115391598844623
4316,10.466147368728228
4317,5.030141121161223
4318,2.8975854289783447
4319,3.4026464310854028
4320,4.624750717495492
4321,10.85035728212663
4322,0.7734272654380555
4323,-2.559819384882384
4324,6.375067880268894
4325,-4.048362414348885
4326,5.189906494329195
4327,10.128440966248675
4328,5.216141789334053
4329,3.631589657806028
4330,3.3243962053551
4331,5.2791012451532175
4332,-4.8752112214416705
4333,0.35200700282777075
4334,-0.789613061374412
4335,-2.847742740332539
4336,-3.930597457696549
4337,5.656578359578244
4338,5.887073055009554
4339,6.598218142089209
4340,7.781928782700735
4341,4.897209952431552
4342,2.5753613202672407
4343,11.406214226933766
4344,0.6546862492311689
4345,6.390347987066386
4346,4.628926181553785
4347,8.541809530244889
4348,2.95055024542982
4349,-2.6953498459619256
4350,2.538508623431892
4351,13.749668855288885
4352,-1.5184967777621565
4353,8.329616336193288
4354,7.226146722839668
4355,14.043655105128511
4356,9.60373324871385
4357,1.4715325986792602
4358,-3.06001980890367
4359,11.18589950257624
4360,19.152721361957862
4361,2.2766858580270553
4362,1.9326749102790612
4363,-2.8660540357425637
4364,7.233661791326279
4365,6.7466664099071565
4366,2.951970871470837
4367,3.9045589758293557
4368,8.592860478465335
4369,7.902619711976649
4370,28.085366866146586
4371,5.922317527070066
4372,8.60026013044906
4373,10.116201726858467
4374,13.28368641397018
4375,2.752657219141282
4376,0.7558073413622792
4377,5.447241098256364
4378,3.2319793525652454
4379,24.843493398210292
4380,7.182261974830273
4381,2.4395146870485678
4382,3.2943959033161727
4383,-3.584768590993383
4384,21.618863472202012
4385,7.297166329160557
4386,3.235015040136695
4387,-4.071722450796708
4388,-0.6825518859000497
4389,5.210325866151973
4390,17.605377126927586
4391,24.996348387629055
4392,6.716204607206648
4393,6.137446355475539
4394,-3.8664090617600846
4395,-2.5263622650915374
4396,3.5295961850872404
4397,4.081221864578138
4398,-0.8762698182681781
4399,6.343236660198807
4400,7.125303654321665
4401,-4.235999060164494
4402,11.240206099621188
4403,6.284691951263109
4404,0.4129942906700176
4405,-4.062656503162941
4406,8.95700113460013
4407,16.360183549690955
4408,8.422354805955253
4409,-0.25700209970902776
4410,0.6565452453347734
4411,7.548021269478425
4412,25.433575525850486
4413,8.245965850935928
4414,5.474923341351231
4415,2.394127240854584
4416,2.041720965432107
4417,6.409843488582646
4418,1.0458253642778268
4419,-4.542675261918024
4420,0.3059334925204631
4421,-2.0901384995831576
4422,-3.0288915784244947
4423,3.7646247010012326
4424,4.89437887837088
4425,5.0502180938029495
4426,6.732460352740809
4427,-0.5675339490167502
4428,-2.349697705389372
4429,4.3164440833829705
4430,2.79833569308437
4431,-3.1660772328399784
4432,4.260568312065363
4433,-13.557727382209308
4434,-14.172993230830599
4435,1.2873057321308152
4436,6.411184271782229
4437,15.261692856500748
4438,99.53753834705628
4439,5.3613493507833585
4440,5.137238768892699
4441,7.876401769009518
4442,-4.525581723918799
4443,2.8273772214513353
4444,4.483204359832364
4445,5.011746185728292
4446,7.0992203969778975
4447,2.3299633861677935
4448,-2.4871869620177165
4449,6.793762647714105
4450,106.61481669378772
4451,15.1743769071421
4452,7.130338815855945
4453,5.704093605524793
4454,-3.5942151462533993
4455,-5.259943294447473
4456,9.757086149440976
4457,-0.8308414174300963
4458,-4.812313603931169
4459,32.594991543875025
4460,-3.91176188937217
4461,4.932982718483446
4462,3.8328820336889775
4463,10.578907086721468
4464,0.37386307812740893
4465,7.087463002498133
4466,3.6980682526023108
4467,1.186568424151102
4468,4.7506948927758526
4469,-1.6082119229028171
4470,22.061156771235105
4471,3.8122373581696696
4472,-0.26852036993373785
4473,4.4626463276789705
4474,-4.40444999183474
4475,0.5599276745117439
4476,-0.1479096310980807
4477,6.697540331818993
4478,41.745639882480816
4479,13.212550931682149
4480,3.2046613405457514
4481,6.587563270016724
4482,2.406241386851809
4483,3.3174971659629717
4484,9.589928459333752
4485,9.474868701952389
4486,10.9614271189204
4487,9.425121257979532
4488,3.577372631369565
4489,14.337782230347033
4490,4.811803926926142
4491,41.53398984937067
4492,4.243443650787949
4493,8.219222064616075
4494,63.03341170873162
4495,8.802547449597988
4496,4.8068279559137315
4497,-5.5036687330133045
4498,9.446448587099184
4499,5.1486846130640425
4500,-1.1161705774843198
4501,10.133364803372267
4502,15.31218563946305
4503,4.571874661814118
4504,-2.075727548892277
4505,8.145129085009179
4506,9.763435038499583
4507,1.7720703301756178
4508,0.643328687728344
4509,-0.9131041805841441
4510,17.851932151998135
4511,10.666993247783166
4512,-4.9307362969156285
4513,5.051288490505325
4514,-8.675983689863532
4515,3.0130236133403656
4516,-4.186414711777687
4517,8.41307692129508
4518,11.660990859500888
4519,-5.3154899100945165
4520,-2.2404913541178906
4521,-0.9493096320856851
4522,8.972496286098641
4523,3.935859086262284
4524,3.1426987286997203
4525,4.882504601122482
4526,10.576494693128485
4527,2.6302610931836625
4528,-1.5373079681455608
4529,3.5953066436576404
4530,15.896599274950344
4531,13.667267970178983
4532,0.07685535874648936
4533,2.6014702040789075
4534,-0.8342023535687808
4535,660.5721932800494
4536,-0.8166809885150024
4537,2.2402353517565308
4538,11.400148113141023
4539,10.397502689790986
4540,-0.6644933248818382
4541,-0.5127963242841489
4542,3.9245767987488227
4543,7.4962400685923765
4544,5.789411428502506
4545,3.991562059430238
4546,-4.032531416036159
4547,-1.5011423869965088
4548,0.4664663622264368
4549,104.010000284353
4550,1.5542381592292707
4551,7.203618009680841
4552,2.3421444197231134
4553,3.0626039483264726
4554,-2.697821079626378
4555,3.885422950963796
4556,4.752602657275034
4557,6.54800923837327
4558,5.374179560706995
4559,3.6413236346721622
4560,-5.298429386065252
4561,27.482996089225036
4562,-2.1206655714155684
4563,5.175106948205364
4564,7.30413269483952
4565,-1.3212542043946165
4566,-3.314338083703465
4567,-5.722735600673046
4568,1.5226256933369866
4569,-4.214862972502111
4570,14.583579404403638
4571,13.984780515265852
4572,14.301880325802276
4573,7.555605139416135
4574,6.51461326889026
4575,7.6633052134791715
4576,-5.570672340670839
4577,6.499076232982575
4578,5.951166728056204
4579,9.71939085851549
4580,19.05565027638697
4581,3.282586606292206
4582,6.859798274632335
4583,0.7018456586506026
4584,3.311356992646065
4585,23.329416296594204
4586,-2.6966316885205517
4587,-2.644672405188443
4588,20.351897877358603
4589,2.8150250722627916
4590,-6.3663188023731445
4591,18.174801119233116
4592,-1.070776053149249
4593,3.6205212290582813
4594,11.473463722017415
4595,-2.2507992074849104
4596,1.1049660814127118
4597,6.79134908365398
4598,4.106232095311818
4599,-4.872536644519122
4600,4.117808231722935
4601,0.6720317704008587
4602,1.8445610444869498
4603,-4.761100818698656
4604,11.977138415595086
4605,0.8467456438231358
4606,24.613664092495807
4607,4.932519357863864
4608,4.263017861765266
4609,5.45622332773498
4610,7.369966229312991
4611,6.069603982379399
4612,21.248036072737364
4613,1.1875146581409382
4614,3.809004205967073
4615,5.686307925908983
4616,3.5758673039697575
4617,3.2491984121582433
4618,4.286961212330112
4619,10.188288093463301
4620,4.9801574114039315
4621,0.931708286892584
4622,6.168423489476521
4623,11.99773288740664
4624,-0.08590881086054122
4625,5.857217049110252
4626,9.451616627601599
4627,3.3426672461241527
4628,5.324478817401361
4629,15.867553924081196
4630,7.578464657339309
4631,-1.8174402224838773
4632,5.117244984226556
4633,5.58250863653522
4634,-2.4746994965618176
4635,-3.25795792438264
4636,4.854266529474023
4637,7.578612426072039
4638,8.755045995843664
4639,6.346343940071622
4640,38.79994224351351
4641,-1.8753692789137744
4642,7.734988169076818
4643,5.727650000664987
4644,-0.9897589814484491
4645,2.833704358648352
4646,-0.30095826225949723
4647,39.78581655348009
4648,-2.3286283436458937
4649,1.0285510591045899
4650,-3.4210837621688435
4651,6.694335440961988
4652,7.858165782044026
4653,6.56816256104225
4654,0.5730394362139253
4655,0.9189936580846975
4656,27.400413986442466
4657,39.53099027702963
4658,7.877497039155721
4659,5.929115071565221
4660,10.587341527325577
4661,-0.7429729961476719
4662,6.505487556004119
4663,-0.6838145194235801
4664,-2.4922254625318403
4665,7.063883300645335
4666,36.660284017344374
4667,-1.674479840213126
4668,-4.477431266139455
4669,7.173265544634505
4670,3.9077877110893624
4671,-1.928432665781075
4672,7.235522862802493
4673,5.499144530439679
4674,7.212411654917524
4675,-0.48774745463717006
4676,13.784684160974603
4677,29.876730429904846
4678,4.805475330219275
4679,6.560986289669895
4680,1.7520770233805907
4681,-4.542035028481611
4682,7.253160056464237
4683,5.734187650870053
4684,7.852420571918455
4685,-0.4715115812047592
4686,-4.91581162301245
4687,1.80839732437801
4688,3.135329479290068
4689,0.7447575576874963
4690,7.468511833134571
4691,1.9323696316152088
4692,-1.9496960211805372
4693,8.121421579170221
4694,1.238284060485869
4695,6.920829171952105
4696,2.5813262692921772
4697,-3.943445767487013
4698,3.1939868715231814
4699,3.3903372891337664
4700,-3.2667881090891235
4701,5.1834322181040555
4702,-1.2839686554328145
4703,-5.620570591962825
4704,13.393690934005566
4705,4.281533833862891
4706,2.0914003915531443
4707,2.143289230322134
4708,11.441352422286993
4709,-1.3499988270597776
4710,-1.7748139326589525
4711,13.366184501612759
4712,5.857599227203028
4713,4.727616022264305
4714,-2.171830334919979
4715,-1.229425869292824
4716,95.65217573374824
4717,10.716207189952822
4718,-2.8944254011298853
4719,-0.6737482314960782
4720,-2.9703310579600393
4721,-6.016515645916527
4722,7.755538946394166
4723,3.9440941483220118
4724,18.606328357055922
4725,5.271429914082866
4726,29.44658969733056
4727,2.0541565062433653
4728,3.9451005416408575
4729,10.66353061033212
4730,1.9649724642831696
4731,192.84437064327238
4732,-3.194312288261842
4733,5.488875773666432
4734,11.434837304911968
4735,9.953551606138909
4736,-1.7487542648839365
4737,1.2346086892188448
4738,13.619585941685163
4739,6.572680578361052
4740,5.837726655935407
4741,19.387867117376956
4742,5.96516134374001
4743,11.845508195642424
4744,7.360442506950658
4745,14.46076020674025
4746,-6.714843119585236
4747,0.9839127156150873
4748,5.632800532243302
4749,3.0558892717828425
4750,6.402446125208124
4751,2.8083912757073493
4752,24.49126557669128
4753,-4.679077355042165
4754,11.366227333927927
4755,0.7428987895148388
4756,5.8161087212123626
4757,14.674612941660017
4758,1.7206059416249053
4759,19.540594292488016
4760,6.446763212555935
4761,19.905364498643415
4762,24.332028033988486
4763,7.179423934129249
4764,2.1655484081476066
4765,2.492338839288524
4766,4.12294432775959
4767,100.9165078656664
4768,2.928748053311059
4769,-2.4139209210422954
4770,-4.85624331598804
4771,8.583731381127762
4772,9.730717896235387
4773,15.796664775548983
4774,1.0142805996707454
4775,4.384680594858637
4776,9.429059765054012
4777,17.062095267779885
4778,6.2771480515928
4779,-5.828497463842775
4780,12.626917496828042
4781,5.8986545889919135
4782,7.205408830916589
4783,15.564629943145244
4784,0.9523572728086758
4785,16.207189341369787
4786,-5.848613391138332
4787,81.97270129404492
4788,28.74789229335663
4789,1.8094596447340385
4790,8.420009620731388
4791,10.83957180696341
4792,1.7988083898791125
4793,-4.54677061385132
4794,1.973472498356725
4795,17.557564780222105
4796,1.1486026119269153
4797,661.5117306295612
4798,1.0729714007177535
4799,1.0297586474921854
4800,9.931218222398353
4801,17.303804130194955
4802,4.211745314005456
4803,-2.5881609269767463
4804,1.2959445837933425
4805,4.720494132858842
4806,5.4440942655020645
4807,3.499412907796508
4808,8.995091345895592
4809,8.961477102890644
4810,-0.4769170609578758
4811,2.5175112972476636
4812,5.272104103386873
4813,17.348632111603692
4814,4.314730446898392
4815,1.619362923539955
4816,5.094737086593448
4817,-7.104289027496636
4818,-3.6602572450728648
4819,7.5240445524205875
4820,16.64543575261385
4821,7.371071013138165
4822,3.228639092029152
4823,1.9066418197050212
4824,6.143231883248375
4825,16.26706732917865
4826,1.9739324513997114
4827,1.603718641210543
4828,-0.5625990092541968
4829,-1.660817740647682
4830,4.5612068768296465
4831,13.843117397344757
4832,2.9488385316923234
4833,12.393095185631072
4834,4.225751955875348
4835,6.377231201121518
4836,-4.810072358843148
4837,3.0000344353298467
4838,-2.452532077324934
4839,8.041490035577588
4840,5.780348366365925
4841,3.5663159431762623
4842,0.7946024915139218
4843,2.383093823569272
4844,-1.149971441490317
4845,0.5724796818490663
4846,60.01082677023692
4847,0.21871010835959204
4848,0.1943584274964955
4849,10.885514671384252
4850,17.245940889633463
4851,3.1902913969821816
4852,8.200381134219757
4853,17.7088732203556
4854,54.39901609079077
4855,-1.493232347571734
4856,17.744284128000082
4857,-2.002303778217327
4858,-1.9131627720250932
4859,157.08139336201003
4860,5.786999288841739
4861,2.8121824018863317
4862,10.692356953219122
4863,-4.308616118370711
4864,1.2593463851811044
4865,12.811767159928962
4866,-2.7656712314920426
4867,1.1843953229598694
4868,13.892231472202772
4869,10.671692227373631
4870,-2.940716546761424
4871,4.1652556182979295
4872,5.808438459305251
4873,-3.3824545472541416
4874,-0.03522736347964761
4875,-3.702793624902701
4876,0.9128758542219082
4877,-1.8348734475044517
4878,7.528817592977202
4879,2.586341283952595
4880,119.34900310291906
4881,0.9547151426012603
4882,11.159547378966012
4883,5.006602941011843
4884,-3.170089702436424
4885,7.217912304038309
4886,18.120402167276247
4887,11.67193950575081
4888,4.340703119415592
4889,7.774895466133689
4890,5.924786678113411
4891,1.3383297434082646
4892,-2.9698140722148976
4893,38.84955801466333
4894,7.639384954038119
4895,10.148616916107365
4896,5.03546055599205
4897,4.123278024136459
4898,16.410807585040946
4899,0.2895640577399298
4900,3.378020904552322
4901,4.779590621914654
4902,11.445364959051957
4903,4.971221934351276
4904,2.406241386851809
4905,6.508025710962652
4906,7.3446814100824085
4907,-4.019319719782336
4908,5.752966264701812
4909,7.717440120394745
4910,-0.17105219246657696
4911,-2.3985194223255992
4912,6.637112352142729
4913,6.367689017762197
4914,6.607246199254732
4915,-2.6139071896391344
4916,14.218146685944445
4917,0.7017513913964007
4918,13.442339010923803
4919,-1.1163348724664446
4920,9.160050819232096
4921,4.487605426153468
4922,1.646015805463565
4923,10.414647703387839
4924,-1.0648467212497805
4925,8.277410336839724
4926,-0.4356827472426808
4927,12.243788192837872
4928,12.335990782615003
4929,9.908136559851972
4930,6.052838475124595
4931,5.96925569423907
4932,5.134362377914364
4933,0.6432948965257033
4934,0.700586081620867
4935,5.94095232580137
4936,12.450383624319063
4937,0.7456166865127195
4938,-0.6049600737117451
4939,-4.3131411120927545
4940,6.5189909652630895
4941,4.09548171474146
4942,-3.2190581542736725
4943,5.816948204552455
4944,-0.15769917696200408
4945,20.94862462704993
4946,4.553396924475168
4947,2.5880879523211
4948,7.119356890804189
4949,6.7248014677447685
4950,7.151488784024301
4951,5.281029637486215
4952,-3.043546905475319
4953,22.616813365359736
4954,14.349902593742087
4955,12.797272252748893
4956,-3.251800018975338
4957,5.401996708695318
4958,12.546818860391575
4959,-1.7468676702360986
4960,3.609183971567309
4961,-1.6468207316486518
4962,7.14505354548179
4963,3.6614541977750292
4964,1.764229055852371
4965,2.8186917485282152
4966,-0.07721339396633979
4967,0.829727650892512
4968,3.155886343734786
4969,8.269952580275293
4970,12.553977222611532
4971,6.969195844578728
4972,11.496732176743404
4973,2.025671049492004
4974,3.737233338751264
4975,-0.7514016705969191
4976,-0.33164073251444043
4977,9.149093048070686
4978,-0.998973747615141
4979,-1.740570391338284
4980,5.852696700834184
4981,13.7256930005161
4982,-4.285949200501685
4983,6.716608964461816
4984,1.7073155846423713
4985,5.838872481240784
4986,9.652984107576781
4987,3.575611628905828
4988,1.899859531377085
4989,16.8326906753695
4990,5.085081744813008
4991,-1.1433081009234876
4992,6.755915989667344
4993,0.10501785032870731
4994,-1.556715874283404
4995,9.875460694033755
4996,-2.2596968940493225
4997,0.3550405360842078
4998,65.34430679074921
4999,12.624889684242037
5000,2.812787690145943
5001,1.7024379894634976
5002,11.80216667101444
5003,3.3405957188670055
5004,-10.614397399950235
5005,-4.927787569043878
5006,3.5344581176675884
5007,-4.5581205758501255
5008,1.2835267926197136
5009,11.974338937549334
5010,8.978474294338533
5011,3.3648828079033977
5012,-0.012525393446706778
5013,3.9005132991763296
5014,4.032807379694643
5015,5.063865662630148
5016,7.927816615562028
5017,7.977063116449411
5018,6.121175685936272
5019,-0.696839968082785
5020,3.818980214765886
5021,-2.3026867661970614
5022,-3.9556970378440743
5023,3.9971860390024174
5024,287.12637285518366
5025,-0.8845585066688632
5026,1.0000020606575435
5027,-4.717802629770225
5028,68.32935126675295
5029,8.995956943530366
5030,5.505584282832352
5031,8.519677855807394
5032,-0.9293662879510087
5033,8.01855908351384
5034,41.887484453287534
5035,9.734582430096786
5036,1.4182111161908264
5037,9.819317649739896
5038,5.292380309458256
5039,2.9470417370122206
5040,9.959740528659022
5041,9.031502764339505
5042,160.14250921833596
5043,-3.4354640386441964
5044,-0.8520127856078282
5045,-2.3609815005998223
5046,9.789003927542343
5047,10.017318961004406
5048,1.0901943201649495
5049,17.97443959230127
5050,10.220553738487787
5051,-2.2464966595024425
5052,3.925341404737492
5053,-0.06312250410521969
5054,1.8925417441105623
5055,-2.446208995807373
5056,8.786885913017786
5057,2.7217441867105636
5058,2.5691371354733414
5059,-5.038398986108891
5060,11.473021945756095
5061,4.150141998824788
5062,1.0066342526562289
5063,12.329502424059266
5064,-1.4217316195702425
5065,6.030632923200372
5066,18.049600657550798
5067,-1.4881306643047332
5068,5.85267529359095
5069,5.949944305852953
5070,4.8978026286730785
5071,-1.0626344022717689
5072,-1.4177835234796903
5073,2.1732826108111034
5074,4.6798223947897055
5075,6.594981042939598
5076,-2.191723144139174
5077,4.029819350754185
5078,5.544061470465817
5079,3.8312925698950018
5080,7.781437278675612
5081,6.4585666098407355
5082,-1.3185842239149022
5083,10.641098100555466
5084,37.82984388947371
5085,3.45903404943268
5086,8.20831353883768
5087,5.742279546018883
5088,23.809047483712057
5089,5.771385790170711
5090,10.082695437882283
5091,1.2248305555425638
5092,-7.095681486666808
5093,161.97231425355926
5094,3.040991537020153
5095,3.871304281679765
5096,4.563930836424744
5097,-0.6892636570738809
5098,10.463404901114163
5099,6.316879100329407
5100,-2.1355750345984355
5101,-2.229328575049608
5102,7.715952426978095
5103,6.755733421563257
5104,5.433945739250194
5105,-0.823664321671808
5106,-1.1410191243979433
5107,0.09528947390511824
5108,3.7068888189517635
5109,3.6921349474319602
5110,0.46559923443868667
5111,10.215709011544966
5112,-4.13157630695129
5113,-2.576504917373346
5114,85.18256721918624
5115,1.0259843764470147
5116,4.202819279854832
5117,-3.411998605080052
5118,12.608931716477944
5119,-0.9815519240495842
5120,-0.4408077692559691
5121,12.254035167784213
5122,-1.7232638335828114
5123,17.38222585322569
5124,6.559055612086787
5125,9.307108293608309
5126,10.228638415518954
5127,5.316356925656372
5128,-3.953330141366559
5129,13.359305721329612
5130,5.891349995093522
5131,6.425829523431944
5132,21.822659019173148
5133,5.058218817072703
5134,4.935642054630117
5135,6.559055612086787
5136,5.172770383454312
5137,9.030505927878023
5138,-1.1238657231493354
5139,1.1388716185438392
5140,5.915179914665884
5141,5.004129367995384
5142,-14.290156106938756
5143,2.1507801402765807
5144,24.215583980561497
5145,39.503486817969616
5146,-1.8191405389857231
5147,-5.501242712116353
5148,-1.6127627065656278
5149,3.5242338882676965
5150,16.440932707538046
5151,4.470193709209759
5152,17.28551826546389
5153,12.845538024298627
5154,5.379983151427304
5155,69.00635818606294
5156,5.539655694111386
5157,11.98788763127155
5158,5.909379591797417
5159,4.758914969046607
5160,20.397576831272886
5161,7.545264444931405
5162,2.8610443807717645
5163,2.1571628015384956
5164,72.93294000105217
5165,4.93312214520793
5166,5.46086760144738
5167,16.231168218361518
5168,2.589222617307335
5169,4.772989264278417
5170,9.260055340008929
5171,0.20527273659447887
5172,5.099065876155231
5173,7.353003650939992
5174,-5.0783667879581
5175,7.777656025743345
5176,-3.674242624996792
5177,12.554041311396011
5178,2.641435474211199
5179,4.763080881055947
5180,-3.2062092828784055
5181,0.2927173091248094
5182,9.028337795582495
5183,7.066612696196499
5184,-3.1222151476978937
5185,2.5055001972757687
5186,10.712776666781085
5187,-4.387273718044929
5188,0.9562850197351297
5189,2.3219522858996675
5190,102.0251861072912
5191,1.8723152789736308
5192,6.057067573890132
5193,35.161435874651524
5194,5.0508371846392714
5195,1.3382722096785749
5196,4.339091988171572
5197,-3.8423333953765066
5198,2.9892923986382227
5199,0.9057864726773238
5200,3.751509600706899
5201,-1.0646011295318183
5202,3.806870775654062
5203,-2.4383069876778523
5204,6.762549361601792
5205,5.1195735073804505
5206,4.428975298536633
5207,3.7923305651699577
5208,19.496642541837467
5209,4.4060762507677715
5210,6.624195919404194
5211,9.275622371145055
5212,45.55748728519622
5213,-2.8370411982058283
5214,4.761477074979364
5215,4.377583691770006
5216,1.2426650000011032
5217,7.039349837105003
5218,11.148469694646334
5219,1.2749079401202554
5220,13.759627585026001
5221,19.660956378205185
5222,4.297759900436349
5223,10.350893600885573
5224,-0.6520236406864206
5225,2.5341284798249797
5226,3.738309954240666
5227,2.4337738961850297
5228,-5.512925446898279
5229,22.05689606704903
5230,8.135076425060426
5231,31.961324772160086
5232,0.8418125897696669
5233,19.08090766941106
5234,9.387967995835165
5235,3.38900958378475
5236,5.095958585107626
5237,10.37394441422123
5238,18.47601091075658
5239,3.275731240384723
5240,-2.798941921862961
5241,2.0373805441151593
5242,-3.9308254581924413
5243,3.483178157594419
5244,9.689860361494437
5245,-1.2581475280059842
5246,1.2545384540964633
5247,10.690513833052272
5248,7.998265413555025
5249,64.6535380744169
5250,-1.5813403057463398
5251,7.107792515955486
5252,-4.13157630695129
5253,-0.3725288595250583
5254,13.795824719382761
5255,0.9323892382256772
5256,1.9583334432804536
5257,9.84876669237918
5258,5.532918229472074
5259,6.957094664864655
5260,1.9937285602111248
5261,8.98460690047855
5262,3.5736004879701557
5263,7.338807199986778
5264,7.995858028320324
5265,-1.8126130753956466
5266,-3.0781949985521813
5267,22.750388466834693
5268,5.666830050172612
5269,1.7233927037771
5270,4.033151789429966
5271,5.895961341791109
5272,4.572098709380888
5273,10.662700861636706
5274,5.761510511256354
5275,-5.4137170517331645
5276,-0.2760884358878762
5277,40.11003631618985
5278,3.349918722439446
5279,2.320879234632967
5280,5.494192006979409
5281,11.223070481784328
5282,-3.507767601080764
5283,29.048028761823304
5284,17.760691000200126
5285,26.528404503349126
5286,-1.3035401245168965
5287,0.12423170693372476
5288,10.253865688810407
5289,3.299754862367422
5290,1.0890352244436747
5291,0.8796227812441104
5292,5.482211503206042
5293,-4.395650970616407
5294,-3.4708949725349214
5295,8.400146409768425
5296,6.034270333246692
5297,3.735392866225672
5298,3.71519238924272
5299,5.353726624392941
5300,15.840375590731403
5301,151.58398098103817
5302,5.417370261592597
5303,7.061947317401726
5304,12.917382324090122
5305,8.328899488123092
5306,-2.576324592882524
5307,19.012678691545684
5308,-5.734645615165699
5309,50.61161028985687
5310,2.921811706287637
5311,12.802542828785919
5312,4.156003529589589
5313,2.857583967418449
5314,6.8004740642805155
5315,7.990151455261709
5316,2.1576583991447267
5317,17.4544760386676
5318,-1.5816750939640927
5319,0.5055954554387119
5320,-1.450312818109193
5321,15.275048965761329
5322,3.542592845858864
5323,1.6818354380506746
5324,21.04553358649767
5325,-13.727321058072702
5326,15.273942811176887
5327,14.240841537315376
5328,-7.117564536392363
5329,0.6834321603021345
5330,11.865522865906414
5331,5.383655899320562
5332,12.958798760864829
5333,-1.9198990777467868
5334,2.2057171803448243
5335,2.0982223285873975
5336,31.457775560435003
5337,4.549571785839705
5338,8.577113705934218
5339,1.83413688829019
5340,8.909425695575639
5341,4.959306118344637
5342,45.72772688283254
5343,32.18859536909705
5344,7.183214167389672
5345,11.336500455242367
5346,-3.717916782797287
5347,0.28390037122198697
5348,3.785648184356392
5349,0.5162689058727438
5350,19.287357046355602
5351,-3.3635319360077522
5352,-4.7343897411565425
5353,-3.3588355761788558
5354,-2.8545924832099985
5355,6.363213163048494
5356,9.53561325605644
5357,32.18890645925876
5358,6.322431748071807
5359,2.458434438108131
5360,8.385550253067262
5361,14.076315973306494
5362,-0.34617753838932686
5363,3.812102928676156
5364,2.7483442293280467
5365,6.334405164407912
5366,0.037399008484171464
5367,6.224237417290094
5368,5.200578806218344
5369,-5.123337137608642
5370,6.604096763647868
5371,5.74180030683161
5372,6.285516001378283
5373,7.77058366280299
5374,8.641016614547679
5375,-0.20500068612453443
5376,10.911008107904301
5377,-2.7068631157592966
5378,5.979354902156111
5379,-0.4462491260445852
5380,8.73739987088776
5381,5.781330668354764
5382,5.982745886837927
5383,-3.717916782797287
5384,-6.164331302143983
5385,8.935724112411053
5386,4.192837554448804
5387,4.405546333097953
5388,59.563479099880084
5389,6.911380023504271
5390,-1.0740490822748137
5391,4.768159729229768
5392,4.475160558542486
5393,1.2969083034556803
5394,-3.5562765197436255
5395,7.9986179314241435
5396,14.807991768590437
5397,9.623110764872887
5398,-1.5186653039524756
5399,1.4966679082528396
5400,1.4503254943698476
5401,-4.607094815157002
5402,0.9469223894749931
5403,-1.287191166330677
5404,14.006011723297974
5405,5.44517113635462
5406,5.707790037463195
5407,11.780458758703064
5408,8.119195393690608
5409,5.902135633105498
5410,6.135572030392857
5411,10.398758540311599
5412,2.5921618708550147
5413,5.482116702330127
5414,6.8619016947188385
5415,-0.17437859328625502
5416,4.698439302180065
5417,4.767719678750284
5418,17.126666826568577
5419,5.135742041054806
5420,-1.7261307125527032
5421,-2.001061177745001
5422,2.177349026694006
5423,6.7405946162097825
5424,24.521542112087886
5425,3.6862062894880143
5426,-2.8219789330593237
5427,9.548230949503434
5428,27.545875676116825
5429,5.258078497746947
5430,4.349403591366893
5431,3.0825643870073067
5432,-4.51166971298756
5433,13.315649767902757
5434,0.6506267314482229
5435,9.889447337947745
5436,3.2732284808758587
5437,4.226077328567654
5438,18.447412761250273
5439,4.868659802314766
5440,6.485804063847027
5441,1.054479318988709
5442,-2.5543813108369497
5443,5.399484953223314
5444,3.358411867556787
5445,6.178039381087899
5446,17.75755364697982
5447,10.558364157907338
5448,5.546374428431555
5449,2.7883187935982088
5450,3.687759805594749
5451,-3.388269326124093
5452,-4.468685135078049
5453,3.837502831434417
5454,7.193135029479247
5455,16.679713866388113
5456,-3.2774375364357615
5457,5.517303667399711
5458,-6.386208014190138
5459,7.066871129813832
5460,-2.553387716846557
5461,6.9633639730024575
5462,-5.118743318866758
5463,-0.9834768876703761
5464,33.159680496499405
5465,-1.1733230467268434
5466,2.2541133005462957
5467,4.1631038253188635
5468,9.975043254423959
5469,-0.48328642733209115
5470,4.801538265552963
5471,7.050676398989264
5472,14.506050074509712
5473,3.421222589529736
5474,4.462403721031342
5475,3.871728300167888
5476,2.7959183434779824
5477,27.96731405172662
5478,-5.4009255120837505
5479,38.98698597958962
5480,5.732038264726483
5481,4.417737401052286
5482,40.571553730017364
5483,13.201484228190322
5484,7.055181483561144
5485,1.5223766010196447
5486,15.436769561313245
5487,4.819730515207407
5488,-2.1940906046680113
5489,-3.9940021707861226
5490,6.88202557912588
5491,8.425959255653947
5492,23.04232285718511
5493,-3.0532328814663803
5494,7.58080878322545
5495,5.8216131401202595
5496,3.2797159929276813
5497,0.1341841374089462
5498,7.63668567753176
5499,9.208750720465307
5500,-2.3345364874120933
5501,3.208997765989081
5502,13.633295253316865
5503,7.635491273357082
5504,110.85038433552552
5505,12.706684999617167
5506,-2.7321313502460995
5507,4.306119743090771
5508,12.041661526042144
5509,7.8416560427295146
5510,4.382133729073651
5511,6.627119779136658
5512,2.036758055967626
5513,3.770028859283669
5514,1.535749855073942
5515,-1.2714045039278452
5516,1.62875090696079
5517,19.698265917056197
5518,6.548054315617577
5519,7.791579892312823
5520,18.126206430523446
5521,3.1486658193456205
5522,4.107910291587558
5523,30.770587443299146
5524,3.4069209876465982
5525,5.204508246781858
5526,1.5074755086774647
5527,1.5836765812961928
5528,4.235437853268153
5529,0.47575823748921164
5530,1.3197014788238832
5531,4.924149151895133
5532,2.866861369980442
5533,5.259647660441665
5534,7.480805796561633
5535,2.5935712146699466
5536,7.077666245365078
5537,10.764076122488035
5538,4.175734488172456
5539,2.251355851324641
5540,8.527941270195697
5541,10.978539465011504
5542,-2.703285674443405
5543,1.1959177683781306
5544,0.03891472429538262
5545,80.55426284859858
5546,-2.720588431400661
5547,-0.22259251143027042
5548,14.506730626356468
5549,24.00168178327856
5550,4.35121154778742
5551,-0.537124015710821
5552,3.7023609004848463
5553,7.758397648642644
5554,-3.31258127722882
5555,1.2393903916906128
5556,8.133560045750858
5557,2.011315115206969
5558,26.242220295936544
5559,6.006263403559363
5560,21.780018038689782
5561,1.0596530184138941
5562,0.21582862671497627
5563,-2.994711489540308
5564,4.130615895908609
5565,-4.032380353911909
5566,4.059845482245486
5567,3.574297931827922
5568,3.707257135782481
5569,3.659652154761404
5570,3.7532323093738293
5571,-3.314747475878198
5572,4.9639741602174405
5573,13.738383244924746
5574,-1.991593085388252
5575,-2.5004460212833526
5576,19.584601167847687
5577,0.3096243448074205
5578,2.3276743149835912
5579,2.30226062024102
5580,6.676000999890643
5581,22.060685883790583
5582,0.9882554250545428
5583,2.4708930127819997
5584,4.11825839925558
5585,-3.0268219630719337
5586,21.177148669875216
5587,4.367694040098512
5588,12.451317421984282
5589,18.217003215858696
5590,4.018479011038514
5591,-0.18016603484598617
5592,-4.663277185835633
5593,5.955486080435245
5594,-0.36697858030078334
5595,-3.0938875307206173
5596,1.4014027902585573
5597,3.7406822329987675
5598,6.558665642556694
5599,6.6481755099439335
5600,8.95029212310943
5601,6.1106132856734705
5602,-1.2081509533502768
5603,6.98737726976561
5604,-0.7106145326353515
5605,38.183567432482505
5606,-3.6048074420100344
5607,6.0259444929907335
5608,2.529570705470756
5609,6.313809745636314
5610,25.180046108725925
5611,13.999885660984496
5612,6.913290827166316
5613,-2.787748668144938
5614,16.09234828360544
5615,-2.4974497980325774
5616,2.7456505618038283
5617,19.78201278725958
5618,4.718542278498374
5619,-3.7898183323037977
5620,5.507459395775911
5621,3.158781506622552
5622,78.11145746762124
5623,2.883522220751737
5624,2.4993797176735595
5625,-1.253973767607274
5626,38.55705707274155
5627,13.2880506666326
5628,-3.444863460622844
5629,-4.054805803421307
5630,6.2447156747820705
5631,-0.742955601720353
5632,-2.6696389529684303
5633,33.832012442284686
5634,15.129040027798201
5635,7.29354777603305
5636,-0.6337906375159672
5637,11.264616496386518
5638,-4.224238920293986
5639,5.251812945078823
5640,-1.7127940934414148
5641,3.1240496266330227
5642,2.398207666062964
5643,19.53095860264792
5644,4.431780218099265
5645,4.298452808912768
5646,-5.950039699013853
5647,-1.1768461059076971
5648,-0.08288197384731422
5649,-0.8135547907502017
5650,8.111931776412883
5651,7.336920669272211
5652,2.613293311830864
5653,0.02374925997384103
5654,-3.028838410512879
5655,-1.61418494259562
5656,0.05502520124375332
5657,0.6218615242927039
5658,-0.47362506936973364
5659,8.305360101465702
5660,-8.097167810946011
5661,5.6043745335603
5662,5.334418148803028
5663,5.436719843089479
5664,9.477552654834899
5665,0.5321570982231578
5666,12.941073377558965
5667,7.688544805112764
5668,6.127280966884303
5669,-3.3511943781085396
5670,5.6976968064758875
5671,4.67998338081174
5672,1.2360668792178382
5673,-0.13655074231640824
5674,10.989373876402764
5675,39.392811705729095
5676,10.369804657558044
5677,-5.658944972571013
5678,9.342998007692003
5679,3.8457854646978564
5680,1.4118680929030303
5681,-3.4904968834228103
5682,15.062150308035287
5683,14.22290601876379
5684,3.8343910334711966
5685,17.448384066155086
5686,2.824381228468776
5687,3.117114880246079
5688,13.783253364054922
5689,10.286146752099713
5690,14.721376125619695
5691,9.014023148654815
5692,5.32615383073713
5693,-0.9855220982348207
5694,2.5945617560748016
5695,3.552601043477493
5696,1.3427384194187382
5697,-0.690568936082478
5698,-1.1267844411313868
5699,-2.302250124303674
5700,-3.2802306295380053
5701,2.4055202697366402
5702,-1.4910926619037814
5703,18.78547410427283
5704,-3.223422433888172
5705,6.631651703888635
5706,5.867431894793553
5707,4.24158362330368
5708,5.117264527449775
5709,4.379502313801227
5710,3.74628576592465
5711,6.413841115775844
5712,-2.947154795427342
5713,8.963357077802788
5714,6.924283507420477
5715,5.140215953084159
5716,3.1214590306529795
5717,-2.2833009930593287
5718,3.5552765482498607
5719,-3.3433677473992685
5720,3.9377779169945923
5721,0.7183253388202683
5722,6.523775997918836
5723,9.620935114117296
5724,3.41418351024897
5725,-0.544741082490311
5726,-2.4869516366801614
5727,97.14611016723661
5728,6.177716829675764
5729,58.15675707089488
5730,1.5879519676737943
5731,27.791547219529114
5732,2.7866710678164006
5733,8.65458759176082
5734,-4.54677061385132
5735,9.434942245161718
5736,14.082116948207545
5737,2.5124397175457363
5738,12.392267210097652
5739,1.3604767780343843
5740,15.219725605296738
5741,1.5118977533813185
5742,0.8580713733459662
5743,29.421824067548933
5744,12.718264208198816
5745,5.217691577791301
5746,-3.8265388641990703
5747,9.387953654350975
5748,6.244168175935096
5749,2.9660641151159988
5750,6.078566524437562
5751,2.158910633999864
5752,19.226755380368267
5753,90.08326188296817
5754,-0.8031724060605684
5755,11.659198176071293
5756,-4.412260944192777
5757,8.81523952057067
5758,12.002513088175622
5759,-3.979756175817159
5760,0.23335097635729557
5761,38.3725394796585
5762,5.220793419191486
5763,-6.199679550748252
5764,0.3881727736051861
5765,3.467236180013646
5766,7.3688647164601
5767,6.028734444851203
5768,7.117085056221384
5769,6.451227520254134
5770,6.2054331036960555
5771,16.63955007916932
5772,5.905341299619303
5773,14.922899892777924
5774,-2.001545708047067
5775,3.4266824773636317
5776,2.940535496997213
5777,5.826922634980197
5778,6.611720706475593
5779,-1.1187270363138344
5780,-0.1059571950948151
5781,2.557517021496894
5782,2.6652587647069756
5783,1.7228698226907724
5784,-0.6527091585485683
5785,4.447661116132263
5786,4.719734784269896
5787,3.583588977282349
5788,11.636115940284242
5789,31.895573884369274
5790,2.877005759288826
5791,0.5651982491253857
5792,2.512858214633109
5793,10.19157575073353
5794,70.74018660169718
5795,-4.640880108318669
5796,-2.7028715311004605
5797,2.9268897948553922
5798,-0.756999232823302
5799,-2.8824951197345188
5800,3.71630474151227
5801,5.8689024397111575
5802,-12.799172571932068
5803,-4.5915313161022375
5804,5.689161499033361
5805,0.8770694671504031
5806,9.549404986768142
5807,-11.950402617821386
5808,3.893717842390225
5809,33.199612439611265
5810,4.666752863178712
5811,-5.487585580060795
5812,5.709607557076252
5813,17.706746437319705
5814,10.86761796808162
5815,1.2443718360805378
5816,15.074975475798336
5817,7.443757129794081
5818,3.8806777479143313
5819,4.773891461586112
5820,9.605834324773655
5821,-2.827314933119929
5822,6.006197509048106
5823,6.807847525227814
5824,3.3056549942552165
5825,9.989095330743048
5826,7.215666641780031
5827,7.90618322399551
5828,7.632983630285422
5829,5.772597885384474
5830,2.7223317423352738
5831,5.352574774201929
5832,4.597110593622431
5833,-1.520443569326313
5834,-2.0687658872492998
5835,22.994482251568666
5836,4.542923262396487
5837,10.533522546837794
5838,-2.931825010624781
5839,9.075656326481731
5840,12.540570168743322
5841,8.671387877389172
5842,5.774958057603207
5843,-0.08377750223362537
5844,-2.1520315917398483
5845,8.491375847021366
5846,8.25219453775797
5847,1.6201558221687913
5848,4.525115935159527
5849,13.106058771001615
5850,10.397378075455968
5851,13.401497064878138
5852,6.3705133585025155
5853,6.461171329211737
5854,29.196137828824533
5855,-0.6882673330988076
5856,6.3516821117571824
5857,0.4148116382777424
5858,-0.5972212332320168
5859,10.5216300755886
5860,12.085520732658644
5861,-3.8343966898738957
5862,17.21180918700167
5863,9.664007588387026
5864,-1.6728689358901638
5865,3.3075833130897756
5866,9.953844343587175
5867,4.736649987605569
5868,-5.317887492167382
5869,11.041403218463545
5870,3.252750375303939
5871,-0.1666399223815186
5872,5.599786040388685
5873,20.603462339073754
5874,4.445624819630642
5875,15.177701973806547
5876,9.839564288844468
5877,3.307385382077513
5878,2.6481498526111853
5879,17.46002973516067
5880,4.924541443691715
5881,22.920195670754794
5882,1.0546297012814532
5883,9.449882707943146
5884,10.20406901458242
5885,2.531916632955941
5886,62.23422397537293
5887,13.294906776036282
5888,-0.1585420717910424
5889,-3.0298678551726064
5890,-0.3878545721989426
5891,4.184963836359382
5892,7.334490383717913
5893,1.2233666563402426
5894,-4.266836252622818
5895,10.291522330146522
5896,-5.5036687330133045
5897,0.9175078282956151
5898,8.894675772716806
5899,-3.6157576805931955
5900,4.814068634173877
5901,3.1017514884122113
5902,-3.358481989225724
5903,24.979226377295312
5904,0.27353408208661456
5905,10.017651645342058
5906,2.687691381989486
5907,0.13006957698215948
5908,6.894125357685619
5909,5.117491534384417
5910,-0.9024569065341608
5911,14.753865629321348
5912,0.6016047678189764
5913,-1.278346987959774
5914,3.79996702800896
5915,-0.12146354541451881
5916,-2.7416921272167776
5917,-0.0591172758785675
5918,-3.8397248949301375
5919,-4.159843033164812
5920,6.770137525971021
5921,14.662252423668338
5922,11.319843567542796
5923,7.249811600532691
5924,7.652851368585204
5925,7.995459773383674
5926,10.309121781195865
5927,3.3875623987566263
5928,3.652526506536905
5929,4.826218792415161
5930,11.448806288177646
5931,-1.8203321299919475
5932,10.738430860965554
5933,8.632924736463847
5934,-3.8420655957406216
5935,20.082351421592378
5936,17.735121760870623
5937,0.39960207096149314
5938,-2.889051962174385
5939,7.986938834973165
5940,12.60552488733308
5941,4.797365729456764
5942,-3.698259359870488
5943,6.56357651799907
5944,-0.2802585437168851
5945,-4.656498944578246
5946,9.731251246417523
5947,6.812870357847437
5948,9.709556134739874
5949,6.431552136839586
5950,2.956966168980534
5951,5.228753950012985
5952,5.77782063441785
5953,5.128866491252442
5954,-2.1276486822359644
5955,2.5711144500999947
5956,-0.43469318388004863
5957,536.8404832904794
5958,-2.9857984933977866
5959,4.539982448448879
5960,3.427285856819518
5961,13.705243702454354
5962,5.693104992261513
5963,-0.6282010480915161
5964,5.386400772764148
5965,25.209966938620667
5966,2.0412503824829913
5967,20.170517816303867
5968,28.75119314691314
5969,6.960751584602506
5970,-6.671384680812249
5971,29.977234046955658
5972,6.72779644741463
5973,4.980127022035441
5974,-1.6273642377840587
5975,0.5610219978384663
5976,2.727891373924918
5977,3.5273516921963264
5978,0.5194772405042205
5979,7.266117572272276
5980,0.6127536566276082
5981,5.607471446531203
5982,12.309435644046852
5983,1.6019787487643573
5984,9.730029808318251
5985,2.593134095810316
5986,3.8750239970122724
5987,4.989096060791978
5988,-5.321097428772855
5989,-4.078791903854771
5990,2.393676656058381
5991,2.7967919338537826
5992,12.27239673216384
5993,7.594758542885431
5994,2.317097593054422
5995,2.2199427410155144
5996,3.6943902863199996
5997,-4.868544331878194
5998,18.525794979114686
5999,0.4713815389181309
6000,24.981671325878125
6001,4.556998631057786
6002,-3.466586422308162
6003,7.645889089876664
6004,-3.058054411364916
6005,6.375891879291771
6006,5.236219646829854
6007,-0.6438986700432359
6008,6.46597421375967
6009,3.8974910160808913
6010,7.220615977736337
6011,-0.21678089321896793
6012,0.4548492292610625
6013,0.883708742057638
6014,3.369456197825513
6015,4.085718040456722
6016,-6.928010015199378
6017,-2.7714261199375465
6018,1.9263610590278204
6019,9.81146234743701
6020,14.551576405255808
6021,8.50365024115996
6022,5.723224745408849
6023,12.94065341769339
6024,28.05227987687688
6025,5.946796870701537
6026,22.843195778660693
6027,30.37222508431182
6028,8.320050990958947
6029,4.470523221389094
6030,0.08991144350449776
6031,5.468567141442313
6032,3.905057224963844
6033,3.8741583265171653
6034,27.641127494393295
6035,0.8322964692991078
6036,1.1333509990281276
6037,1.983764386147903
6038,22.864135594241986
6039,14.875910158876447
6040,7.540370738403679
6041,5.475269490448958
6042,8.582162981204123
6043,0.7800703029665801
6044,5.96486556705389
6045,3.081605823263505
6046,-2.2789854380979184
6047,8.03963116991178
6048,3.0299809941914413
6049,2.25418801583766
6050,8.81897935035396
6051,3.658498289310852
6052,6.839499367769398
6053,10.426977498345062
6054,3.5047633846668047
6055,-0.007212366151728905
6056,13.968644378696137
6057,-1.7507153997486136
6058,-4.719683722329313
6059,-3.55736811927778
6060,0.40472875984946044
6061,3.7655754283746434
6062,0.10194089803007823
6063,-6.214006645186739
6064,20.629792566003548
6065,12.508258031648436
6066,31.554219406458653
6067,-1.496797582287119
6068,1.4522535662976521
6069,38.00504072149235
6070,4.35877843072483
6071,-1.5625777305059834
6072,-4.825029717414694
6073,3.6422584992934635
6074,-2.675905060061515
6075,22.94380096655327
6076,3.3206109008365092
6077,8.208354057394217
6078,-2.525439191338969
6079,4.746332076188875
6080,4.210536688734358
6081,4.089448478425912
6082,0.8451049633885774
6083,12.526711343776388
6084,0.9278525461179361
6085,2.782140952988136
6086,12.171456657403624
6087,10.049724456814703
6088,26.560386673019543
6089,1.2552444209387026
6090,1.0556507312510874
6091,4.714231080768167
6092,4.9747149336041225
6093,23.964493336786198
6094,-2.2238325016950413
6095,3.7601306981147893
6096,38.867280268284816
6097,3.2631511136936058
6098,6.385733246425545
6099,-0.8805922427611326
6100,1.037868864109295
6101,3.364353556907033
6102,-4.418029069765119
6103,-0.27478046740321604
6104,-1.3572831075367708
6105,5.582442711329637
6106,9.10567773357215
6107,7.591018063585619
6108,2.5533724263142292
6109,5.036591905344011
6110,6.853805459899811
6111,5.05279371235683
6112,6.853858156835227
6113,7.338842545895963
6114,6.762119878748596
6115,0.46943790385372597
6116,4.157383904966958
6117,12.170265264269332
6118,0.2227885524705247
6119,2.3847129955084077
6120,5.269421635227961
6121,3.6983031007671476
6122,8.89244385713123
6123,-6.404966212820529
6124,32.75911320803468
6125,0.22745578518632525
6126,-0.27628333859827947
6127,-0.5719802585691156
6128,-1.5450270234140397
6129,4.820653995595626
6130,3.0688737076119694
6131,-4.743024446879578
6132,1.439176901990951
6133,16.568459130059907
6134,24.00166086230113
6135,7.345467414572954
6136,5.25602116741203
6137,4.342669138747584
6138,-7.2606759034864945
6139,-1.1086030859358653
6140,3.8697366976922405
6141,7.461535531536853
6142,5.781590979909243
6143,-4.032582461067436
6144,-2.151146363591079
6145,2.0387746624608765
6146,4.860422472125164
6147,-0.30905396615602715
6148,23.87077216852295
6149,-3.769786968303885
6150,-0.460545323624175
6151,8.468448915997918
6152,-0.045604824757185636
6153,-2.4658739495511695
6154,3.719843072279717
6155,5.759190374671585
6156,38.1654102241707
6157,14.906995616987704
6158,8.37080009597691
6159,-4.342441011776262
6160,7.136794098149581
6161,1.19319208976338
6162,11.807697585310716
6163,7.0865159102016735
6164,4.2288645498931885
6165,29.591026306068137
6166,0.6393100909765355
6167,11.398385266945452
6168,10.713986978710418
6169,5.932322827249533
6170,-1.0849049551146037
6171,-1.7777094716486552
6172,-1.6069263870794455
6173,3.5303224288080126
6174,5.911581226289502
6175,33.33538633229279
6176,0.8313530725590282
6177,13.999967235606148
6178,-2.661562320095957
6179,5.712902800954974
6180,8.175323425599355
6181,2.2437517462964314
6182,2.708085348475225
6183,9.82361787714618
6184,5.231049757967772
6185,-3.8458707784159776
6186,14.362725958980523
6187,3.7534348315382493
6188,21.949838773846324
6189,2.002101201891977
6190,-6.2669308998587745
6191,14.94683882860321
6192,6.730145215601089
6193,12.589943632283902
6194,7.32850232030702
6195,-1.8504343325976342
6196,7.250646151210066
6197,5.743032311103001
6198,19.16208296860524
6199,5.302002670085065
6200,12.335960788317752
6201,-5.686883624560145
6202,4.583719159611753
6203,29.83732449440954
6204,-2.2003931323723753
6205,-7.354312472223157
6206,11.85047169932681
6207,19.491622232002584
6208,-3.944540774153904
6209,6.69851935180152
6210,3.140254604553374
6211,-2.844773872284594
6212,56.78758109512016
6213,2.3480899273434805
6214,10.631387288780116
6215,0.9863953291058775
6216,5.824725078689657
6217,2.741661702564776
6218,-3.7083602865616196
6219,3.169282785288937
6220,-0.38421901598922614
6221,7.7302009025556675
6222,5.868536713626383
6223,-5.989110357160599
6224,9.037213995101146
6225,-2.928578650506444
6226,0.5644298746226313
6227,4.886634885533719
6228,-1.5480197570669434
6229,14.477193245950339
6230,-3.105292566236301
6231,2.745335461437109
6232,14.840037325505861
6233,0.023536109972308594
6234,-2.730857583975085
6235,8.405071530788936
6236,7.362596447166778
6237,4.624924149975174
6238,10.503416987521057
6239,4.083664751960508
6240,1.029279134490351
6241,2.807544119187325
6242,-1.1209877456801665
6243,3.594536638578089
6244,10.59515031183654
6245,-5.659824473488666
6246,6.353477193493383
6247,18.00810688174588
6248,12.459181364839825
6249,2.4386482278957566
6250,14.103002139207586
6251,5.755193716701764
6252,1.7041909967992122
6253,9.409313844233901
6254,0.31265735355738894
6255,12.13294047452601
6256,6.003844427751917
6257,4.50930698427799
6258,4.9458005327376044
6259,-5.397298573706545
6260,1.571813108839436
6261,6.441911524130093
6262,4.189775293577455
6263,-4.642434010402944
6264,-0.7063762410813745
6265,3.2246497671019263
6266,-0.2727486015199264
6267,5.459789539823185
6268,5.480923474868261
6269,0.4966701428526014
6270,5.82877255963774
6271,7.1693683778004935
6272,-4.960567278381224
6273,6.518737105203782
6274,3.1710918846348757
6275,-0.8572747854373837
6276,3.365799930551992
6277,14.729167641827475
6278,12.85763936680602
6279,16.981935200974533
6280,0.7968136987300221
6281,-0.2868516923544778
6282,55.26427240635906
6283,2.2807879137631106
6284,12.781719412964922
6285,4.118009298144534
6286,2.395907607846099
6287,5.994834891615061
6288,6.782678003407169
6289,5.241417332631428
6290,6.876430268472944
6291,-0.7830426714117025
6292,0.575195456207374
6293,9.878514450911801
6294,5.865723344346818
6295,6.282223816048565
6296,-0.9233786343129289
6297,-4.495567235945774
6298,2.8728408041608704
6299,5.759200692876868
6300,5.112911154126657
6301,4.599659523116717
6302,-3.968734593423845
6303,3.6447386834949986
6304,3.003483283408653
6305,4.936025648929709
6306,8.42012447764344
6307,-3.5565149876856577
6308,6.085529700716095
6309,7.561052154009131
6310,-7.791709958644277
6311,24.84634120516489
6312,-2.3973353954179872
6313,17.762206398979426
6314,8.889764383921362
6315,2.248412126289078
6316,11.367156429844288
6317,-0.12831023878810432
6318,23.775077842704015
6319,9.517055380390863
6320,2.427668145635158
6321,5.164249218308475
6322,-0.44544663439721854
6323,4.953585347184009
6324,7.639012070691297
6325,-1.8015191462587985
6326,9.930520396362308
6327,11.33146128640541
6328,-6.866690281030197
6329,4.745730490335558
6330,9.525006611602842
6331,16.408718961638865
6332,0.46285117852412794
6333,-0.5269951818569603
6334,2.318923824391204
6335,0.13000045984612407
6336,1.3597059149782167
6337,0.7668813655668931
6338,-1.5386821657472205
6339,31.11067210346271
6340,3.992312946595201
6341,6.403671276718478
6342,3.2676933482426254
6343,6.46597421375967
6344,9.84964680800146
6345,2.738631588830823
6346,-5.658944972571013
6347,-3.714780330714744
6348,4.0008252810732365
6349,3.0509174429118247
6350,4.456688297881635
6351,9.10053553264551
6352,4.0799459967281795
6353,6.268619723472179
6354,17.431784014591827
6355,4.7028423982974665
6356,-3.396037670514287
6357,17.31120843994055
6358,7.349937969961155
6359,5.705946497359889
6360,12.160471443882873
6361,4.022552288717295
6362,6.349851354089029
6363,-0.7447904832948778
6364,9.989871381622628
6365,4.603557601345133
6366,2.387477554025057
6367,5.461456192602043
6368,-2.349767183235545
6369,6.311124818257577
6370,4.518900069608245
6371,1.706352162628825
6372,4.399745670225634
6373,-1.6931342719589288
6374,27.553894107633212
6375,2.271649024697203
6376,4.7060760593795115
6377,25.404340662566234
6378,3.849631686562044
6379,9.998462887933588
6380,2.437242985532852
6381,2.91820033138231
6382,7.236692078452763
6383,4.59482269398673
6384,5.382745785507908
6385,4.016730201378602
6386,4.770506858042822
6387,3.2320853205337694
6388,6.737426961617611
6389,9.87938442548511
6390,19.02377914026527
6391,6.69397690467
6392,3.0481103585483345
6393,5.6145875088794215
6394,14.22772428774079
6395,4.502288773766707
6396,4.383740511330737
6397,2.0448771909435184
6398,13.438002331748127
6399,4.414574853832306
6400,-2.6499684458762975
6401,41.18828311069748
6402,17.418053365391117
6403,5.2266459703871915
6404,4.537172419645381
6405,10.726813279311322
6406,2.5385898209916506
6407,8.626269928198292
6408,2.073051868636515
6409,4.026034659212266
6410,-1.8932642244766797
6411,15.117554295976795
6412,14.879338531688886
6413,4.692059058448553
6414,4.24377077687494
6415,2.64657336795236
6416,6.17718061071518
6417,12.13896019454674
6418,-6.126894467944567
6419,3.2540981251693615
6420,11.067718133448418
6421,6.412929787193132
6422,-2.5493635430519404
6423,7.861593437830844
6424,8.68860300740881
6425,2.563394596245778
6426,9.205852370033057
6427,5.74198307821472
6428,-1.5446723032677994
6429,2.867584002747281
6430,6.164635490167521
6431,5.537199839050876
6432,-1.1033972839404036
6433,15.320508537336865
6434,-3.2042775776666335
6435,2.184005971022356
6436,-0.1315194525368953
6437,7.169554423411962
6438,6.832583268084086
6439,1.3290629486643528
6440,5.991043983761997
6441,3.9953711437840727
6442,-2.6812814603712196
6443,9.059096142893347
6444,-4.9768293182523236
6445,5.836723333917228
6446,-1.2665802728846927
6447,6.928978082938455
6448,17.381629050564072
6449,-0.48809189135029235
6450,10.1600591213116
6451,-4.5342975727631565
6452,5.036918529583438
6453,1.187720118487198
6454,2.7470931169883634
6455,-1.8895686048190745
6456,18.48100920596281
6457,2.1362485385708534
6458,5.118140048260441
6459,-5.4879087017787205
6460,13.37391547761645
6461,11.079280797214903
6462,1.3653593429567266
6463,-1.5690721708254414
6464,3.8344598969893537
6465,6.408101705466781
6466,3.455674325130852
6467,-2.1433857089117123
6468,0.5186334820392411
6469,1.1204601081917516
6470,-0.8056255052196343
6471,6.367589194417656
6472,19.788421358572744
6473,1.696540272731105
6474,2.250457575477665
6475,10.612682698849094
6476,12.854847506642322
6477,5.038583808107824
6478,6.197669778315894
6479,2.950864254288572
6480,3.463406747252009
6481,3.1491241029614563
6482,2.3642700670060126
6483,6.516521133797288
6484,-1.6344523259574073
6485,23.16847335029313
6486,-3.7525223889892505
6487,-2.5783572544428406
6488,-4.1770828434380265
6489,0.7805997465038836
6490,-3.662279666684012
6491,7.878867635978603
6492,16.049063677692924
6493,12.26169628824739
6494,1.9047363305961313
6495,7.044156276965812
6496,-3.0794525339172476
6497,6.249853313808506
6498,6.968407456806438
6499,18.302072654020694
6500,-2.6585439546747924
6501,6.446121200473636
6502,5.977699311768214
6503,3.385616377379619
6504,-3.1115577587329732
6505,17.8773225480692
6506,9.811091454205242
6507,7.0155811947292115
6508,10.751735624301043
6509,6.951373301683343
6510,3.030264236325686
6511,-4.16586315900519
6512,15.557713066781139
6513,4.487134288309312
6514,6.021748317463968
6515,2.0166497810673096
6516,2.5488573452527685
6517,6.03948530242196
6518,5.823474417105407
6519,3.527556268088449
6520,7.950150613688382
6521,8.226893482344417
6522,2.536503759974557
6523,13.358906762666454
6524,-5.139724249699898
6525,3.3425354997451144
6526,5.598783403462865
6527,16.6693665560259
6528,8.06869042600859
6529,2.9097506543153138
6530,13.91626569926818
6531,8.98769585021448
6532,10.67186491605792
6533,6.322993008672721
6534,6.373122005782383
6535,14.330801372271562
6536,-0.539049811095851
6537,3.891069813564939
6538,49.79164954605583
6539,-2.285083695576
6540,-7.460595972768148
6541,-1.9700516564658286
6542,18.946984817895355
6543,4.345523692484824
6544,18.356990258738012
6545,-0.011629436486095601
6546,38.356739172454525
6547,1.6568453348663403
6548,6.529098210760537
6549,5.01235988232228
6550,6.271084614333892
6551,10.734761353678195
6552,4.160002313085538
6553,17.085431304231644
6554,3.1706856123435117
6555,0.9637839489031993
6556,5.813248084398159
6557,3.84389627584336
6558,12.477148641418408
6559,15.678398327655062
6560,8.000902229078571
6561,6.079394389707558
6562,8.83765525194822
6563,1.7043626458417107
6564,6.662319266451825
6565,-6.15888160072503
6566,8.61811022648382
6567,5.369301112375636
6568,8.33127884512205
6569,14.775953229615038
6570,0.9087608512396812
6571,2.5895036621840277
6572,8.818261762208635
6573,9.297028453880992
6574,17.569020556819037
6575,9.425870401584657
6576,3.0776544614304915
6577,12.346527592899019
6578,0.5968560358208926
6579,5.811931606804468
6580,3.684471354120054
6581,2.561121594338246
6582,0.506196349635432
6583,4.670785476700373
6584,5.798497925499861
6585,3.136304228794792
6586,22.389105170547516
6587,8.542110884623792
6588,3.50567183172594
6589,4.926595919338526
6590,225.6025272147921
6591,148.46779217819258
6592,3.85801050778642
6593,5.163693425855884
6594,3.6202777226518905
6595,86.2613700851201
6596,5.497881478169614
6597,3.1532261512338104
6598,26.68211220666842
6599,2.017483925740935
6600,4.221001090812006
6601,18.987196923178665
6602,20.02671632466422
6603,12.703640806441939
6604,0.0128011939514657
6605,8.66561002877504
6606,3.7455018455028513
6607,-5.848776296779656
6608,5.649871659589503
6609,3.5220620534094844
6610,2.235466210130808
6611,4.100052138248892
6612,6.19857069978686
6613,-5.1399098096183575
6614,1.336621533613387
6615,-2.658139366662441
6616,8.441460096704063
6617,9.622484089890074
6618,23.307317338482754
6619,16.830991905191674
6620,3.16027052788385
6621,-0.14277255476194953
6622,3.790988740374207
6623,26.781110314958628
6624,1.7941949959170218
6625,-3.8363136186184734
6626,-3.0772041622936817
6627,8.999244518229924
6628,-5.417710433938034
6629,2.5554973196302564
6630,6.301216766403071
6631,22.446110503530925
6632,2.7267263369502333
6633,13.470948764354304
6634,2.4257934484750767
6635,-5.184506907150274
6636,1.8040018330471228
6637,2.6477112277413455
6638,-3.2283232162109172
6639,3.665906197184395
6640,7.658080452039267
6641,9.87474714799703
6642,0.3321252756023802
6643,7.4505021916297824
6644,10.479862696458293
6645,93.31960571095432
6646,3.9313125133172853
6647,7.26556159340242
6648,-4.20179876677148
6649,0.0920586711919179
6650,2.485570183515481
6651,9.968335548655075
6652,10.612372794252781
6653,18.713376531398396
6654,4.635376027784963
6655,-4.557077229151886
6656,8.069786210650571
6657,5.531412120911236
6658,2.667869556542914
6659,0.26903115906950875
6660,4.560926715158902
6661,5.609512499241763
6662,181.2053763520261
6663,4.895614084206022
6664,-0.02912377053826576
6665,3.986393260247757
6666,0.4229502460657954
6667,5.858048692410919
6668,5.84233026242978
6669,5.948905308949268
6670,-2.9595595410464943
6671,-1.1930338320564153
6672,-0.6981421421754763
6673,-0.6813366049354088
6674,0.2747757123744713
6675,0.233295568886772
6676,14.275151642193437
6677,1.9250608480972466
6678,6.887893630030254
6679,57.45265429206103
6680,1.5853949285977562
6681,6.466517097686818
6682,-1.3750454142693775
6683,6.952707165092981
6684,19.483976496355435
6685,-4.047775015825504
6686,-4.367306175582324
6687,2.0262654195386753
6688,6.839779693298842
6689,7.361458874762455
6690,7.734166504277582
6691,2.5875505595779345
6692,2.7001038575800025
6693,5.942192535970268
6694,0.5735091585073342
6695,12.40358203410325
6696,7.671207248696241
6697,1.5519262537441767
6698,6.586913960301912
6699,14.101038978142324
6700,6.203198057210713
6701,0.3328512855741558
6702,-1.712550348428611
6703,1.8244046120039137
6704,4.2141841780228475
6705,-5.584104990266002
6706,-0.30488954035840016
6707,7.099217180548219
6708,-1.7839031720993523
6709,1.5768262075327535
6710,-1.5005403902732746
6711,-1.0775225140641083
6712,6.4888076065196785
6713,0.046657195981002486
6714,5.9800662614240006
6715,-1.9809773448419492
6716,12.211201120017726
6717,8.075515019351055
6718,-0.8337489157464292
6719,8.595238900165265
6720,-1.4005622621462621
6721,4.128991759709556
6722,13.876392819294393
6723,20.357282912805054
6724,-4.272054342046069
6725,6.547604215509965
6726,6.496894758355293
6727,16.69753048302948
6728,-3.577330283145463
6729,12.57198504832164
6730,6.860322694398633
6731,1.315515663739729
6732,0.2952779128396227
6733,2.5253964411413885
6734,7.791353165275977
6735,10.198750158433258
6736,-2.4410672213337374
6737,-1.7216430197733186
6738,4.604837716027102
6739,20.55799411875335
6740,-6.290175091468683
6741,31.45342611881183
6742,10.23139680390981
6743,7.542693154741533
6744,4.756439423807905
6745,3.8700355491891165
6746,-0.6008406419221699
6747,1.1891503359248186
6748,1.241853776821989
6749,29.369475731235713
6750,-3.438954579859909
6751,4.577433195143508
6752,5.292659891257726
6753,6.0967989772248075
6754,-1.1229935611057678
6755,9.010841714145332
6756,-0.490177213323601
6757,12.73401277600244
6758,4.00517332499435
6759,0.5927822613839385
6760,4.022620708533062
6761,6.904815541768976
6762,0.5815693362592772
6763,6.96602524236566
6764,13.62717351966364
6765,9.763806968084678
6766,0.8421699895234431
6767,1.8489419137609138
6768,3.340562417706276
6769,3.2546298808840524
6770,5.928595010543234
6771,-0.17635859488661718
6772,1.655378532002401
6773,5.078448546209221
6774,5.842230861762929
6775,0.917114181607595
6776,12.972034606191908
6777,1.9847808538356995
6778,-1.5439562826230444
6779,1.1534621405506158
6780,4.803790624547444
6781,2.901734776265054
6782,6.383953538557089
6783,5.771887475480455
6784,3.220587215325
6785,6.3297440546957695
6786,5.003404688138573
6787,28.918285355310488
6788,3.149233894783075
6789,3.555676187085432
6790,24.728196138185254
6791,3.337510279717172
6792,-1.860998263678094
6793,8.630956755973942
6794,7.419846995862649
6795,6.196898608060488
6796,2.854775633338184
6797,4.878228106285315
6798,8.728686694969674
6799,13.174946655337124
6800,-3.2683763045517003
6801,5.746620412821857
6802,56.081437539787146
6803,5.688164650673763
6804,8.161562695895617
6805,8.439948948561721
6806,5.135792000894444
6807,-6.016818418352678
6808,5.1447511320954025
6809,10.38588934034848
6810,2.9843876882689457
6811,1.2737660092226062
6812,-3.590694053100946
6813,3.617770979495954
6814,15.448821553278062
6815,11.669604179217243
6816,1.7597141752571712
6817,-6.1205771000952165
6818,8.808265276248543
6819,2.72483302249008
6820,6.7084593677463085
6821,3.632338221979326
6822,-0.9389501310735965
6823,-4.633884115906555
6824,6.489262710172872
6825,8.992979643178941
6826,6.259641916940485
6827,2.1160104871782686
6828,3.659773787744642
6829,4.457264271561174
6830,6.167936053861872
6831,5.496418837936468
6832,5.401708238946948
6833,5.551021087787149
6834,-0.10915486297603744
6835,4.278087619575063
6836,-1.8655184044811755
6837,-1.964803139485719
6838,3.8523486708026544
6839,10.484473125114173
6840,6.466939481682232
6841,1.8737657507164145
6842,6.609236388908881
6843,6.4798881999417635
6844,3.0714926330036025
6845,0.08520594033823914
6846,2.455562968187043
6847,12.941584066733565
6848,-4.640695125472456
6849,6.041535948176855
6850,7.314309093403916
6851,2.661825253857023
6852,-3.263148330667682
6853,3.984956893813035
6854,-4.640695125472456
6855,9.309359350998177
6856,7.488983921218413
6857,-3.4967297748244874
6858,3.1431975993989214
6859,-1.9991558164423175
6860,8.838862263810134
6861,11.11617360910119
6862,15.002430569368734
6863,1.6302094316865627
6864,-0.2966925236805672
6865,3.73752800938988
6866,53.069173185352014
6867,1.1230848744542021
6868,0.5616993235314218
6869,8.531175527456885
6870,5.489788970219735
6871,2.085762484860773
6872,17.27592208633843
6873,-0.8655216074576891
6874,6.330164311362614
6875,3.382091386078424
6876,-3.557390490444856
6877,7.728205368827814
6878,3.298729861645075
6879,-2.725370369974718
6880,8.937980605473427
6881,-0.48695867697079076
6882,5.081595347126276
6883,-0.39487737949111046
6884,-2.770530945618275
6885,-3.878165268015832
6886,6.243727336007728
6887,5.312370235410414
6888,24.05909968503285
6889,9.157569115424112
6890,2.259596137497466
6891,-6.942926710347624
6892,33.049878924913024
6893,-2.7677986669437002
6894,-1.9616864198642943
6895,-2.1033059505196796
6896,2.6849375168311234
6897,-2.480144125154515
6898,2.6788663240996327
6899,46.006624820588584
6900,6.0212243439002595
6901,15.063450648806091
6902,1.4474067358481264
6903,5.027248835002147
6904,0.15301661803969757
6905,5.2330416240167965
6906,5.454504742316628
6907,4.619449468840787
6908,4.954293661679014
6909,-4.0622738339856035
6910,0.47727432478817206
6911,1.5071339548940554
6912,4.446986626558431
6913,5.385640946795659
6914,8.214482365889658
6915,7.5486904838771895
6916,3.641036586593228
6917,-3.0391657867884176
6918,-1.2242502395731352
6919,6.021734522071236
6920,1.5432529605965835
6921,6.86567446260827
6922,-2.634959426548032
6923,24.51262195454701
6924,7.7100861745332
6925,20.813640189383506
6926,-5.406609645183455
6927,0.09547784024262496
6928,-4.404431359854555
6929,6.102547579748129
6930,10.084127146968402
6931,17.654572393951554
6932,5.299946150372712
6933,28.837482919645794
6934,-2.964177650590724
6935,16.105423663573394
6936,-0.4886520505489861
6937,12.607036784557256
6938,1.351520675920679
6939,18.42397901341095
6940,20.084877487530843
6941,8.62724147541912
6942,5.582945076786153
6943,7.876645100495534
6944,2.2520435510696823
6945,2.196172223340596
6946,1.5173217715130778
6947,-1.14265942659364
6948,-4.30748818619764
6949,27.432223193428317
6950,-0.4566102068654082
6951,-11.710843304282676
6952,2.2513830806099575
6953,1.3844908132431202
6954,5.906593632535978
6955,9.938000619121459
6956,3.693147513877474
6957,9.599745262434755
6958,2.0804558836132334
6959,2.101636453111007
6960,0.9003431928329128
6961,2.406241386851809
6962,4.460869501845022
6963,6.537858529428858
6964,-0.9345821990762841
6965,30.9524527008634
6966,1.4709589827717173
6967,2.0725622326238704
6968,-3.161747017681105
6969,-2.016217416484005
6970,2.673124056372481
6971,0.1676435255010219
6972,6.916648075636877
6973,9.494104040376925
6974,0.23658792978123974
6975,26.335514168915733
6976,23.64006998140463
6977,5.421009379449515
6978,6.349949399331776
6979,3.814168940377898
6980,27.021413610301664
6981,8.634713765632547
6982,8.55940749063894
6983,27.314027016490662
6984,-1.3916867557419486
6985,-2.924389827406663
6986,6.9254608506431214
6987,-4.2815694507921425
6988,8.035674527337466
6989,26.736279798904015
6990,3.1232849840264816
6991,-0.9883555153758607
6992,4.611919784121206
6993,-0.5822321539274697
6994,2.6501679806400347
6995,3.375672946042228
6996,8.297085436050308
6997,22.89816552183728
6998,6.26320370683029
6999,-2.9096526883598712
7000,5.429614119910749
7001,8.285198287168349
7002,24.597399386435026
7003,0.9042288936172823
7004,-4.345279919805058
7005,7.61671864945299
7006,4.8414653862786095
7007,7.6507883421231915
7008,-3.273068009531548
7009,1.0725903574695104
7010,2.6652427856562366
7011,14.867564911972828
7012,0.6849767414204955
7013,0.8635368998134637
7014,10.342692711033667
7015,1.572025244951669
7016,72.73622852985116
7017,6.0140279268572705
7018,2.7640649159355446
7019,4.994904421854804
7020,-6.712070216920299
7021,-4.861134083809001
7022,2.5058824158902198
7023,2.970505869807943
7024,-4.992788287305242
7025,18.591292440410392
7026,3.3273383179919387
7027,-0.2859327814938474
7028,3.550860418756156
7029,5.3931455203843655
7030,34.924200135743014
7031,4.706069175539438
7032,42.11438690193839
7033,5.5066831847944195
7034,2.3783741622896177
7035,19.943813115960477
7036,-2.9887827369144007
7037,35.18085249901976
7038,-3.155129441484382
7039,6.722618792051362
7040,12.427947961506213
7041,-0.08026796672070008
7042,-5.817410855594844
7043,-2.9347801463201564
7044,-0.36131361829209824
7045,0.345385174163998
7046,1.8836454895183112
7047,6.150101593145255
7048,7.119356048141029
7049,5.680919206040801
7050,5.063079691038491
7051,18.258369002892174
7052,16.381447857163494
7053,-1.121762766019865
7054,22.982264159605947
7055,8.296217599155293
7056,-3.22468325632699
7057,570.571545745305
7058,7.632078241229861
7059,1.2118966191756622
7060,2.1850773418771396
7061,-0.031766290952110435
7062,-0.9864231043455398
7063,4.413916887901455
7064,0.1175012351413734
7065,-4.0915304856136
7066,20.60221508186617
7067,19.166350636247614
7068,6.0284497164151984
7069,6.935021470209127
7070,5.435053440469374
7071,21.338577873108633
7072,5.032985079344483
7073,10.098097751875496
7074,-2.8575256306247105
7075,1.4716224048494173
7076,44.219761497312916
7077,5.1873491292218565
7078,2.2189166826652076
7079,3.372071139591657
7080,-6.394605580179592
7081,5.499535420701423
7082,7.281854403149542
7083,7.704581911614455
7084,-2.4797342575148846
7085,-2.1639624787777767
7086,5.534453384655571
7087,0.186350752733857
7088,3.4516561485026784
7089,0.9844982156785366
7090,-0.3230146128448063
7091,5.215260194542976
7092,6.190873938925585
7093,2.354989546517567
7094,27.8165965787645
7095,0.7687956579164816
7096,6.929965417234768
7097,-4.170717762360375
7098,5.594434879695956
7099,-10.431715163539518
7100,10.356718423320181
7101,-3.5710799646456537
7102,-4.869008348623436
7103,3.824384942966562
7104,1.871225777420551
7105,9.090322251809486
7106,8.990383125671903
7107,-5.22747496078099
7108,6.490221655497772
7109,4.903610514298859
7110,5.308000017786881
7111,5.785545400392056
7112,-5.906928726877805
7113,2.406241386851809
7114,-0.642410224088642
7115,-2.7779748526658596
7116,27.711078302889764
7117,8.887288931072133
7118,-9.591583678180319
7119,5.230834361346112
7120,3.9273259079996987
7121,-3.593040733693952
7122,-4.1928903487358715
7123,1.7084209030268263
7124,6.47719438905063
7125,56.09250823893691
7126,8.116308975663147
7127,2.5914411209431067
7128,0.8441466012140012
7129,6.981966210291247
7130,-1.4179899108902503
7131,3.5149901779255135
7132,4.442614776981678
7133,9.335991577373164
7134,-3.877285078309451
7135,17.980020317969355
7136,5.8992719257439
7137,9.567791562953605
7138,-4.643072652333434
7139,4.9789405452403965
7140,-3.5064132209614196
7141,14.72728695368368
7142,2.8128134833960905
7143,4.0639556836659345
7144,5.396096213167626
7145,38.45709293276512
7146,31.66797423533186
7147,7.152290146254605
7148,-2.065975598247683
7149,6.262127190415949
7150,-0.2700131350432784
7151,27.820631291093832
7152,28.376456391015438
7153,2.8807613910785133
7154,-1.9423530322225593
7155,-5.14286352452865
7156,1.7813525667865413
7157,20.879297486081995
7158,5.904904333552444
7159,1.394470610133201
7160,16.442833246452572
7161,1.3022101191995705
7162,3.959852769934897
7163,-2.4822346152887977
7164,41.9415303620511
7165,0.6097122329594604
7166,47.88178928949909
7167,8.62064473549398
7168,-4.531215466249019
7169,-4.344898087613425
7170,16.384884819908354
7171,2.0595812478592332
7172,29.32716609676622
7173,55.95162261540924
7174,4.498762978572763
7175,1.6526166142134335
7176,18.743050069026044
7177,4.870219223962286
7178,-4.235501763072743
7179,0.6985054380943049
7180,130.97376079066655
7181,8.862518436221714
7182,-3.391270935502271
7183,24.76550927815555
7184,-2.5553829648416833
7185,5.772146201138186
7186,8.561975071321388
7187,7.633520213125893
7188,6.622866757372426
7189,-4.032531416036159
7190,-4.121106400138679
7191,39.40569020101548
7192,-1.0773051070272746
7193,19.04433916297817
7194,7.073600415375415
7195,0.018775715998128828
7196,10.274783506629115
7197,1.9156122142108587
7198,9.095233924305202
7199,1.681597592742787
7200,-1.810296667532915
7201,2.9587287538012683
7202,15.886917987364257
7203,18.48218023357625
7204,6.988655229052696
7205,-3.313416483510177
7206,-3.5404318754479855
7207,6.918495704792182
7208,12.007909981038022
7209,-4.670190513493448
7210,7.946708572497357
7211,4.236631940893466
7212,10.463619650640183
7213,-2.480144125154515
7214,12.114049888255511
7215,-14.125221970338469
7216,5.57479327155137
7217,6.753287590591745
7218,-3.033954845908255
7219,1.5105710914258517
7220,-2.2649722870168625
7221,2.3131207655247517
7222,35.66922047364706
7223,7.47134055328472
7224,-3.7083225692526183
7225,3.9305281250438724
7226,3.8879016787265153
7227,3.9252127638381697
7228,-10.068759710366617
7229,9.129992664363902
7230,5.713947571644935
7231,1.6835080119033847
7232,6.267305347565876
7233,14.187492107088136
7234,-2.9340100220227683
7235,0.5766353062881149
7236,5.008183500494036
7237,5.253680146610343
7238,18.1161175074593
7239,-4.289248947073048
7240,7.0013048639398585
7241,1.2487786917202577
7242,13.327062657555809
7243,10.421995926834677
7244,6.2862784440957205
7245,5.7850365244777056
7246,25.734194196019978
7247,-6.348846965516387
7248,8.229509015690038
7249,14.151487477572536
7250,5.003952487693461
7251,16.13729574904696
7252,3.128869799385129
7253,3.5239695210759496
7254,-1.181313586892832
7255,16.600328052499233
7256,1.6165770191644442
7257,4.305955969111229
7258,-0.8394381556284813
7259,-3.127408542237855
7260,4.582797805220875
7261,7.348615104419171
7262,8.141506684129814
7263,0.635180211080484
7264,9.498934424611836
7265,2.064432796101095
7266,4.85781335665816
7267,7.065873696433982
7268,-2.068166830199649
7269,1.6041471827993674
7270,8.97170832498983
7271,5.51473097792239
7272,6.94785853151129
7273,0.6493350977159753
7274,13.963662490286072
7275,8.35595240151531
7276,-4.063221179718637
7277,5.329434082048539
7278,-2.8167725875010863
7279,6.53763310677372
7280,6.607831830689262
7281,10.787038197501344
7282,3.6596359103768465
7283,2.274670672047291
7284,5.1523488635578785
7285,-0.7995660026757927
7286,7.885193870384802
7287,42.49138915674211
7288,0.7875216233753997
7289,-0.7733202792985076
7290,12.497125812908928
7291,5.897146426886477
7292,67.96110246396258
7293,-0.5603467687600001
7294,3.285729493291663
7295,62.227346543367126
7296,9.522718247987388
7297,11.96021550791767
7298,2.925034891467397
7299,-1.8126130753956466
7300,19.8069098573361
7301,2.7489989675944964
7302,-0.6863605585994725
7303,3.9845906969923712
7304,-2.0254749999058177
7305,-5.892952200056049
7306,-7.670781907565398
7307,-4.730282523837824
7308,8.00337208851897
7309,5.898392808809388
7310,41.747839061071694
7311,4.712253649057386
7312,-3.3968206207015705
7313,39.66154228311796
7314,28.306297849522938
7315,4.242873502961588
7316,5.446936899840663
7317,4.882608822783527
7318,-2.304406646451293
7319,-2.3381441743276454
7320,3.7011023561425214
7321,3.509932687018988
7322,3.719400129318726
7323,8.696564065995993
7324,11.213419536337007
7325,5.445507276229538
7326,-3.782954637331377
7327,7.605153734606412
7328,-1.1511412573951425
7329,3.7573986157129107
7330,7.030224774634127
7331,4.284830969795639
7332,0.8700313832566845
7333,0.21309889404930038
7334,4.465566735245696
7335,-4.048362414348885
7336,-0.32256760702509407
7337,2.849261901699008
7338,11.014912482520806
7339,10.385744207739592
7340,9.918405891371538
7341,-4.68498562603977
7342,8.496785858401129
7343,5.747985921518605
7344,3.799218157518195
7345,7.337396924876804
7346,1.801146316466754
7347,2.321844428497518
7348,-0.0023412932942653564
7349,10.756666949472862
7350,6.763905559356015
7351,-0.05431861212496464
7352,2.7022204945838317
7353,2.2701511255976827
7354,-4.154959586732413
7355,9.433144328652492
7356,12.405005899976329
7357,3.727207350036246
7358,6.852675847797319
7359,-1.1430565086956832
7360,-2.7260406926093395
7361,5.633490863696293
7362,19.64985818410402
7363,7.163989491678175
7364,14.05867201250239
7365,8.233239699947504
7366,4.8736080702478155
7367,-2.4080255915002287
7368,8.739003196800049
7369,10.02404603666048
7370,10.291292188074113
7371,-3.520194266174284
7372,6.397023864442499
7373,-3.781509329173404
7374,6.798470529984954
7375,-3.0672950616840993
7376,-0.7206490628521622
7377,8.640490892518185
7378,14.653399909408988
7379,4.9838139383386295
7380,5.258118222731126
7381,1.648220858373599
7382,7.17558397580952
7383,6.4199182161681545
7384,8.000969970447214
7385,2.4732307429381315
7386,-2.48975484508301
7387,2.6730118679353336
7388,-3.2265534610750395
7389,17.524955818799686
7390,-2.9520599271446146
7391,2.8062068677902454
7392,25.614339214964225
7393,6.0062871391206984
7394,27.86527607752601
7395,4.155829065850608
7396,-2.666914134468085
7397,2.6687297135452255
7398,4.826778698083091
7399,4.4675596029116615
7400,7.647470334447645
7401,5.65662137227161
7402,-3.2666670868373444
7403,-0.2537527209973106
7404,4.360035412566967
7405,2.5997904940420637
7406,2.5054696991230316
7407,6.8239726590640135
7408,9.029044044845042
7409,1.852101999713062
7410,11.249767767005912
7411,1.8163265484977316
7412,1.7088255316322143
7413,0.9527014132307324
7414,-2.781096630397869
7415,-1.3015652938581632
7416,-13.964256428554734
7417,5.592970272158727
7418,-1.5049189049589082
7419,4.930537972233433
7420,6.931939399514841
7421,4.851440902557348
7422,-4.251149791947819
7423,2.7512082674350227
7424,2.746552805544716
7425,4.396361442991038
7426,5.782364346691077
7427,-0.21619093909812034
7428,5.07137645285425
7429,-1.6082045615545133
7430,5.950466464845751
7431,3.1289180121856224
7432,11.589061601351759
7433,-0.9916397094039866
7434,-2.7069331959555365
7435,21.946901082886058
7436,22.744472183866694
7437,23.4288391862256
7438,-0.0015691850895123705
7439,4.28918193727274
7440,1.3616599965364666
7441,0.31374611827333043
7442,1.5706109873330207
7443,-0.8592973361170948
7444,-0.9195641933828895
7445,8.539396078512842
7446,0.6515732770815547
7447,4.939708158745027
7448,-3.9555341630322722
7449,4.183344292512626
7450,15.519177064164253
7451,-0.060493261090195455
7452,-1.915685092992149
7453,8.788404011127133
7454,19.78271676869346
7455,9.208444852830866
7456,-3.627487029549884
7457,7.4897069201410815
7458,-2.538022721157834
7459,9.435486579235363
7460,4.17348755499604
7461,6.423244293171739
7462,2.3444993053718557
7463,7.023565064539993
7464,10.728824920247817
7465,0.7675385872699492
7466,4.3890386250944875
7467,1.7561022373464386
7468,2.4292728041863865
7469,-0.07989523120076725
7470,7.262660859605501
7471,-2.089756120026826
7472,5.985991009390942
7473,6.542787079904201
7474,13.75129464999527
7475,7.746366650615871
7476,-3.7675557199095824
7477,-1.5344415198525638
7478,1.0295013130603998
7479,8.779371412629436
7480,6.336614488070638
7481,-0.038238323323534495
7482,6.22535420992245
7483,6.218928780054985
7484,-1.915240655197504
7485,3.7066945908441142
7486,9.913977505636552
7487,6.210878036101795
7488,2.6014880581756668
7489,1.5773719511003212
7490,14.635708064503001
7491,8.635727929293715
7492,5.981488300682562
7493,-12.468616876384926
7494,35.06247026351856
7495,5.485158154680477
7496,11.113183434063792
7497,9.47596830389328
7498,8.855923690820754
7499,4.198980596957751
7500,0.19314986801299333
7501,-4.692854449769577
7502,10.577943344440593
7503,1.8275416697831137
7504,16.34549285934248
7505,17.307359762407195
7506,36.69388345566762
7507,6.691270473912498
7508,12.818956752509845
7509,-5.852946868518316
7510,0.39602357669238014
7511,0.4589241351280208
7512,-1.4075616507070765
7513,5.966916571122347
7514,0.4946509471841992
7515,-0.7889632775419201
7516,2.4448539889711878
7517,-7.410735183448699
7518,-2.6704722177391185
7519,19.13049616345848
7520,17.333886198616273
7521,-2.0950415440019974
7522,-0.9636914057302037
7523,1.7358309256722282
7524,9.097585057796639
7525,7.353116840855771
7526,7.361185683777842
7527,4.026504644930333
7528,3.165696722758858
7529,3.8037962668580017
7530,-6.422407278946089
7531,3.9537829340837347
7532,6.078772000004902
7533,3.435420928475987
7534,-2.645101216871449
7535,2.0505825033965213
7536,2.4515068996648655
7537,10.995201281756827
7538,21.823482850804158
7539,6.6297880479137
7540,6.46190486381779
7541,3.2288741203839173
7542,-2.539207023868245
7543,-0.19920228953264923
7544,66.13431548365146
7545,7.039048209288792
7546,26.197837422480802
7547,269.2329476339424
7548,5.839647962017954
7549,-2.618520366274864
7550,5.109343514434054
7551,3.8266774897522335
7552,5.1060273073947124
7553,9.96587189834523
7554,19.586444291926583
7555,6.968475085004358
7556,-4.089130499713541
7557,18.173390322370192
7558,-0.045538939688292146
7559,0.7231179782357537
7560,9.592315185860539
7561,7.717694323302498
7562,10.573783516259978
7563,-0.2524488354525544
7564,29.30965874066172
7565,-5.484056445050676
7566,-3.251843317324998
7567,-1.0619969481742408
7568,-1.0455388443032496
7569,4.267631990020982
7570,6.320671373015536
7571,2.377998707927743
7572,5.462362889556226
7573,-5.214356568104332
7574,1.2842872988213831
7575,13.46025677632328
7576,71.272774722406
7577,0.8097021898223394
7578,10.615033470542155
7579,-2.689231178343026
7580,5.77910043283528
7581,6.661430181806622
7582,-0.2663151511638927
7583,7.762006442180441
7584,2.4140861294379126
7585,3.2378215842231532
7586,-4.3572327342837465
7587,2.9693250139095095
7588,-1.7877523597121845
7589,-5.156169941768411
7590,4.410796084644851
7591,-4.358758065785929
7592,25.22413202030874
7593,15.520175495546537
7594,0.9715728233793335
7595,1.3100472550805442
7596,3.0753936323957918
7597,15.920133858738772
7598,18.681096161684685
7599,9.046148541687398
7600,-5.088879233110534
7601,3.3931654322731624
7602,-5.6879019668115305
7603,-0.8038945509310537
7604,-2.343109346951626
7605,1.5185326653147522
7606,9.912939135359442
7607,-5.318085981520595
7608,2.8653513558688037
7609,10.291117631067227
7610,-4.745601528218928
7611,6.433112423919779
7612,9.68409397780229
7613,3.598818250788172
7614,-3.5891997421162203
7615,4.426188999364244
7616,-0.8602256869268243
7617,7.7094581707576015
7618,2.9921192733224835
7619,23.71895262561948
7620,6.121126577834753
7621,-1.7021743777163922
7622,-3.0945723705851442
7623,0.6856409428882089
7624,5.565864019579138
7625,1.612430179065498
7626,-3.1677110373536377
7627,3.6061215278189946
7628,9.852982636661343
7629,24.16197452069023
7630,0.3134714218135077
7631,7.401030554969115
7632,2.230821274218667
7633,0.543465889521213
7634,16.74309654742648
7635,3.450249067096476
7636,1.100868062159354
7637,8.343904826419067
7638,0.0733529305059733
7639,3.6805820705236183
7640,-0.48197382104625885
7641,6.22974143834347
7642,-1.266982277291517
7643,1.2953103564798674
7644,-1.3136536896159834
7645,10.599348122643828
7646,-2.7548961770130065
7647,13.436142439316283
7648,4.151822718314375
7649,6.989174738193523
7650,5.546548468870963
7651,11.888342667915175
7652,-2.9131958450160393
7653,0.2570286494086524
7654,-0.7351644286783781
7655,-3.739862212536584
7656,5.15228540946862
7657,8.002881473400185
7658,15.609144411770007
7659,12.183212501172422
7660,7.30217287769597
7661,15.583122810103625
7662,-3.655106600521545
7663,-1.9448231273472725
7664,2.5054696991230316
7665,4.533139793242478
7666,4.320560833356295
7667,8.504444529642452
7668,0.31592501597014067
7669,19.813252986586733
7670,8.962889054371598
7671,18.97375074366039
7672,6.09624486839439
7673,-0.561435225824171
7674,16.297396565468972
7675,0.8706822293936544
7676,6.780810147861094
7677,-0.12408355395917574
7678,7.094086462291933
7679,-4.640695125472456
7680,3.2770802621165176
7681,9.624223135517227
7682,11.162767954490645
7683,5.574909402561662
7684,3.9952667724793685
7685,8.714841826481264
7686,2.2672349247669326
7687,5.684319859342162
7688,-5.985435805959614
7689,4.140882873760443
7690,6.327995907958295
7691,1.2349033771464495
7692,-3.247578734742613
7693,3.4043304778895287
7694,3.378039516766193
7695,-2.4222808678376118
7696,-3.4460784298260476
7697,-1.9994810254762292
7698,-1.5657729481647125
7699,-3.062877558519259
7700,65.65348937609068
7701,23.11867066136529
7702,14.393476773320337
7703,4.62413365493345
7704,3.423370631913261
7705,-0.5706478968289623
7706,2.8249317390620607
7707,-2.6743588247701786
7708,20.513360714719255
7709,3.12538843365914
7710,1.4554497299324605
7711,0.24385482464782277
7712,3.6343871510572745
7713,13.063512962770822
7714,11.774230403312213
7715,5.721232359366845
7716,5.7523482054210096
7717,4.6126841598009145
7718,1.6192804778499115
7719,2.100844037099024
7720,-3.920721940694197
7721,-2.7287416793675696
7722,7.854491673457597
7723,9.759220905671615
7724,3.827543000497535
7725,0.16371544861365242
7726,-4.1061530403416615
7727,6.10153910127886
7728,0.5116106230566558
7729,-3.236006502047568
7730,8.810609742864942
7731,5.774800859826021
7732,-0.6710197317259684
7733,-3.770665939219544
7734,-6.116247127573033
7735,3.3975804136228405
7736,14.8351002118014
7737,-4.622983632072496
7738,3.654867896922463
7739,4.7718078367073815
7740,4.418200194306036
7741,-3.559485273280184
7742,-8.215327210542062
7743,-0.0953154412283304
7744,6.273156450519754
7745,3.442523856610002
7746,5.2930290953910095
7747,18.342157183682307
7748,2.5211226852197384
7749,1.3178121807713283
7750,57.533085964957365
7751,1.9662246857625811
7752,-3.429984038617337
7753,0.6057443997492733
7754,-6.701009938973077
7755,4.25737616116292
7756,-0.08985046762069118
7757,5.157564741879838
7758,27.178310476619007
7759,17.48680416769548
7760,5.110758549931023
7761,-2.8837548991516364
7762,8.417288071188272
7763,5.900239279376795
7764,3.9925387784800925
7765,11.731061392511846
7766,0.14775705829380786
7767,12.802555225828499
7768,3.384743208630339
7769,33.50082774289153
7770,3.1051389947111367
7771,5.983867889297709
7772,4.004491287481437
7773,4.732498366664922
7774,4.453279642335369
7775,7.510949781629203
7776,3.5303642362717382
7777,4.375347656402719
7778,3.35370564073492
7779,0.5260338138760161
7780,-2.3913899726941064
7781,4.470399694190231
7782,28.064838944600346
7783,5.073571249987909
7784,8.00478393273093
7785,6.26024651191471
7786,19.971952684274818
7787,13.23220789056036
7788,3.5031523863734453
7789,-1.8459002877775574
7790,-0.37710090318247014
7791,58.261960983674015
7792,0.6048400006410471
7793,0.78015747169379
7794,1.0141188023717613
7795,90.02918049564721
7796,-2.8440060366638793
7797,-1.3820975744146486
7798,-1.6102027261660417
7799,-4.168021532699906
7800,7.21118792343195
7801,16.680458114016457
7802,-1.7562266720159434
7803,-1.0376821619566947
7804,5.188926866804522
7805,-1.5571795137612665
7806,44.07821081011947
7807,-4.242985678536938
7808,7.925658538500299
7809,10.741006600956513
7810,12.314987076641394
7811,8.50443736530356
7812,2.4976058000392656
7813,4.396721172836348
7814,7.013883058434905
7815,-0.06007061399718833
7816,2.2094713877519125
7817,-3.5546486946058593
7818,4.836746070401757
7819,4.458752063866211
7820,27.581556250049854
7821,7.12434760371539
7822,9.886031670416537
7823,-5.51060052956926
7824,8.799168365074756
7825,-4.4460490399124435
7826,5.188187287547593
7827,5.769917345502272
7828,3.6645178528639972
7829,-2.592387492904645
7830,5.137180714709473
7831,22.126338676529933
7832,4.497397727282582
7833,1.140168251237708
7834,5.039387512295264
7835,4.086622244091328
7836,25.139867877892286
7837,-0.1521758688187319
7838,0.8860484940732221
7839,4.333985294257
7840,-5.348737474037268
7841,35.741704287493306
7842,3.4733875226421627
7843,7.8779806261142
7844,5.855386919778738
7845,-2.994711489540308
7846,14.137532892670576
7847,7.395623355401602
7848,5.303395679061939
7849,32.52635952636457
7850,7.3222481369086765
7851,11.808649704144917
7852,5.169152462611225
7853,10.296268203961132
7854,-1.005191828208118
7855,-5.463870595938496
7856,0.079316979525959
7857,-2.8480685704373903
7858,1.3804590742564213
7859,-0.2049916297718472
7860,11.070572346927673
7861,4.06828042489629
7862,3.900130061027556
7863,-4.103526506920542
7864,4.100250829676188
7865,8.403447289539233
7866,6.874613554538775
7867,3.1199315375389363
7868,5.508687240061733
7869,7.09457997278123
7870,8.989867739908343
7871,5.199114839617054
7872,2.0433672023259444
7873,8.281685782456169
7874,11.416177840874983
7875,16.51348105919646
7876,1.14241439715879
7877,2.2088088257726683
7878,39.47867118785881
7879,27.147182966984932
7880,8.664371477786391
7881,6.246634239894438
7882,7.556920353753673
7883,7.104102551780986
7884,-1.4505040069922317
7885,4.247054131439163
7886,6.039079651884945
7887,-2.3358612384548145
7888,-1.6481120790088784
7889,47.4203254493678
7890,6.746595058460224
7891,3.7872046798457966
7892,7.663449990133429
7893,-1.482522203209418
7894,-5.427156524775677
7895,10.23005398483214
7896,37.840100022763885
7897,1.6780619588868384
7898,18.191323442437593
7899,-4.880257273281966
7900,3.034178129041503
7901,6.343285860296751
7902,2.4370479043696456
7903,-0.07238209721428823
7904,5.620137301165363
7905,-2.9595595410464943
7906,2.71338376529433
7907,6.754954434969342
7908,0.3905365771554245
7909,-3.8531533588065683
7910,2.3544756281490637
7911,4.436048132509795
7912,6.215121485807225
7913,6.123561200870787
7914,7.719102524506836
7915,6.108526259671679
7916,20.057628927190077
7917,10.353890389441581
7918,5.628828891429851
7919,5.039925107586697
7920,14.559044949242136
7921,1.2620316073312305
7922,3.4677653094371106
7923,-0.21744949453122828
7924,-4.5638732517344245
7925,6.224776170649385
7926,8.121789375526655
7927,7.335223835554941
7928,-1.3197566935443135
7929,5.6238964504566535
7930,-3.9227742176761162
7931,8.268727116964603
7932,3.232876288098504
7933,28.53958188670292
7934,8.983959336007858
7935,-5.514243024323368
7936,-4.639054780945098
7937,6.699235913045854
7938,9.251258103937694
7939,30.80806244486547
7940,0.993348788676007
7941,3.5646984526541616
7942,-4.7578445493313914
7943,3.8908865968689272
7944,-2.3968909905369116
7945,-1.6236488828330558
7946,7.39036401504868
7947,2.8306684820145356
7948,9.570210371163572
7949,2.337866928185737
7950,40.2936701144586
7951,4.736905620311065
7952,-0.9157717731449878
7953,2.958154801528076
7954,14.752998391303104
7955,7.284264656403903
7956,2.444169812047881
7957,12.78429023103724
7958,-1.1252402863734394
7959,3.312439356902063
7960,-1.9423001711845054
7961,-5.81139866894246
7962,6.503071131178383
7963,3.565279632554457
7964,0.1354429913598828
7965,1.7005077280505738
7966,16.51031098052388
7967,-1.1812227134858069
7968,3.6055558142339565
7969,16.61557865319632
7970,4.009392346955039
7971,-5.675071406115018
7972,0.7984544005031416
7973,2.6787524254601163
7974,14.640868211182719
7975,2.9142414236129843
7976,13.104794110045594
7977,4.575569049129393
7978,-2.4410529643388643
7979,-0.8076366177214365
7980,3.603616532336023
7981,2.612574135401383
7982,9.630877709127262
7983,13.713086289393196
7984,-2.8824951197345188
7985,6.801704321147844
7986,-6.264670777860728
7987,9.204523676357411
7988,3.1294349098466214
7989,-3.045319764914111
7990,4.256786571385973
7991,37.218695836592545
7992,-6.3812699943289415
7993,19.994222914751955
7994,4.140128464471122
7995,17.066455625662453
7996,9.42823689059927
7997,8.603065817781973
7998,1.8855168039124899
7999,11.458519242093104
8000,5.746550833334377
8001,8.824879645531048
8002,5.5534542973637455
8003,9.561716841425724
8004,8.87879493519015
8005,-1.360380872326888
8006,6.643767919368636
8007,2.0287563106499453
8008,7.638096430435952
8009,-1.3202639765936643
8010,-4.235278245192902
8011,8.120975948337865
8012,1.7084141664539019
8013,41.888295425418804
8014,9.971971029742484
8015,79.2004565978002
8016,7.148440968589043
8017,1.929057633901352
8018,-4.707230165708415
8019,5.593027164355105
8020,3.0620423526862517
8021,11.34223886720514
8022,-5.606293753886871
8023,6.590536981436159
8024,3.7435047067166227
8025,-5.369722495478353
8026,8.363590655706052
8027,3.928691558965844
8028,2.968585544065323
8029,-3.370245172153271
8030,6.288105114758297
8031,-2.3908434843925406
8032,8.075523053773923
8033,-1.7486347829848718
8034,12.158132273924693
8035,5.231112623483016
8036,7.61745585600128
8037,2.3054368126281166
8038,52.94528069438421
8039,-1.2290892827282232
8040,-2.795576953677982
8041,6.626164938845867
8042,-0.31397731545858537
8043,7.7532199058091535
8044,9.4810862882067
8045,-0.4972674469866241
8046,4.027475016315109
8047,-1.9853494723738634
8048,1.6155907709183124
8049,-4.878004882784844
8050,37.35043094293574
8051,3.9389701111430666
8052,2.2634600789605672
8053,4.076853726626779
8054,2.0837989661888177
8055,11.10666081213182
8056,4.426704736475992
8057,17.250722636683093
8058,14.86712499568861
8059,3.3575831348319793
8060,-1.0184591702735375
8061,-4.916176563377247
8062,-2.401229856574887
8063,2.5910061980838806
8064,3.292578947531741
8065,3.3614009721734384
8066,16.725126110266928
8067,8.025389880611074
8068,7.526300866740402
8069,3.3529135389372176
8070,6.337545980787863
8071,3.636762236525354
8072,0.03365672694706273
8073,10.874553280202784
8074,-2.820954888269635
8075,7.151660273228073
8076,4.74158223598722
8077,8.318739245368649
8078,19.838556404050422
8079,27.02993464755097
8080,8.159499503128066
8081,8.79824510396625
8082,-1.5587101795003782
8083,13.818221562994504
8084,3.1929485377321445
8085,-8.143493661129156
8086,-1.9803295526166722
8087,2.079933018784113
8088,7.5273815931118975
8089,4.921683250231769
8090,4.179642641297658
8091,2.4026322044976585
8092,10.312571540817986
8093,7.294530860548543
8094,4.808960087726815
8095,5.654578887498488
8096,5.07133868387183
8097,6.234388115314961
8098,0.2307525411292185
8099,5.1431332148618445
8100,2.278882313996302
8101,7.5045139754713075
8102,-2.8740724062839518
8103,3.4370152006583234
8104,-5.53083202099555
8105,25.7208428944237
8106,36.4336599224503
8107,2.307332196878856
8108,-0.6516944778448253
8109,-1.0521038461499925
8110,4.686435854840032
8111,2.0387345675337136
8112,9.427335892933568
8113,-0.4945899032845894
8114,6.221214608527366
8115,3.8387198679329937
8116,3.0876196185331812
8117,8.488846079325779
8118,5.710888276612923
8119,1.9525804039936259
8120,5.486668889578296
8121,7.479626009952284
8122,3.577380397274523
8123,20.624659963316713
8124,1.485091768126509
8125,2.223922623162921
8126,7.094131193452463
8127,-4.149660678018797
8128,6.0987841569687316
8129,9.438573677503259
8130,7.540356761582937
8131,-0.4411244734103065
8132,3.7811746911205617
8133,15.522308055283032
8134,4.48215773788334
8135,-2.2311414750793936
8136,0.5886364354052092
8137,7.102322705264095
8138,-2.3371847992796586
8139,27.75517521977889
8140,7.526465336829872
8141,16.590352310099117
8142,12.138898811402564
8143,7.33236715556043
8144,3.8348421141647884
8145,4.687256504504786
8146,9.344341077927387
8147,5.972895636206531
8148,-0.5830186213369003
8149,8.038655626313563
8150,42.78965154477949
8151,6.153532766988959
8152,6.72337659849236
8153,4.1789238445130374
8154,4.292519637681887
8155,1.1638487160626425
8156,5.949686827656408
8157,-2.4459294749724534
8158,18.73280787551226
8159,2.8141854674224556
8160,-2.4658739495511695
8161,6.883137041593805
8162,3.1953251843330777
8163,5.856776096546632
8164,2.2939604240118405
8165,43.27272721880372
8166,5.941505952482866
8167,-4.855712813200048
8168,8.196810639355222
8169,-1.922348630923929
8170,5.166288589489659
8171,-2.8268525564049574
8172,3.8887090613248816
8173,-12.541566006562743
8174,7.221735621705941
8175,6.949600032080171
8176,2.094384715132649
8177,5.491481357971912
8178,-1.093849809517791
8179,10.307895648299766
8180,47.56050296146111
8181,13.69900575973595
8182,-3.8446573125954977
8183,-5.340135904083852
8184,-5.197560571269588
8185,5.357120151024237
8186,9.561464766105114
8187,21.290426622640744
8188,-0.5624195229198812
8189,1.3047300902129675
8190,3.9801753073469235
8191,6.804091479537021
8192,11.60330380074865
8193,42.308392738958474
8194,0.761441542617126
8195,5.157463172963066
8196,-1.6872881494986252
8197,9.206411171785291
8198,3.989727246935059
8199,4.272372997619469
8200,1.6163160726996924
8201,3.1408459769199535
8202,-5.983643866660705
8203,18.404785466746976
8204,4.461996836698552
8205,1.6399063548790382
8206,12.933221611968467
8207,0.09328961189968221
8208,-1.350553557019642
8209,18.12230256270535
8210,-3.160895963587371
8211,-2.3085327296220717
8212,6.304928127441939
8213,6.7893153939880655
8214,14.945578294198253
8215,5.1496760560717325
8216,7.969278923747146
8217,3.4377285775260997
8218,12.789923061136275
8219,9.827260664643397
8220,42.49301729463025
8221,3.6544888686426544
8222,-2.729902523944115
8223,5.392785826475086
8224,5.994951187894541
8225,0.539544170297595
8226,8.536443018401089
8227,-2.897168064599959
8228,-4.938274712469358
8229,-3.5564794815271967
8230,-0.49445143384186485
8231,2.818622729056661
8232,6.015513332897491
8233,1.5086170656472013
8234,74.26588524231424
8235,31.831690404537127
8236,-2.10275326631026
8237,4.90930752362576
8238,16.887067400739245
8239,0.058708469986979095
8240,4.786208681454869
8241,5.304418176284491
8242,13.425951632684114
8243,5.168318523232129
8244,8.891756067690201
8245,4.685842869231197
8246,4.283591603147937
8247,8.063947728533078
8248,-4.359816335356486
8249,6.88433329776571
8250,5.556024968769864
8251,4.6622431022742115
8252,2.8535294477604842
8253,1.7758087834591665
8254,3.1347323823430155
8255,-0.41621408489675926
8256,3.584478360960601
8257,6.015266705867726
8258,4.65572602606181
8259,6.299272484912812
8260,1.5244364664480219
8261,-1.1918467184857036
8262,4.470517421463291
8263,5.081029579046856
8264,17.340539780139142
8265,76.44599472344876
8266,-2.7287416793675696
8267,-4.751238850383074
8268,5.6140495499478575
8269,10.656422130210492
8270,17.478032578725472
8271,10.670105243643109
8272,-2.949077652030899
8273,-3.7573075002769585
8274,4.637743636734954
8275,2.521916203762156
8276,3.926900520753368
8277,-1.3558351469150836
8278,-1.8750480115614405
8279,-0.5074771077890151
8280,0.8455891822133672
8281,10.139115666017497
8282,4.597635937472589
8283,-2.9595595410464943
8284,12.81192196492299
8285,6.2539962388930626
8286,3.6591868749960774
8287,8.157857360285643
8288,8.152048802853114
8289,10.20816136472288
8290,6.0127745792979095
8291,-4.039760439006002
8292,-1.71088907924821
8293,0.8329960483970118
8294,7.2765267371048905
8295,4.373833796098847
8296,6.337682584179121
8297,27.427131600988645
8298,5.764388167489786
8299,1.1975347214185188
8300,0.08529591257052671
8301,-5.670119066908212
8302,-3.316198839305372
8303,4.4321137203352245
8304,3.7177356486751605
8305,0.3356432709367603
8306,6.340362851500893
8307,7.428974709178376
8308,2.451909214811399
8309,1.9858424714313978
8310,5.532530581942644
8311,-0.5664712326135828
8312,23.088168756726482
8313,-0.8378306159322058
8314,12.406030539568185
8315,6.402697749989706
8316,6.408910652696529
8317,1.4852479303462125
8318,5.057938603841928
8319,3.1745436976038834
8320,-1.737586594441261
8321,-2.2332131265173736
8322,1.373234029603917
8323,10.492928339156558
8324,1.6392359248394222
8325,12.216066022393946
8326,5.7462610110931
8327,-2.934788602760276
8328,23.884702415344247
8329,8.121640143044177
8330,4.67814754164809
8331,3.0398751245165436
8332,8.247151114197003
8333,0.5158929644651443
8334,12.385795432059894
8335,0.42701391530252
8336,-2.7003497137629138
8337,9.474568702207867
8338,3.92277132428107
8339,5.373002197720895
8340,1.0618669817959576
8341,6.930602175267318
8342,3.0579609606753175
8343,0.9229202464820301
8344,3.9424186263504684
8345,64.38093064361692
8346,0.24140109132137716
8347,18.248666908385434
8348,8.763130960443597
8349,-0.21324600918820413
8350,6.557749842441551
8351,4.553308560785624
8352,6.961170777374397
8353,45.506819463730196
8354,-1.3125316213693408
8355,12.10871871204564
8356,-1.0932740787912798
8357,5.340306933506792
8358,5.670650260463905
8359,7.789713465898145
8360,1.103894562945322
8361,2.9347498855101053
8362,5.711649612594995
8363,-1.2093847707265688
8364,8.826682570182655
8365,1.3068233651650765
8366,5.337170412557786
8367,-3.1477901564687523
8368,-3.108643962590782
8369,96.11670773105999
8370,10.351621005130813
8371,2.7974763065752377
8372,-2.4351966845395863
8373,3.262451658361033
8374,-4.614317800907679
8375,-3.0004760121303145
8376,8.982277524303834
8377,4.090076137796859
8378,5.360134707901881
8379,10.997353064657466
8380,-0.5805394892514827
8381,4.845169872836662
8382,7.832335013886836
8383,15.1717549545397
8384,4.353191142206729
8385,-2.941945613326804
8386,59.05178353872255
8387,2.6828072795068216
8388,2.190432993098647
8389,5.966176916759217
8390,19.52916671928463
8391,-2.803629543475062
8392,3.2933331124886918
8393,8.377423284466229
8394,2.2751831945485614
8395,27.9390379953039
8396,-3.6127159284179955
8397,4.206869832635544
8398,-1.063317270511158
8399,6.25747187836005
8400,3.5854373701447644
8401,5.124401005860669
8402,-0.3699299316030922
8403,0.7221416072684249
8404,-1.0354755099841326
8405,8.742165525081495
8406,2.6653060687594685
8407,8.24601796961817
8408,-4.135042288738833
8409,5.648861193939768
8410,16.27301786888863
8411,18.890962871326266
8412,-1.2720912033589569
8413,-0.1233682234613934
8414,3.5468217235200945
8415,-1.7105543270291093
8416,83.46543719594085
8417,4.388979437678847
8418,6.752561315011193
8419,-3.903531943790668
8420,-3.9229525953375832
8421,-2.4033750162962924
8422,-1.4941189985593633
8423,2.2628699701128605
8424,-2.6411208948451366
8425,7.553812940735445
8426,17.131574979413372
8427,8.943643549973476
8428,5.528771257476151
8429,2.205823081539722
8430,26.89508824895097
8431,2.26394176541314
8432,6.189969313885637
8433,8.136099800861212
8434,6.016630766347325
8435,0.0802970968388741
8436,2.1349826925462057
8437,3.0222815643767813
8438,5.539759568660362
8439,13.108822113147548
8440,3.775546287425084
8441,-2.0602820379339852
8442,2.2671712138121722
8443,6.446756202618051
8444,5.276340770364943
8445,11.137272802917252
8446,19.419648460988196
8447,-1.1774712872139932
8448,-2.7078597726557554
8449,21.87903963523827
8450,-4.274432257788448
8451,11.5892982035207
8452,2.587477145563833
8453,35.49655633211537
8454,3.9625483496180083
8455,-0.019941750914372725
8456,-0.3244953948164735
8457,6.9933058430892
8458,0.3907843652715471
8459,-0.573425144262119
8460,2.632739877313236
8461,13.731100540928608
8462,11.738802106401446
8463,8.281434942152105
8464,1.3632102000643767
8465,8.684714508697194
8466,1.0840661597160357
8467,0.9715038222874179
8468,-0.789802172531232
8469,-0.4640206985669423
8470,2.0428271518442354
8471,77.73660062058211
8472,3.1750215927108383
8473,8.6043412051673
8474,61.39829662022748
8475,-2.4658739495511695
8476,0.686602097570605
8477,-0.9607705407877354
8478,4.658985993515765
8479,3.126510807525853
8480,-1.7319225650628876
8481,4.039158302336066
8482,-1.9287732101699298
8483,15.608804466259242
8484,9.85980766761078
8485,3.9604822314485375
8486,7.225797537294865
8487,5.891998804469096
8488,3.4925216334080185
8489,36.0460993780729
8490,4.022989786302123
8491,6.210259452463214
8492,5.516034966332604
8493,5.821298011475777
8494,1.6759686429509726
8495,12.063216243002262
8496,9.141895759528994
8497,-2.858667809953449
8498,-5.1981794021227286
8499,-4.267656655190736
8500,3.889767959635153
8501,20.240081135910703
8502,1.4462481880073703
8503,1.2277352342466823
8504,8.15233508495171
8505,4.984772924019177
8506,3.033960004090843
8507,0.3851489803332416
8508,5.013952328964816
8509,-2.1090435765150715
8510,-2.617149668797827
8511,4.142152456132328
8512,0.7229398160658611
8513,0.18750271337172242
8514,1.6322809715225128
8515,5.322820327898591
8516,2.2501702737052436
8517,-4.424939290461356
8518,25.0617056776128
8519,13.24418219705797
