id,tvt
000d7d20_1442,11749.18967003263
000d7d20_1443,11749.18967003263
000d7d20_1444,11749.18967003263
000d7d20_1445,11748.62903359054
000d7d20_1446,11748.62903359054
000d7d20_1447,11748.839341526751
000d7d20_1448,11748.839341526751
000d7d20_1449,11748.839341526751
000d7d20_1450,11748.62903359054
000d7d20_1451,11748.768687270018
000d7d20_1452,11748.98601009264
000d7d20_1453,11748.98601009264
000d7d20_1454,11748.768687270018
000d7d20_1455,11748.839341526751
000d7d20_1456,11748.839341526751
000d7d20_1457,11748.62903359054
000d7d20_1458,11748.62903359054
000d7d20_1459,11748.297582146239
000d7d20_1460,11748.087274210027
000d7d20_1461,11748.768687270018
000d7d20_1462,11748.62903359054
000d7d20_1463,11748.62903359054
000d7d20_1464,11748.98601009264
000d7d20_1465,11748.839341526751
000d7d20_1466,11748.839341526751
000d7d20_1467,11748.839341526751
000d7d20_1468,11748.839341526751
000d7d20_1469,11749.18967003263
000d7d20_1470,11749.18967003263
000d7d20_1471,11749.467227841395
000d7d20_1472,11749.320559275506
000d7d20_1473,11749.18967003263
000d7d20_1474,11749.18967003263
000d7d20_1475,11749.18967003263
000d7d20_1476,11748.988593544329
000d7d20_1477,11748.988593544329
000d7d20_1478,11748.988593544329
000d7d20_1479,11748.988593544329
000d7d20_1480,11748.988593544329
000d7d20_1481,11751.368881733415
000d7d20_1482,11751.368881733415
000d7d20_1483,11751.368881733415
000d7d20_1484,11751.368881733415
000d7d20_1485,11751.368881733415
000d7d20_1486,11751.368881733415
000d7d20_1487,11751.368881733415
000d7d20_1488,11751.368881733415
000d7d20_1489,11751.368881733415
000d7d20_1490,11751.368881733415
000d7d20_1491,11749.18967003263
000d7d20_1492,11749.18967003263
000d7d20_1493,11749.18967003263
000d7d20_1494,11749.18967003263
000d7d20_1495,11749.18967003263
000d7d20_1496,11749.467227841395
000d7d20_1497,11749.467227841395
000d7d20_1498,11749.320559275506
000d7d20_1499,11749.467227841395
000d7d20_1500,11749.467227841395
000d7d20_1501,11749.320559275506
000d7d20_1502,11749.18967003263
000d7d20_1503,11749.18967003263
000d7d20_1504,11749.18967003263
000d7d20_1505,11749.18967003263
000d7d20_1506,11748.988593544329
000d7d20_1507,11749.011431743016
000d7d20_1508,11749.011431743016
000d7d20_1509,11749.011431743016
000d7d20_1510,11749.011431743016
000d7d20_1511,11749.18967003263
000d7d20_1512,11749.467227841395
000d7d20_1513,11749.320559275506
000d7d20_1514,11749.18967003263
000d7d20_1515,11749.18967003263
000d7d20_1516,11749.18967003263
000d7d20_1517,11748.894480763229
000d7d20_1518,11748.988593544329
000d7d20_1519,11749.106589673911
000d7d20_1520,11748.988593544329
000d7d20_1521,11748.988593544329
000d7d20_1522,11748.988593544329
000d7d20_1523,11749.18967003263
000d7d20_1524,11749.18967003263
000d7d20_1525,11749.18967003263
000d7d20_1526,11749.18967003263
000d7d20_1527,11748.988593544329
000d7d20_1528,11748.988593544329
000d7d20_1529,11748.988593544329
000d7d20_1530,11748.988593544329
000d7d20_1531,11748.988593544329
000d7d20_1532,11748.988593544329
000d7d20_1533,11748.988593544329
000d7d20_1534,11748.988593544329
000d7d20_1535,11749.18967003263
000d7d20_1536,11749.18967003263
000d7d20_1537,11749.18967003263
000d7d20_1538,11749.18967003263
000d7d20_1539,11749.18967003263
000d7d20_1540,11749.18967003263
000d7d20_1541,11749.18967003263
000d7d20_1542,11749.33633859852
000d7d20_1543,11749.467227841395
000d7d20_1544,11749.320559275506
000d7d20_1545,11748.959144572129
000d7d20_1546,11748.62903359054
000d7d20_1547,11748.839341526751
000d7d20_1548,11748.839341526751
000d7d20_1549,11748.839341526751
000d7d20_1550,11748.839341526751
000d7d20_1551,11748.768687270018
000d7d20_1552,11748.98601009264
000d7d20_1553,11748.839341526751
000d7d20_1554,11748.98601009264
000d7d20_1555,11748.839341526751
000d7d20_1556,11749.07410401778
000d7d20_1557,11749.320559275506
000d7d20_1558,11749.320559275506
000d7d20_1559,11749.467227841395
000d7d20_1560,11749.249905018773
000d7d20_1561,11748.62903359054
000d7d20_1562,11748.33963692553
000d7d20_1563,11748.839341526751
000d7d20_1564,11747.797877545017
000d7d20_1565,11747.797877545017
000d7d20_1566,11748.297582146239
000d7d20_1567,11747.797877545017
000d7d20_1568,11748.297582146239
000d7d20_1569,11748.297582146239
000d7d20_1570,11747.797877545017
000d7d20_1571,11747.797877545017
000d7d20_1572,11748.444250712128
000d7d20_1573,11748.297582146239
000d7d20_1574,11748.297582146239
000d7d20_1575,11748.297582146239
000d7d20_1576,11748.839341526751
000d7d20_1577,11747.797877545017
000d7d20_1578,11747.797877545017
000d7d20_1579,11747.797877545017
000d7d20_1580,11748.297582146239
000d7d20_1581,11748.297582146239
000d7d20_1582,11748.297582146239
000d7d20_1583,11748.087274210027
000d7d20_1584,11748.98601009264
000d7d20_1585,11748.839341526751
000d7d20_1586,11748.33963692553
000d7d20_1587,11748.839341526751
000d7d20_1588,11748.087274210027
000d7d20_1589,11748.444250712128
000d7d20_1590,11748.297582146239
000d7d20_1591,11748.98601009264
000d7d20_1592,11748.62903359054
000d7d20_1593,11748.839341526751
000d7d20_1594,11748.98601009264
000d7d20_1595,11748.839341526751
000d7d20_1596,11748.839341526751
000d7d20_1597,11748.839341526751
000d7d20_1598,11748.839341526751
000d7d20_1599,11749.18967003263
000d7d20_1600,11749.18967003263
000d7d20_1601,11748.768687270018
000d7d20_1602,11748.839341526751
000d7d20_1603,11748.839341526751
000d7d20_1604,11748.98601009264
000d7d20_1605,11748.839341526751
000d7d20_1606,11748.959144572129
000d7d20_1607,11748.959144572129
000d7d20_1608,11748.959144572129
000d7d20_1609,11749.18967003263
000d7d20_1610,11749.467227841395
000d7d20_1611,11749.320559275506
000d7d20_1612,11749.320559275506
000d7d20_1613,11749.320559275506
000d7d20_1614,11749.320559275506
000d7d20_1615,11749.467227841395
000d7d20_1616,11749.320559275506
000d7d20_1617,11749.320559275506
000d7d20_1618,11749.320559275506
000d7d20_1619,11749.320559275506
000d7d20_1620,11749.18967003263
000d7d20_1621,11749.467227841395
000d7d20_1622,11749.467227841395
000d7d20_1623,11749.320559275506
000d7d20_1624,11749.320559275506
000d7d20_1625,11749.320559275506
000d7d20_1626,11749.07410401778
000d7d20_1627,11749.18967003263
000d7d20_1628,11749.18967003263
000d7d20_1629,11749.18967003263
000d7d20_1630,11749.105813138018
000d7d20_1631,11748.98601009264
000d7d20_1632,11748.714998038293
000d7d20_1633,11748.714998038293
000d7d20_1634,11749.09642909521
000d7d20_1635,11748.949760529322
000d7d20_1636,11749.196215787048
000d7d20_1637,11749.196215787048
000d7d20_1638,11749.342884352936
000d7d20_1639,11748.949760529322
000d7d20_1640,11748.949760529322
000d7d20_1641,11748.949760529322
000d7d20_1642,11748.949760529322
000d7d20_1643,11749.342884352936
000d7d20_1644,11749.342884352936
000d7d20_1645,11749.196215787048
000d7d20_1646,11749.342884352936
000d7d20_1647,11749.09642909521
000d7d20_1648,11748.949760529322
000d7d20_1649,11748.83480108367
000d7d20_1650,11748.83480108367
000d7d20_1651,11748.83480108367
000d7d20_1652,11749.065326544172
000d7d20_1653,11749.065326544172
000d7d20_1654,11748.861666604182
000d7d20_1655,11748.714998038293
000d7d20_1656,11748.714998038293
000d7d20_1657,11749.064552558262
000d7d20_1658,11748.917883992373
000d7d20_1659,11749.27929869575
000d7d20_1660,11749.064552558262
000d7d20_1661,11748.917883992373
000d7d20_1662,11748.798080946995
000d7d20_1663,11748.944749512884
000d7d20_1664,11748.798080946995
000d7d20_1665,11748.917883992373
000d7d20_1666,11749.064552558262
000d7d20_1667,11748.917883992373
000d7d20_1668,11749.032843438024
000d7d20_1669,11749.032843438024
000d7d20_1670,11749.064552558262
000d7d20_1671,11748.798080946995
000d7d20_1672,11748.944749512884
000d7d20_1673,11748.944749512884
000d7d20_1674,11748.798080946995
000d7d20_1675,11748.885056251767
000d7d20_1676,11749.095364187979
000d7d20_1677,11749.095364187979
000d7d20_1678,11748.553604807466
000d7d20_1679,11748.553604807466
000d7d20_1680,11749.445692693858
000d7d20_1681,11749.445692693858
000d7d20_1682,11749.445692693858
000d7d20_1683,11749.445692693858
000d7d20_1684,11749.443220145467
000d7d20_1685,11749.443220145467
000d7d20_1686,11749.443220145467
000d7d20_1687,11749.443220145467
000d7d20_1688,11749.239560205477
000d7d20_1689,11749.239560205477
000d7d20_1690,11749.239560205477
000d7d20_1691,11749.022237382855
000d7d20_1692,11749.092891639588
000d7d20_1693,11749.092891639588
000d7d20_1694,11749.239560205477
000d7d20_1695,11749.239560205477
000d7d20_1696,11749.022237382855
000d7d20_1697,11748.882583703376
000d7d20_1698,11749.092891639588
000d7d20_1699,11749.239560205477
000d7d20_1700,11749.092891639588
000d7d20_1701,11749.092891639588
000d7d20_1702,11749.092891639588
000d7d20_1703,11749.092891639588
000d7d20_1704,11749.443220145467
000d7d20_1705,11749.443220145467
000d7d20_1706,11749.443220145467
000d7d20_1707,11749.443220145467
000d7d20_1708,11749.443220145467
000d7d20_1709,11749.404435275197
000d7d20_1710,11749.200775335206
000d7d20_1711,11749.320578380584
000d7d20_1712,11749.320578380584
000d7d20_1713,11749.173909814695
000d7d20_1714,11749.320578380584
000d7d20_1715,11749.435537826235
000d7d20_1716,11749.288869260346
000d7d20_1717,11749.200775335206
000d7d20_1718,11748.983452512584
000d7d20_1719,11749.054106769318
000d7d20_1720,11749.200775335206
000d7d20_1721,11749.200775335206
000d7d20_1722,11749.200775335206
000d7d20_1723,11749.054106769318
000d7d20_1724,11749.054106769318
000d7d20_1725,11749.173909814695
000d7d20_1726,11749.200775335206
000d7d20_1727,11749.200775335206
000d7d20_1728,11749.054106769318
000d7d20_1729,11749.200775335206
000d7d20_1730,11749.200775335206
000d7d20_1731,11749.054106769318
000d7d20_1732,11748.983452512584
000d7d20_1733,11749.054106769318
000d7d20_1734,11749.054106769318
000d7d20_1735,11749.200775335206
000d7d20_1736,11749.320578380584
000d7d20_1737,11749.535324518072
000d7d20_1738,11749.681993083961
000d7d20_1739,11749.435537826235
000d7d20_1740,11749.320578380584
000d7d20_1741,11749.200775335206
000d7d20_1742,11749.054106769318
000d7d20_1743,11749.320578380584
000d7d20_1744,11749.173909814695
000d7d20_1745,11749.535324518072
000d7d20_1746,11749.535324518072
000d7d20_1747,11749.535324518072
000d7d20_1748,11749.404435275197
000d7d20_1749,11749.404435275197
000d7d20_1750,11749.404435275197
000d7d20_1751,11749.671539886218
000d7d20_1752,11749.671539886218
000d7d20_1753,11749.671539886218
000d7d20_1754,11749.671539886218
000d7d20_1755,11749.671539886218
000d7d20_1756,11749.671539886218
000d7d20_1757,11749.702642437256
000d7d20_1758,11749.555973871367
000d7d20_1759,11749.949097694982
000d7d20_1760,11749.949097694982
000d7d20_1761,11749.802429129093
000d7d20_1762,11749.802429129093
000d7d20_1763,11749.702642437256
000d7d20_1764,11749.441014425716
000d7d20_1765,11749.321211380338
000d7d20_1766,11749.802429129093
000d7d20_1767,11749.802429129093
000d7d20_1768,11749.671539886218
000d7d20_1769,11749.671539886218
000d7d20_1770,11749.671539886218
000d7d20_1771,11749.949097694982
000d7d20_1772,11749.802429129093
000d7d20_1773,11749.802429129093
000d7d20_1774,11749.802429129093
000d7d20_1775,11749.802429129093
000d7d20_1776,11749.671539886218
000d7d20_1777,11749.467879946227
000d7d20_1778,11749.321211380338
000d7d20_1779,11749.321211380338
000d7d20_1780,11749.587682991605
000d7d20_1781,11749.441014425716
000d7d20_1782,11749.555973871367
000d7d20_1783,11749.949097694982
000d7d20_1784,11749.949097694982
000d7d20_1785,11749.802429129093
000d7d20_1786,11749.802429129093
000d7d20_1787,11749.802429129093
000d7d20_1788,11749.802429129093
000d7d20_1789,11749.04644894674
000d7d20_1790,11749.04644894674
000d7d20_1791,11749.193117512628
000d7d20_1792,11749.04644894674
000d7d20_1793,11749.04644894674
000d7d20_1794,11749.324006755503
000d7d20_1795,11749.177338189615
000d7d20_1796,11749.177338189615
000d7d20_1797,11749.177338189615
000d7d20_1798,11749.177338189615
000d7d20_1799,11749.04644894674
000d7d20_1800,11748.962592052127
000d7d20_1801,11748.962592052127
000d7d20_1802,11748.625466184127
000d7d20_1803,11748.745273131966
000d7d20_1804,11748.69612044086
000d7d20_1805,11748.69612044086
000d7d20_1806,11748.69612044086
000d7d20_1807,11748.102717120199
000d7d20_1808,11749.04644894674
000d7d20_1809,11749.04644894674
000d7d20_1810,11748.842789006749
000d7d20_1811,11748.962592052127
000d7d20_1812,11748.815923486238
000d7d20_1813,11748.815923486238
000d7d20_1814,11748.815923486238
000d7d20_1815,11749.177338189615
000d7d20_1816,11748.842789006749
000d7d20_1817,11748.842789006749
000d7d20_1818,11748.625466184127
000d7d20_1819,11748.842789006749
000d7d20_1820,11748.745273131966
000d7d20_1821,11748.625466184127
000d7d20_1822,11748.745273131966
000d7d20_1823,11748.625466184127
000d7d20_1824,11748.745273131966
000d7d20_1825,11748.625466184127
000d7d20_1826,11748.745273131966
000d7d20_1827,11748.842789006749
000d7d20_1828,11748.842789006749
000d7d20_1829,11748.745273131966
000d7d20_1830,11748.96771746374
000d7d20_1831,11748.870201588958
000d7d20_1832,11748.821048897851
000d7d20_1833,11748.870201588958
000d7d20_1834,11748.870201588958
000d7d20_1835,11748.821048897851
000d7d20_1836,11748.870201588958
000d7d20_1837,11748.750394641118
000d7d20_1838,11748.821048897851
000d7d20_1839,11748.96771746374
000d7d20_1840,11748.96771746374
000d7d20_1841,11748.821048897851
000d7d20_1842,11748.821048897851
000d7d20_1843,11748.821048897851
000d7d20_1844,11748.821048897851
000d7d20_1845,11749.17137740373
000d7d20_1846,11749.17137740373
000d7d20_1847,11748.750394641118
000d7d20_1848,11748.821048897851
000d7d20_1849,11748.821048897851
000d7d20_1850,11748.821048897851
000d7d20_1851,11748.821048897851
000d7d20_1852,11749.17137740373
000d7d20_1853,11748.870201588958
000d7d20_1854,11748.870201588958
000d7d20_1855,11748.821048897851
000d7d20_1856,11748.96771746374
000d7d20_1857,11748.977264935891
000d7d20_1858,11748.830596370002
000d7d20_1859,11748.977264935891
000d7d20_1860,11748.977264935891
000d7d20_1861,11748.830596370002
000d7d20_1862,11748.830596370002
000d7d20_1863,11748.830596370002
000d7d20_1864,11748.977264935891
000d7d20_1865,11748.830596370002
000d7d20_1866,11748.977264935891
000d7d20_1867,11748.977264935891
000d7d20_1868,11748.830596370002
000d7d20_1869,11748.830596370002
000d7d20_1870,11748.830596370002
000d7d20_1871,11748.830596370002
000d7d20_1872,11748.759942113269
000d7d20_1873,11748.830596370002
000d7d20_1874,11748.830596370002
000d7d20_1875,11748.977264935891
000d7d20_1876,11748.830596370002
000d7d20_1877,11748.95039941538
000d7d20_1878,11748.95039941538
000d7d20_1879,11748.977264935891
000d7d20_1880,11748.759942113269
000d7d20_1881,11748.830596370002
000d7d20_1882,11748.879749061109
000d7d20_1883,11748.854852691284
000d7d20_1884,11748.854852691284
000d7d20_1885,11749.001521257172
000d7d20_1886,11748.854852691284
000d7d20_1887,11748.854852691284
000d7d20_1888,11748.90400538239
000d7d20_1889,11749.001521257172
000d7d20_1890,11749.001521257172
000d7d20_1891,11748.854852691284
000d7d20_1892,11749.001521257172
000d7d20_1893,11749.001521257172
000d7d20_1894,11749.001521257172
000d7d20_1895,11748.854852691284
000d7d20_1896,11748.854852691284
000d7d20_1897,11748.854852691284
000d7d20_1898,11748.854852691284
000d7d20_1899,11749.205181197163
000d7d20_1900,11749.001521257172
000d7d20_1901,11748.78419843455
000d7d20_1902,11748.854852691284
000d7d20_1903,11748.90400538239
000d7d20_1904,11748.61460871738
000d7d20_1905,11748.310602061729
000d7d20_1906,11748.261449370622
000d7d20_1907,11749.001521257172
000d7d20_1908,11749.001521257172
000d7d20_1909,11748.854852691284
000d7d20_1910,11748.854852691284
000d7d20_1911,11748.78419843455
000d7d20_1912,11748.854852691284
000d7d20_1913,11749.001521257172
000d7d20_1914,11749.001521257172
000d7d20_1915,11748.854852691284
000d7d20_1916,11749.001521257172
000d7d20_1917,11748.78419843455
000d7d20_1918,11748.854852691284
000d7d20_1919,11749.001521257172
000d7d20_1920,11748.854852691284
000d7d20_1921,11748.974655736662
000d7d20_1922,11749.336070440038
000d7d20_1923,11749.482739005927
000d7d20_1924,11749.336070440038
000d7d20_1925,11749.336070440038
000d7d20_1926,11749.336070440038
000d7d20_1927,11749.236283748201
000d7d20_1928,11748.974655736662
000d7d20_1929,11748.78419843455
000d7d20_1930,11749.001521257172
000d7d20_1931,11748.854852691284
000d7d20_1932,11748.854852691284
000d7d20_1933,11748.974655736662
000d7d20_1934,11749.057291595645
000d7d20_1935,11750.313189609147
000d7d20_1936,11750.313189609147
000d7d20_1937,11750.355268257632
000d7d20_1938,11750.313189609147
000d7d20_1939,11750.34167837435
000d7d20_1940,11749.004104708862
000d7d20_1941,11749.351849763052
000d7d20_1942,11749.205181197163
000d7d20_1943,11749.205181197163
000d7d20_1944,11749.205181197163
000d7d20_1945,11749.004104708862
000d7d20_1946,11749.220781347882
000d7d20_1947,11749.220781347882
000d7d20_1948,11750.34167837435
000d7d20_1949,11749.220781347882
000d7d20_1950,11749.220781347882
000d7d20_1951,11749.220781347882
000d7d20_1952,11749.220781347882
000d7d20_1953,11749.220781347882
000d7d20_1954,11750.34167837435
000d7d20_1955,11750.34167837435
000d7d20_1956,11749.555731247801
000d7d20_1957,11749.555731247801
000d7d20_1958,11749.351849763052
000d7d20_1959,11749.205181197163
000d7d20_1960,11749.205181197163
000d7d20_1961,11748.466092060156
000d7d20_1962,11748.351132614505
000d7d20_1963,11748.231329569127
000d7d20_1964,11748.014006746505
000d7d20_1965,11748.084661003239
000d7d20_1966,11748.084661003239
000d7d20_1967,11748.231329569127
000d7d20_1968,11748.565878751993
000d7d20_1969,11748.434989509118
000d7d20_1970,11748.712547317882
000d7d20_1971,11748.565878751993
000d7d20_1972,11748.434989509118
000d7d20_1973,11748.565878751993
000d7d20_1974,11748.565878751993
000d7d20_1975,11748.434989509118
000d7d20_1976,11748.434989509118
000d7d20_1977,11748.434989509118
000d7d20_1978,11748.466092060156
000d7d20_1979,11748.319423494268
000d7d20_1980,11748.319423494268
000d7d20_1981,11748.319423494268
000d7d20_1982,11748.712547317882
000d7d20_1983,11748.565878751993
000d7d20_1984,11748.565878751993
000d7d20_1985,11748.712547317882
000d7d20_1986,11748.133809791883
000d7d20_1987,11748.231329569127
000d7d20_1988,11748.084661003239
000d7d20_1989,11748.084661003239
000d7d20_1990,11748.084661003239
000d7d20_1991,11748.084661003239
000d7d20_1992,11748.434989509118
000d7d20_1993,11748.434989509118
000d7d20_1994,11748.434989509118
000d7d20_1995,11748.434989509118
000d7d20_1996,11748.434989509118
000d7d20_1997,11748.434989509118
000d7d20_1998,11748.434989509118
000d7d20_1999,11748.434989509118
000d7d20_2000,11748.434989509118
000d7d20_2001,11748.466092060156
000d7d20_2002,11748.565878751993
000d7d20_2003,11748.565878751993
000d7d20_2004,11748.565878751993
000d7d20_2005,11748.581658075007
000d7d20_2006,11748.434989509118
000d7d20_2007,11748.434989509118
000d7d20_2008,11748.434989509118
000d7d20_2009,11748.434989509118
000d7d20_2010,11748.233913020817
000d7d20_2011,11748.581658075007
000d7d20_2012,11748.521811878756
000d7d20_2013,11748.320735390455
000d7d20_2014,11748.320735390455
000d7d20_2015,11748.320735390455
000d7d20_2016,11748.320735390455
000d7d20_2017,11748.320735390455
000d7d20_2018,11748.214383524233
000d7d20_2019,11748.537412029475
000d7d20_2020,11749.367727330664
000d7d20_2021,11749.658309055943
000d7d20_2022,11748.214383524233
000d7d20_2023,11748.320735390455
000d7d20_2024,11748.521811878756
000d7d20_2025,11748.521811878756
000d7d20_2026,11748.668480444645
000d7d20_2027,11748.521811878756
000d7d20_2028,11748.521811878756
000d7d20_2029,11748.521811878756
000d7d20_2030,11748.521811878756
000d7d20_2031,11748.521811878756
000d7d20_2032,11748.521811878756
000d7d20_2033,11748.521811878756
000d7d20_2034,11748.521811878756
000d7d20_2035,11748.521811878756
000d7d20_2036,11748.521811878756
000d7d20_2037,11748.521811878756
000d7d20_2038,11748.521811878756
000d7d20_2039,11748.521811878756
000d7d20_2040,11748.521811878756
000d7d20_2041,11748.79936968752
000d7d20_2042,11748.652701121631
000d7d20_2043,11748.652701121631
000d7d20_2044,11748.652701121631
000d7d20_2045,11748.652701121631
000d7d20_2046,11748.668480444645
000d7d20_2047,11748.521811878756
000d7d20_2048,11748.652701121631
000d7d20_2049,11748.79936968752
000d7d20_2050,11748.652701121631
000d7d20_2051,11748.521811878756
000d7d20_2052,11748.79936968752
000d7d20_2053,11748.552914429794
000d7d20_2054,11748.171483372877
000d7d20_2055,11748.171483372877
000d7d20_2056,11748.171483372877
000d7d20_2057,11748.171483372877
000d7d20_2058,11748.521811878756
000d7d20_2059,11748.521811878756
000d7d20_2060,11748.318151938765
000d7d20_2061,11748.437954984143
000d7d20_2062,11748.291286418254
000d7d20_2063,11748.437954984143
000d7d20_2064,11748.437954984143
000d7d20_2065,11748.370047298118
000d7d20_2066,11748.370047298118
000d7d20_2067,11748.370047298118
000d7d20_2068,11748.516715864007
000d7d20_2069,11748.878130567384
000d7d20_2070,11748.731462001495
000d7d20_2071,11748.631675309658
000d7d20_2072,11748.48500674377
000d7d20_2073,11748.48500674377
000d7d20_2074,11748.370047298118
000d7d20_2075,11748.370047298118
000d7d20_2076,11748.179589996007
000d7d20_2077,11748.299396943847
000d7d20_2078,11748.25024425274
000d7d20_2079,11747.416596958175
000d7d20_2080,11747.656840932079
000d7d20_2081,11747.656840932079
000d7d20_2082,11747.656840932079
000d7d20_2083,11748.179589996007
000d7d20_2084,11748.516715864007
000d7d20_2085,11748.516715864007
000d7d20_2086,11748.370047298118
000d7d20_2087,11748.516715864007
000d7d20_2088,11748.631675309658
000d7d20_2089,11748.468305777275
000d7d20_2090,11748.370789902492
000d7d20_2091,11748.250982954652
000d7d20_2092,11748.370789902492
000d7d20_2093,11748.250982954652
000d7d20_2094,11748.468305777275
000d7d20_2095,11748.468305777275
000d7d20_2096,11748.468305777275
000d7d20_2097,11748.468305777275
000d7d20_2098,11748.468305777275
000d7d20_2099,11748.321637211386
000d7d20_2100,11748.468305777275
000d7d20_2101,11748.468305777275
000d7d20_2102,11748.468305777275
000d7d20_2103,11748.468305777275
000d7d20_2104,11748.588108822652
000d7d20_2105,11748.468305777275
000d7d20_2106,11748.468305777275
000d7d20_2107,11748.321637211386
000d7d20_2108,11748.370789902492
000d7d20_2109,11748.370789902492
000d7d20_2110,11748.468305777275
000d7d20_2111,11748.370789902492
000d7d20_2112,11748.321637211386
000d7d20_2113,11748.250982954652
000d7d20_2114,11748.468305777275
000d7d20_2115,11748.370789902492
000d7d20_2116,11748.468305777275
000d7d20_2117,11748.250982954652
000d7d20_2118,11748.468305777275
000d7d20_2119,11748.468305777275
000d7d20_2120,11748.370789902492
000d7d20_2121,11748.468305777275
000d7d20_2122,11748.370789902492
000d7d20_2123,11748.468305777275
000d7d20_2124,11748.321637211386
000d7d20_2125,11748.370789902492
000d7d20_2126,11748.468305777275
000d7d20_2127,11748.321637211386
000d7d20_2128,11748.468305777275
000d7d20_2129,11748.468305777275
000d7d20_2130,11748.370789902492
000d7d20_2131,11748.370789902492
000d7d20_2132,11748.468305777275
000d7d20_2133,11748.250982954652
000d7d20_2134,11748.468305777275
000d7d20_2135,11748.468305777275
000d7d20_2136,11748.370789902492
000d7d20_2137,11748.370789902492
000d7d20_2138,11748.370789902492
000d7d20_2139,11748.468305777275
000d7d20_2140,11748.468305777275
000d7d20_2141,11748.321637211386
000d7d20_2142,11748.468305777275
000d7d20_2143,11748.468305777275
000d7d20_2144,11748.321637211386
000d7d20_2145,11748.468305777275
000d7d20_2146,11748.468305777275
000d7d20_2147,11748.468305777275
000d7d20_2148,11748.468305777275
000d7d20_2149,11748.468305777275
000d7d20_2150,11748.250982954652
000d7d20_2151,11748.321637211386
000d7d20_2152,11748.321637211386
000d7d20_2153,11748.321637211386
000d7d20_2154,11748.321637211386
000d7d20_2155,11748.468305777275
000d7d20_2156,11748.468305777275
000d7d20_2157,11748.250982954652
000d7d20_2158,11748.370789902492
000d7d20_2159,11748.370789902492
000d7d20_2160,11748.370789902492
000d7d20_2161,11748.321637211386
000d7d20_2162,11748.321637211386
000d7d20_2163,11748.321637211386
000d7d20_2164,11748.321637211386
000d7d20_2165,11748.671965717265
000d7d20_2166,11748.671965717265
000d7d20_2167,11748.468305777275
000d7d20_2168,11748.468305777275
000d7d20_2169,11748.706733131832
000d7d20_2170,11748.636078875099
000d7d20_2171,11748.755885822939
000d7d20_2172,11748.706733131832
000d7d20_2173,11748.853401697721
000d7d20_2174,11748.706733131832
000d7d20_2175,11748.706733131832
000d7d20_2176,11748.973204743099
000d7d20_2177,11748.853401697721
000d7d20_2178,11748.82653617721
000d7d20_2179,11749.334619446476
000d7d20_2180,11749.187950880587
000d7d20_2181,11749.334619446476
000d7d20_2182,11748.755881920477
000d7d20_2183,11748.82653617721
000d7d20_2184,11748.853401697721
000d7d20_2185,11748.853401697721
000d7d20_2186,11748.706733131832
000d7d20_2187,11748.853401697721
000d7d20_2188,11748.973204743099
000d7d20_2189,11748.973204743099
000d7d20_2190,11748.973204743099
000d7d20_2191,11748.82653617721
000d7d20_2192,11748.82653617721
000d7d20_2193,11748.973204743099
000d7d20_2194,11748.82653617721
000d7d20_2195,11749.38671148458
000d7d20_2196,11749.38671148458
000d7d20_2197,11749.38671148458
000d7d20_2198,11749.50227749943
000d7d20_2199,11749.779835308194
000d7d20_2200,11749.633166742306
000d7d20_2201,11749.779835308194
000d7d20_2202,11749.779835308194
000d7d20_2203,11749.633166742306
000d7d20_2204,11749.633166742306
000d7d20_2205,11749.633166742306
000d7d20_2206,11749.779835308194
000d7d20_2207,11749.418420604818
000d7d20_2208,11749.271752038929
000d7d20_2209,11749.271752038929
000d7d20_2210,11749.271752038929
000d7d20_2211,11749.533380050469
000d7d20_2212,11749.633166742306
000d7d20_2213,11749.418420604818
000d7d20_2214,11749.271752038929
000d7d20_2215,11749.271752038929
000d7d20_2216,11749.15194899355
000d7d20_2217,11749.15194899355
000d7d20_2218,11749.418420604818
000d7d20_2219,11749.271752038929
000d7d20_2220,11749.271752038929
000d7d20_2221,11749.271752038929
000d7d20_2222,11749.271752038929
000d7d20_2223,11749.50227749943
000d7d20_2224,11749.50227749943
000d7d20_2225,11749.50227749943
000d7d20_2226,11749.50227749943
000d7d20_2227,11749.533380050469
000d7d20_2228,11749.38671148458
000d7d20_2229,11749.38671148458
000d7d20_2230,11749.38671148458
000d7d20_2231,11749.779835308194
000d7d20_2232,11749.779835308194
000d7d20_2233,11749.633166742306
000d7d20_2234,11749.633166742306
000d7d20_2235,11749.633166742306
000d7d20_2236,11749.779835308194
000d7d20_2237,11749.50227749943
000d7d20_2238,11749.50227749943
000d7d20_2239,11749.50227749943
000d7d20_2240,11749.50227749943
000d7d20_2241,11749.50227749943
000d7d20_2242,11749.50227749943
000d7d20_2243,11749.50227749943
000d7d20_2244,11749.50227749943
000d7d20_2245,11749.301201011129
000d7d20_2246,11749.301201011129
000d7d20_2247,11749.50227749943
000d7d20_2248,11749.779835308194
000d7d20_2249,11749.779835308194
000d7d20_2250,11749.633166742306
000d7d20_2251,11749.633166742306
000d7d20_2252,11749.633166742306
000d7d20_2253,11749.50227749943
000d7d20_2254,11749.50227749943
000d7d20_2255,11749.50227749943
000d7d20_2256,11749.50227749943
000d7d20_2257,11749.50227749943
000d7d20_2258,11749.50227749943
000d7d20_2259,11749.779835308194
000d7d20_2260,11749.633166742306
000d7d20_2261,11749.633166742306
000d7d20_2262,11749.779835308194
000d7d20_2263,11749.779835308194
000d7d20_2264,11749.633166742306
000d7d20_2265,11749.633166742306
000d7d20_2266,11749.779835308194
000d7d20_2267,11749.633166742306
000d7d20_2268,11749.50227749943
000d7d20_2269,11749.779835308194
000d7d20_2270,11749.779835308194
000d7d20_2271,11749.779835308194
000d7d20_2272,11749.633166742306
000d7d20_2273,11749.96066197931
000d7d20_2274,11749.813993413421
000d7d20_2275,11749.813993413421
000d7d20_2276,11749.813993413421
000d7d20_2277,11749.813993413421
000d7d20_2278,11749.683104170546
000d7d20_2279,11749.479444230556
000d7d20_2280,11749.479444230556
000d7d20_2281,11749.479444230556
000d7d20_2282,11749.479444230556
000d7d20_2283,11749.599247275934
000d7d20_2284,11749.714206721585
000d7d20_2285,11749.714206721585
000d7d20_2286,11749.96066197931
000d7d20_2287,11749.496883898963
000d7d20_2288,11749.479444230556
000d7d20_2289,11749.262121407934
000d7d20_2290,11749.092531690763
000d7d20_2291,11749.381928355773
000d7d20_2292,11749.479444230556
000d7d20_2293,11749.479444230556
000d7d20_2294,11749.332775664667
000d7d20_2295,11749.092531690763
000d7d20_2296,11749.092531690763
000d7d20_2297,11749.262121407934
000d7d20_2298,11748.788525035112
000d7d20_2299,11748.788525035112
000d7d20_2300,11749.262121407934
000d7d20_2301,11749.381928355773
000d7d20_2302,11749.381928355773
000d7d20_2303,11749.381928355773
000d7d20_2304,11748.499128370102
000d7d20_2305,11748.739372344005
000d7d20_2306,11748.739372344005
000d7d20_2307,11748.739372344005
000d7d20_2308,11748.499128370102
000d7d20_2309,11748.739372344005
000d7d20_2310,11748.739372344005
000d7d20_2311,11748.739372344005
000d7d20_2312,11748.739372344005
000d7d20_2313,11749.683104170546
000d7d20_2314,11749.683104170546
000d7d20_2315,11749.683104170546
000d7d20_2316,11749.683104170546
000d7d20_2317,11749.683104170546
000d7d20_2318,11748.499128370102
000d7d20_2319,11748.499128370102
000d7d20_2320,11748.739372344005
000d7d20_2321,11748.739372344005
000d7d20_2322,11748.739372344005
000d7d20_2323,11748.499128370102
000d7d20_2324,11748.739372344005
000d7d20_2325,11748.739372344005
000d7d20_2326,11748.499128370102
000d7d20_2327,11748.739372344005
000d7d20_2328,11748.788525035112
000d7d20_2329,11748.668718087272
000d7d20_2330,11748.739372344005
000d7d20_2331,11749.479444230556
000d7d20_2332,11749.479444230556
000d7d20_2333,11749.332775664667
000d7d20_2334,11749.332775664667
000d7d20_2335,11749.479444230556
000d7d20_2336,11749.452578710045
000d7d20_2337,11749.813993413421
000d7d20_2338,11749.813993413421
000d7d20_2339,11749.813993413421
000d7d20_2340,11749.683104170546
000d7d20_2341,11749.714206721585
000d7d20_2342,11749.599247275934
000d7d20_2343,11749.452578710045
000d7d20_2344,11749.714206721585
000d7d20_2345,11749.96066197931
000d7d20_2346,11749.813993413421
000d7d20_2347,11749.96066197931
000d7d20_2348,11749.813993413421
000d7d20_2349,11749.96066197931
000d7d20_2350,11749.599247275934
000d7d20_2351,11749.452578710045
000d7d20_2352,11749.452578710045
000d7d20_2353,11749.714206721585
000d7d20_2354,11749.96066197931
000d7d20_2355,11749.96066197931
000d7d20_2356,11749.813993413421
000d7d20_2357,11749.813993413421
000d7d20_2358,11749.813993413421
000d7d20_2359,11749.96066197931
000d7d20_2360,11749.599247275934
000d7d20_2361,11749.714206721585
000d7d20_2362,11749.567538155696
000d7d20_2363,11749.567538155696
000d7d20_2364,11749.567538155696
000d7d20_2365,11749.262121407934
000d7d20_2366,11748.499128370102
000d7d20_2367,11748.739372344005
000d7d20_2368,11749.262121407934
000d7d20_2369,11749.479444230556
000d7d20_2370,11749.332775664667
000d7d20_2371,11749.381928355773
000d7d20_2372,11749.332775664667
000d7d20_2373,11749.332775664667
000d7d20_2374,11748.788525035112
000d7d20_2375,11748.788525035112
000d7d20_2376,11748.739372344005
000d7d20_2377,11748.788525035112
000d7d20_2378,11748.788525035112
000d7d20_2379,11748.499128370102
000d7d20_2380,11748.499128370102
000d7d20_2381,11748.499128370102
000d7d20_2382,11748.499128370102
000d7d20_2383,11748.499128370102
000d7d20_2384,11748.788525035112
000d7d20_2385,11748.788525035112
000d7d20_2386,11748.788525035112
000d7d20_2387,11748.499128370102
000d7d20_2388,11748.499128370102
000d7d20_2389,11748.499128370102
000d7d20_2390,11748.788525035112
000d7d20_2391,11748.668718087272
000d7d20_2392,11748.788525035112
000d7d20_2393,11748.788525035112
000d7d20_2394,11749.092531690763
000d7d20_2395,11748.499128370102
000d7d20_2396,11748.499128370102
000d7d20_2397,11749.479444230556
000d7d20_2398,11749.479444230556
000d7d20_2399,11749.381928355773
000d7d20_2400,11749.332775664667
000d7d20_2401,11749.332775664667
000d7d20_2402,11749.479444230556
000d7d20_2403,11749.479444230556
000d7d20_2404,11749.332775664667
000d7d20_2405,11749.262121407934
000d7d20_2406,11749.332775664667
000d7d20_2407,11749.262121407934
000d7d20_2408,11749.381928355773
000d7d20_2409,11749.332775664667
000d7d20_2410,11749.332775664667
000d7d20_2411,11749.479444230556
000d7d20_2412,11749.332775664667
000d7d20_2413,11749.479444230556
000d7d20_2414,11749.714206721585
000d7d20_2415,11749.567538155696
000d7d20_2416,11749.813993413421
000d7d20_2417,11749.813993413421
000d7d20_2418,11749.96066197931
000d7d20_2419,11749.813993413421
000d7d20_2420,11749.813993413421
000d7d20_2421,11749.813993413421
000d7d20_2422,11749.813993413421
000d7d20_2423,11749.683104170546
000d7d20_2424,11749.479444230556
000d7d20_2425,11749.381928355773
000d7d20_2426,11749.332775664667
000d7d20_2427,11749.479444230556
000d7d20_2428,11749.479444230556
000d7d20_2429,11749.332775664667
000d7d20_2430,11749.332775664667
000d7d20_2431,11749.332775664667
000d7d20_2432,11749.332775664667
000d7d20_2433,11749.683104170546
000d7d20_2434,11749.683104170546
000d7d20_2435,11749.683104170546
000d7d20_2436,11749.96066197931
000d7d20_2437,11749.813993413421
000d7d20_2438,11749.813993413421
000d7d20_2439,11749.96066197931
000d7d20_2440,11749.813993413421
000d7d20_2441,11749.452578710045
000d7d20_2442,11749.452578710045
000d7d20_2443,11749.452578710045
000d7d20_2444,11749.683104170546
000d7d20_2445,11749.96066197931
000d7d20_2446,11749.683104170546
000d7d20_2447,11749.683104170546
000d7d20_2448,11749.683104170546
000d7d20_2449,11749.829772736435
000d7d20_2450,11749.683104170546
000d7d20_2451,11749.683104170546
000d7d20_2452,11749.683104170546
000d7d20_2453,11749.829772736435
000d7d20_2454,11749.813993413421
000d7d20_2455,11749.813993413421
000d7d20_2456,11749.813993413421
000d7d20_2457,11749.813993413421
000d7d20_2458,11749.96066197931
000d7d20_2459,11749.714206721585
000d7d20_2460,11749.599247275934
000d7d20_2461,11749.599247275934
000d7d20_2462,11749.479444230556
000d7d20_2463,11749.479444230556
000d7d20_2464,11749.479444230556
000d7d20_2465,11749.479444230556
000d7d20_2466,11749.479444230556
000d7d20_2467,11749.599247275934
000d7d20_2468,11749.479444230556
000d7d20_2469,11749.479444230556
000d7d20_2470,11749.479444230556
000d7d20_2471,11749.479444230556
000d7d20_2472,11749.479444230556
000d7d20_2473,11749.479444230556
000d7d20_2474,11749.332775664667
000d7d20_2475,11749.479444230556
000d7d20_2476,11749.479444230556
000d7d20_2477,11749.599247275934
000d7d20_2478,11749.381928355773
000d7d20_2479,11749.381928355773
000d7d20_2480,11749.381928355773
000d7d20_2481,11749.479444230556
000d7d20_2482,11749.381928355773
000d7d20_2483,11749.479444230556
000d7d20_2484,11749.514397343835
000d7d20_2485,11749.514397343835
000d7d20_2486,11749.514397343835
000d7d20_2487,11749.367728777946
000d7d20_2488,11749.514397343835
000d7d20_2489,11749.514397343835
000d7d20_2490,11749.514397343835
000d7d20_2491,11749.514397343835
000d7d20_2492,11749.514397343835
000d7d20_2493,11749.367728777946
000d7d20_2494,11749.514397343835
000d7d20_2495,11749.367728777946
000d7d20_2496,11749.514397343835
000d7d20_2497,11749.634200389213
000d7d20_2498,11749.487531823324
000d7d20_2499,11749.634200389213
000d7d20_2500,11749.634200389213
000d7d20_2501,11749.487531823324
000d7d20_2502,11749.487531823324
000d7d20_2503,11749.297074521213
000d7d20_2504,11749.367728777946
000d7d20_2505,11749.367728777946
000d7d20_2506,11749.367728777946
000d7d20_2507,11749.367728777946
000d7d20_2508,11749.718057283826
000d7d20_2509,11749.514397343835
000d7d20_2510,11749.367728777946
000d7d20_2511,11749.514397343835
000d7d20_2512,11749.514397343835
000d7d20_2513,11749.367728777946
000d7d20_2514,11749.297074521213
000d7d20_2515,11749.416881469053
000d7d20_2516,11749.367728777946
000d7d20_2517,11749.367728777946
000d7d20_2518,11749.514397343835
000d7d20_2519,11749.514397343835
000d7d20_2520,11749.367728777946
000d7d20_2521,11749.416881469053
000d7d20_2522,11749.367728777946
000d7d20_2523,11749.367728777946
000d7d20_2524,11749.514397343835
000d7d20_2525,11749.367728777946
000d7d20_2526,11749.367728777946
000d7d20_2527,11749.634200389213
000d7d20_2528,11749.487531823324
000d7d20_2529,11749.99561509259
000d7d20_2530,11749.749159834864
000d7d20_2531,11749.602491268975
000d7d20_2532,11749.487531823324
000d7d20_2533,11749.487531823324
000d7d20_2534,11749.749159834864
000d7d20_2535,11749.848946526701
000d7d20_2536,11749.848946526701
000d7d20_2537,11749.848946526701
000d7d20_2538,11749.848946526701
000d7d20_2539,11749.99561509259
000d7d20_2540,11749.99561509259
000d7d20_2541,11749.848946526701
000d7d20_2542,11749.99561509259
000d7d20_2543,11749.848946526701
000d7d20_2544,11749.848946526701
000d7d20_2545,11749.848946526701
000d7d20_2546,11749.848946526701
000d7d20_2547,11749.718057283826
000d7d20_2548,11749.718057283826
000d7d20_2549,11749.718057283826
000d7d20_2550,11749.718057283826
000d7d20_2551,11749.718057283826
000d7d20_2552,11749.718057283826
000d7d20_2553,11749.718057283826
000d7d20_2554,11749.718057283826
000d7d20_2555,11749.718057283826
000d7d20_2556,11749.718057283826
000d7d20_2557,11749.718057283826
000d7d20_2558,11749.718057283826
000d7d20_2559,11749.718057283826
000d7d20_2560,11749.718057283826
000d7d20_2561,11749.718057283826
000d7d20_2562,11749.864725849715
000d7d20_2563,11749.718057283826
000d7d20_2564,11749.864725849715
000d7d20_2565,11749.99561509259
000d7d20_2566,11749.848946526701
000d7d20_2567,11749.848946526701
000d7d20_2568,11749.99561509259
000d7d20_2569,11749.718057283826
000d7d20_2570,11749.718057283826
000d7d20_2571,11749.718057283826
000d7d20_2572,11749.718057283826
000d7d20_2573,11749.718057283826
000d7d20_2574,11749.718057283826
000d7d20_2575,11749.718057283826
000d7d20_2576,11749.718057283826
000d7d20_2577,11749.718057283826
000d7d20_2578,11749.99561509259
000d7d20_2579,11749.848946526701
000d7d20_2580,11749.848946526701
000d7d20_2581,11749.99561509259
000d7d20_2582,11749.848946526701
000d7d20_2583,11749.487531823324
000d7d20_2584,11749.487531823324
000d7d20_2585,11749.749159834864
000d7d20_2586,11749.848946526701
000d7d20_2587,11749.99561509259
000d7d20_2588,11749.99561509259
000d7d20_2589,11749.99561509259
000d7d20_2590,11749.99561509259
000d7d20_2591,11749.749159834864
000d7d20_2592,11749.634200389213
000d7d20_2593,11749.634200389213
000d7d20_2594,11749.634200389213
000d7d20_2595,11749.634200389213
000d7d20_2596,11749.514397343835
000d7d20_2597,11749.514397343835
000d7d20_2598,11749.514397343835
000d7d20_2599,11749.634200389213
000d7d20_2600,11749.848946526701
000d7d20_2601,11749.99561509259
000d7d20_2602,11749.99561509259
000d7d20_2603,11749.99561509259
000d7d20_2604,11749.99561509259
000d7d20_2605,11749.634200389213
000d7d20_2606,11749.749159834864
000d7d20_2607,11749.634200389213
000d7d20_2608,11749.416877566591
000d7d20_2609,11749.514397343835
000d7d20_2610,11749.514397343835
000d7d20_2611,11749.514397343835
000d7d20_2612,11749.514397343835
000d7d20_2613,11749.297074521213
000d7d20_2614,11747.000655878712
000d7d20_2615,11746.78333305609
000d7d20_2616,11746.853987312823
000d7d20_2617,11747.000655878712
000d7d20_2618,11747.000655878712
000d7d20_2619,11746.853987312823
000d7d20_2620,11747.000655878712
000d7d20_2621,11746.853987312823
000d7d20_2622,11747.12045892409
000d7d20_2623,11747.000655878712
000d7d20_2624,11746.853987312823
000d7d20_2625,11746.853987312823
000d7d20_2626,11747.000655878712
000d7d20_2627,11747.12045892409
000d7d20_2628,11747.335205061578
000d7d20_2629,11747.481873627466
000d7d20_2630,11747.23541836974
000d7d20_2631,11747.335205061578
000d7d20_2632,11746.9737903582
000d7d20_2633,11746.9737903582
000d7d20_2634,11746.9737903582
000d7d20_2635,11746.78333305609
000d7d20_2636,11746.853987312823
000d7d20_2637,11746.853987312823
000d7d20_2638,11747.000655878712
000d7d20_2639,11746.853987312823
000d7d20_2640,11746.853987312823
000d7d20_2641,11746.853987312823
000d7d20_2642,11746.853987312823
000d7d20_2643,11747.29638828472
000d7d20_2644,11747.29638828472
000d7d20_2645,11747.29638828472
000d7d20_2646,11746.875405522107
000d7d20_2647,11746.94605977884
000d7d20_2648,11746.995212469947
000d7d20_2649,11746.995212469947
000d7d20_2650,11746.995212469947
000d7d20_2651,11746.94605977884
000d7d20_2652,11746.94605977884
000d7d20_2653,11746.352656458179
000d7d20_2654,11746.352656458179
000d7d20_2655,11746.995212469947
000d7d20_2656,11747.092728344729
000d7d20_2657,11747.092728344729
000d7d20_2658,11747.092728344729
000d7d20_2659,11746.875405522107
000d7d20_2660,11746.995212469947
000d7d20_2661,11746.875405522107
000d7d20_2662,11747.092728344729
000d7d20_2663,11747.092728344729
000d7d20_2664,11746.875405522107
000d7d20_2665,11746.995212469947
000d7d20_2666,11747.092728344729
000d7d20_2667,11746.995212469947
000d7d20_2668,11746.995212469947
000d7d20_2669,11747.193604225364
000d7d20_2670,11747.193604225364
000d7d20_2671,11747.193604225364
000d7d20_2672,11747.046935659475
000d7d20_2673,11747.193604225364
000d7d20_2674,11747.193604225364
000d7d20_2675,11746.976281402742
000d7d20_2676,11747.193604225364
000d7d20_2677,11746.976281402742
000d7d20_2678,11747.193604225364
000d7d20_2679,11746.976281402742
000d7d20_2680,11747.193604225364
000d7d20_2681,11747.193604225364
000d7d20_2682,11747.096088350581
000d7d20_2683,11746.976281402742
000d7d20_2684,11747.193604225364
000d7d20_2685,11747.046935659475
000d7d20_2686,11747.193604225364
000d7d20_2687,11747.193604225364
000d7d20_2688,11747.046935659475
000d7d20_2689,11747.193604225364
000d7d20_2690,11747.313407270742
000d7d20_2691,11747.52815340823
000d7d20_2692,11747.09608444812
000d7d20_2693,11747.166738704853
000d7d20_2694,11747.166738704853
000d7d20_2695,11747.046935659475
000d7d20_2696,11747.096088350581
000d7d20_2697,11746.50268502992
000d7d20_2698,11746.453532338814
000d7d20_2699,11746.976281402742
000d7d20_2700,11747.193604225364
000d7d20_2701,11747.046935659475
000d7d20_2702,11747.193604225364
000d7d20_2703,11747.193604225364
000d7d20_2704,11747.281698150504
000d7d20_2705,11747.52815340823
000d7d20_2706,11747.52815340823
000d7d20_2707,11747.52815340823
000d7d20_2708,11747.397264165354
000d7d20_2709,11747.397264165354
000d7d20_2710,11747.397264165354
000d7d20_2711,11747.397264165354
000d7d20_2712,11748.869892026129
000d7d20_2713,11747.342856242942
000d7d20_2714,11747.196187677053
000d7d20_2715,11747.397264165354
000d7d20_2716,11747.397264165354
000d7d20_2717,11747.397264165354
000d7d20_2718,11747.397264165354
000d7d20_2719,11747.543932731243
000d7d20_2720,11747.397264165354
000d7d20_2721,11747.397264165354
000d7d20_2722,11747.543932731243
000d7d20_2723,11747.52815340823
000d7d20_2724,11747.52815340823
000d7d20_2725,11747.674821974118
000d7d20_2726,11747.674821974118
000d7d20_2727,11747.52815340823
000d7d20_2728,11747.52815340823
000d7d20_2729,11747.52815340823
000d7d20_2730,11747.397264165354
000d7d20_2731,11747.107313453418
000d7d20_2732,11747.107313453418
000d7d20_2733,11747.107313453418
000d7d20_2734,11747.455058507609
000d7d20_2735,11747.30838994172
000d7d20_2736,11747.30838994172
000d7d20_2737,11747.30838994172
000d7d20_2738,11747.30838994172
000d7d20_2739,11747.30838994172
000d7d20_2740,11747.455058507609
000d7d20_2741,11747.30838994172
000d7d20_2742,11747.30838994172
000d7d20_2743,11747.30838994172
000d7d20_2744,11747.30838994172
000d7d20_2745,11747.107313453418
000d7d20_2746,11747.107313453418
000d7d20_2747,11747.107313453418
000d7d20_2748,11747.107313453418
000d7d20_2749,11747.107313453418
000d7d20_2750,11747.013200672318
000d7d20_2751,11747.30838994172
000d7d20_2752,11747.107313453418
000d7d20_2753,11747.107313453418
000d7d20_2754,11747.107313453418
000d7d20_2755,11747.107313453418
000d7d20_2756,11747.107313453418
000d7d20_2757,11747.30838994172
000d7d20_2758,11747.30838994172
000d7d20_2759,11747.107313453418
000d7d20_2760,11747.107313453418
000d7d20_2761,11747.107313453418
000d7d20_2762,11747.30838994172
000d7d20_2763,11747.30838994172
000d7d20_2764,11747.30838994172
000d7d20_2765,11747.30838994172
000d7d20_2766,11747.30838994172
000d7d20_2767,11747.30838994172
000d7d20_2768,11747.30838994172
000d7d20_2769,11747.30838994172
000d7d20_2770,11747.30838994172
000d7d20_2771,11747.585947750484
000d7d20_2772,11747.439279184595
000d7d20_2773,11747.585947750484
000d7d20_2774,11747.585947750484
000d7d20_2775,11747.439279184595
000d7d20_2776,11747.585947750484
000d7d20_2777,11747.585947750484
000d7d20_2778,11747.439279184595
000d7d20_2779,11747.439279184595
000d7d20_2780,11747.585947750484
000d7d20_2781,11747.439279184595
000d7d20_2782,11747.439279184595
000d7d20_2783,11747.585947750484
000d7d20_2784,11747.585947750484
000d7d20_2785,11747.439279184595
000d7d20_2786,11747.439279184595
000d7d20_2787,11747.439279184595
000d7d20_2788,11747.19282392687
000d7d20_2789,11747.30838994172
000d7d20_2790,11747.30838994172
000d7d20_2791,11747.30838994172
000d7d20_2792,11747.30838994172
000d7d20_2793,11747.30838994172
000d7d20_2794,11747.30838994172
000d7d20_2795,11747.455058507609
000d7d20_2796,11747.30838994172
000d7d20_2797,11747.439279184595
000d7d20_2798,11747.439279184595
000d7d20_2799,11747.439279184595
000d7d20_2800,11747.585947750484
000d7d20_2801,11747.30838994172
000d7d20_2802,11747.30838994172
000d7d20_2803,11747.30838994172
000d7d20_2804,11747.30838994172
000d7d20_2805,11747.30838994172
000d7d20_2806,11747.30838994172
000d7d20_2807,11747.30838994172
000d7d20_2808,11747.339492492758
000d7d20_2809,11747.104730001729
000d7d20_2810,11746.95806143584
000d7d20_2811,11747.104730001729
000d7d20_2812,11747.224533047107
000d7d20_2813,11746.95806143584
000d7d20_2814,11747.007214126947
000d7d20_2815,11746.95806143584
000d7d20_2816,11746.95806143584
000d7d20_2817,11747.104730001729
000d7d20_2818,11746.95806143584
000d7d20_2819,11747.439279184595
000d7d20_2820,11747.439279184595
000d7d20_2821,11747.439279184595
000d7d20_2822,11747.224533047107
000d7d20_2823,11747.077864481218
000d7d20_2824,11747.339492492758
000d7d20_2825,11747.439279184595
000d7d20_2826,11747.439279184595
000d7d20_2827,11747.30838994172
000d7d20_2828,11747.455058507609
000d7d20_2829,11747.455058507609
000d7d20_2830,11747.585947750484
000d7d20_2831,11747.439279184595
000d7d20_2832,11747.439279184595
000d7d20_2833,11747.439279184595
000d7d20_2834,11747.19282392687
000d7d20_2835,11747.30838994172
000d7d20_2836,11747.30838994172
000d7d20_2837,11747.585947750484
000d7d20_2838,11747.585947750484
000d7d20_2839,11747.439279184595
000d7d20_2840,11747.585947750484
000d7d20_2841,11747.585947750484
000d7d20_2842,11747.585947750484
000d7d20_2843,11747.439279184595
000d7d20_2844,11747.439279184595
000d7d20_2845,11747.585947750484
000d7d20_2846,11747.439279184595
000d7d20_2847,11747.585947750484
000d7d20_2848,11747.439279184595
000d7d20_2849,11747.439279184595
000d7d20_2850,11747.30838994172
000d7d20_2851,11747.30838994172
000d7d20_2852,11747.455058507609
000d7d20_2853,11747.30838994172
000d7d20_2854,11747.30838994172
000d7d20_2855,11747.30838994172
000d7d20_2856,11747.30838994172
000d7d20_2857,11747.30838994172
000d7d20_2858,11747.30838994172
000d7d20_2859,11747.585947750484
000d7d20_2860,11747.224533047107
000d7d20_2861,11747.077864481218
000d7d20_2862,11747.339492492758
000d7d20_2863,11747.585947750484
000d7d20_2864,11747.439279184595
000d7d20_2865,11747.585947750484
000d7d20_2866,11747.585947750484
000d7d20_2867,11747.439279184595
000d7d20_2868,11747.339492492758
000d7d20_2869,11747.585947750484
000d7d20_2870,11747.439279184595
000d7d20_2871,11747.439279184595
000d7d20_2872,11747.439279184595
000d7d20_2873,11747.30838994172
000d7d20_2874,11747.30838994172
000d7d20_2875,11747.30838994172
000d7d20_2876,11747.30838994172
000d7d20_2877,11747.30838994172
000d7d20_2878,11747.30838994172
000d7d20_2879,11747.30838994172
000d7d20_2880,11747.455058507609
000d7d20_2881,11747.30838994172
000d7d20_2882,11747.585947750484
000d7d20_2883,11747.439279184595
000d7d20_2884,11747.439279184595
000d7d20_2885,11747.585947750484
000d7d20_2886,11747.439279184595
000d7d20_2887,11747.30838994172
000d7d20_2888,11747.30838994172
000d7d20_2889,11746.700051003483
000d7d20_2890,11746.700051003483
000d7d20_2891,11746.700051003483
000d7d20_2892,11746.977608812247
000d7d20_2893,11746.977608812247
000d7d20_2894,11746.830940246358
000d7d20_2895,11746.830940246358
000d7d20_2896,11746.977608812247
000d7d20_2897,11746.830940246358
000d7d20_2898,11746.830940246358
000d7d20_2899,11746.977608812247
000d7d20_2900,11746.830940246358
000d7d20_2901,11746.830940246358
000d7d20_2902,11746.830940246358
000d7d20_2903,11746.830940246358
000d7d20_2904,11746.700051003483
000d7d20_2905,11746.700051003483
000d7d20_2906,11746.700051003483
000d7d20_2907,11746.700051003483
000d7d20_2908,11746.700051003483
000d7d20_2909,11746.700051003483
000d7d20_2910,11746.700051003483
000d7d20_2911,11746.700051003483
000d7d20_2912,11746.700051003483
000d7d20_2913,11746.700051003483
000d7d20_2914,11746.700051003483
000d7d20_2915,11746.700051003483
000d7d20_2916,11746.700051003483
000d7d20_2917,11746.731153554521
000d7d20_2918,11746.977608812247
000d7d20_2919,11746.830940246358
000d7d20_2920,11746.977608812247
000d7d20_2921,11746.731153554521
000d7d20_2922,11746.584484988633
000d7d20_2923,11746.469525542982
000d7d20_2924,11746.469525542982
000d7d20_2925,11746.731153554521
000d7d20_2926,11746.830940246358
000d7d20_2927,11746.830940246358
000d7d20_2928,11746.61619410887
000d7d20_2929,11746.61619410887
000d7d20_2930,11746.61619410887
000d7d20_2931,11746.61619410887
000d7d20_2932,11746.61619410887
000d7d20_2933,11746.731153554521
000d7d20_2934,11746.731153554521
000d7d20_2935,11746.731153554521
000d7d20_2936,11746.61619410887
000d7d20_2937,11746.61619410887
000d7d20_2938,11746.496391063492
000d7d20_2939,11746.349722497604
000d7d20_2940,11746.496391063492
000d7d20_2941,11746.496391063492
000d7d20_2942,11746.496391063492
000d7d20_2943,11746.496391063492
000d7d20_2944,11746.496391063492
000d7d20_2945,11746.496391063492
000d7d20_2946,11746.496391063492
000d7d20_2947,11746.496391063492
000d7d20_2948,11746.496391063492
000d7d20_2949,11746.496391063492
000d7d20_2950,11746.496391063492
000d7d20_2951,11746.496391063492
000d7d20_2952,11746.349722497604
000d7d20_2953,11746.496391063492
000d7d20_2954,11746.496391063492
000d7d20_2955,11746.584484988633
000d7d20_2956,11746.830940246358
000d7d20_2957,11746.977608812247
000d7d20_2958,11746.977608812247
000d7d20_2959,11746.977608812247
000d7d20_2960,11746.977608812247
000d7d20_2961,11746.731153554521
000d7d20_2962,11746.977608812247
000d7d20_2963,11746.977608812247
000d7d20_2964,11746.731153554521
000d7d20_2965,11746.731153554521
000d7d20_2966,11746.518678234088
000d7d20_2967,11746.496391063492
000d7d20_2968,11746.496391063492
000d7d20_2969,11746.39887518871
000d7d20_2970,11746.349722497604
000d7d20_2971,11746.349722497604
000d7d20_2972,11746.27906824087
000d7d20_2973,11746.349722497604
000d7d20_2974,11746.349722497604
000d7d20_2975,11746.496391063492
000d7d20_2976,11746.349722497604
000d7d20_2977,11746.349722497604
000d7d20_2978,11746.349722497604
000d7d20_2979,11746.496391063492
000d7d20_2980,11746.61619410887
000d7d20_2981,11746.469525542982
000d7d20_2982,11746.469525542982
000d7d20_2983,11746.496391063492
000d7d20_2984,11746.349722497604
000d7d20_2985,11746.349722497604
000d7d20_2986,11746.349722497604
000d7d20_2987,11746.349722497604
000d7d20_2988,11746.700051003483
000d7d20_2989,11746.39887518871
000d7d20_2990,11746.349722497604
000d7d20_2991,11746.349722497604
000d7d20_2992,11746.27906824087
000d7d20_2993,11746.349722497604
000d7d20_2994,11746.349722497604
000d7d20_2995,11746.349722497604
000d7d20_2996,11746.349722497604
000d7d20_2997,11745.516075203039
000d7d20_2998,11745.756319176942
000d7d20_2999,11745.756319176942
000d7d20_3000,11745.756319176942
000d7d20_3001,11745.756319176942
000d7d20_3002,11746.700051003483
000d7d20_3003,11746.700051003483
000d7d20_3004,11746.700051003483
000d7d20_3005,11746.74443530377
000d7d20_3006,11746.74443530377
000d7d20_3007,11746.74443530377
000d7d20_3008,11746.74443530377
000d7d20_3009,11746.74443530377
000d7d20_3010,11746.74443530377
000d7d20_3011,11746.74443530377
000d7d20_3012,11746.74443530377
000d7d20_3013,11746.74443530377
000d7d20_3014,11746.74443530377
000d7d20_3015,11746.54077536378
000d7d20_3016,11746.323452541157
000d7d20_3017,11746.443259488997
000d7d20_3018,11746.39410679789
000d7d20_3019,11746.39410679789
000d7d20_3020,11746.323452541157
000d7d20_3021,11746.39410679789
000d7d20_3022,11746.39410679789
000d7d20_3023,11746.54077536378
000d7d20_3024,11746.54077536378
000d7d20_3025,11746.54077536378
000d7d20_3026,11746.54077536378
000d7d20_3027,11746.54077536378
000d7d20_3028,11746.39410679789
000d7d20_3029,11746.39410679789
000d7d20_3030,11746.39410679789
000d7d20_3031,11746.39410679789
000d7d20_3032,11747.021993112534
000d7d20_3033,11747.021993112534
000d7d20_3034,11746.660578409157
000d7d20_3035,11746.513909843268
000d7d20_3036,11746.54077536378
000d7d20_3037,11746.39410679789
000d7d20_3038,11746.54077536378
000d7d20_3039,11746.54077536378
000d7d20_3040,11746.39410679789
000d7d20_3041,11746.513909843268
000d7d20_3042,11746.775537854808
000d7d20_3043,11747.021993112534
000d7d20_3044,11747.021993112534
000d7d20_3045,11747.021993112534
000d7d20_3046,11746.875324546645
000d7d20_3047,11746.678021980026
000d7d20_3048,11746.513909843268
000d7d20_3049,11746.39410679789
000d7d20_3050,11746.54077536378
000d7d20_3051,11746.39410679789
000d7d20_3052,11746.775537854808
000d7d20_3053,11746.62886928892
000d7d20_3054,11746.775537854808
000d7d20_3055,11747.021993112534
000d7d20_3056,11746.875324546645
000d7d20_3057,11747.021993112534
000d7d20_3058,11746.875324546645
000d7d20_3059,11747.021993112534
000d7d20_3060,11746.875324546645
000d7d20_3061,11746.875324546645
000d7d20_3062,11746.875324546645
000d7d20_3063,11746.660578409157
000d7d20_3064,11746.54077536378
000d7d20_3065,11746.54077536378
000d7d20_3066,11746.39410679789
000d7d20_3067,11746.39410679789
000d7d20_3068,11746.62886928892
000d7d20_3069,11747.021993112534
000d7d20_3070,11747.021993112534
000d7d20_3071,11746.875324546645
000d7d20_3072,11746.875324546645
000d7d20_3073,11746.875324546645
000d7d20_3074,11746.875324546645
000d7d20_3075,11746.74443530377
000d7d20_3076,11746.74443530377
000d7d20_3077,11746.74443530377
000d7d20_3078,11746.74443530377
000d7d20_3079,11746.74443530377
000d7d20_3080,11746.74443530377
000d7d20_3081,11746.74443530377
000d7d20_3082,11746.891103869659
000d7d20_3083,11746.74443530377
000d7d20_3084,11746.891103869659
000d7d20_3085,11747.021993112534
000d7d20_3086,11746.875324546645
000d7d20_3087,11746.875324546645
000d7d20_3088,11746.74443530377
000d7d20_3089,11746.74443530377
000d7d20_3090,11746.891103869659
000d7d20_3091,11746.74443530377
000d7d20_3092,11746.891103869659
000d7d20_3093,11747.021993112534
000d7d20_3094,11746.875324546645
000d7d20_3095,11746.875324546645
000d7d20_3096,11746.875324546645
000d7d20_3097,11747.021993112534
000d7d20_3098,11746.62886928892
000d7d20_3099,11746.62886928892
000d7d20_3100,11746.62886928892
000d7d20_3101,11747.021993112534
000d7d20_3102,11746.875324546645
000d7d20_3103,11746.74443530377
000d7d20_3104,11746.74443530377
000d7d20_3105,11746.74443530377
000d7d20_3106,11746.74443530377
000d7d20_3107,11746.74443530377
000d7d20_3108,11746.74443530377
000d7d20_3109,11746.74443530377
000d7d20_3110,11746.543358815468
000d7d20_3111,11746.543358815468
000d7d20_3112,11746.543358815468
000d7d20_3113,11746.543358815468
000d7d20_3114,11746.543358815468
000d7d20_3115,11746.891103869659
000d7d20_3116,11746.74443530377
000d7d20_3117,11746.74443530377
000d7d20_3118,11746.74443530377
000d7d20_3119,11746.74443530377
000d7d20_3120,11746.74443530377
000d7d20_3121,11746.74443530377
000d7d20_3122,11746.74443530377
000d7d20_3123,11746.74443530377
000d7d20_3124,11746.74443530377
000d7d20_3125,11746.74443530377
000d7d20_3126,11746.543358815468
000d7d20_3127,11746.543358815468
000d7d20_3128,11746.543358815468
000d7d20_3129,11746.74443530377
000d7d20_3130,11746.74443530377
000d7d20_3131,11746.74443530377
000d7d20_3132,11746.891103869659
000d7d20_3133,11746.74443530377
000d7d20_3134,11746.74443530377
000d7d20_3135,11746.74443530377
000d7d20_3136,11746.74443530377
000d7d20_3137,11746.74443530377
000d7d20_3138,11746.891103869659
000d7d20_3139,11746.74443530377
000d7d20_3140,11746.875324546645
000d7d20_3141,11746.74443530377
000d7d20_3142,11746.74443530377
000d7d20_3143,11746.74443530377
000d7d20_3144,11746.74443530377
000d7d20_3145,11746.74443530377
000d7d20_3146,11746.891103869659
000d7d20_3147,11746.74443530377
000d7d20_3148,11746.74443530377
000d7d20_3149,11746.74443530377
000d7d20_3150,11746.74443530377
000d7d20_3151,11746.74443530377
000d7d20_3152,11746.543358815468
000d7d20_3153,11746.543358815468
000d7d20_3154,11746.449246034368
000d7d20_3155,11746.449246034368
000d7d20_3156,11746.449246034368
000d7d20_3157,11746.74443530377
000d7d20_3158,11746.74443530377
000d7d20_3159,11746.74443530377
000d7d20_3160,11746.74443530377
000d7d20_3161,11746.74443530377
000d7d20_3162,11746.74443530377
000d7d20_3163,11746.74443530377
000d7d20_3164,11747.021993112534
000d7d20_3165,11746.875324546645
000d7d20_3166,11747.021993112534
000d7d20_3167,11747.021993112534
000d7d20_3168,11746.875324546645
000d7d20_3169,11747.021993112534
000d7d20_3170,11746.875324546645
000d7d20_3171,11747.021993112534
000d7d20_3172,11747.021993112534
000d7d20_3173,11746.875324546645
000d7d20_3174,11747.021993112534
000d7d20_3175,11747.021993112534
000d7d20_3176,11746.875324546645
000d7d20_3177,11746.875324546645
000d7d20_3178,11746.875324546645
000d7d20_3179,11747.021993112534
000d7d20_3180,11746.875324546645
000d7d20_3181,11747.021993112534
000d7d20_3182,11746.875324546645
000d7d20_3183,11747.021993112534
000d7d20_3184,11746.153862823987
000d7d20_3185,11746.39410679789
000d7d20_3186,11746.54077536378
000d7d20_3187,11746.54077536378
000d7d20_3188,11746.39410679789
000d7d20_3189,11746.323452541157
000d7d20_3190,11746.39410679789
000d7d20_3191,11746.39410679789
000d7d20_3192,11746.39410679789
000d7d20_3193,11746.39410679789
000d7d20_3194,11746.74443530377
000d7d20_3195,11746.54077536378
000d7d20_3196,11746.54077536378
000d7d20_3197,11746.39410679789
000d7d20_3198,11746.660578409157
000d7d20_3199,11746.513909843268
000d7d20_3200,11747.021993112534
000d7d20_3201,11747.021993112534
000d7d20_3202,11746.875324546645
000d7d20_3203,11747.021993112534
000d7d20_3204,11747.021993112534
000d7d20_3205,11746.875324546645
000d7d20_3206,11746.875324546645
000d7d20_3207,11747.021993112534
000d7d20_3208,11746.660578409157
000d7d20_3209,11746.39410679789
000d7d20_3210,11746.443259488997
000d7d20_3211,11746.39410679789
000d7d20_3212,11746.54077536378
000d7d20_3213,11746.54077536378
000d7d20_3214,11746.39410679789
000d7d20_3215,11746.513909843268
000d7d20_3216,11746.513909843268
000d7d20_3217,11746.62886928892
000d7d20_3218,11746.74443530377
000d7d20_3219,11746.54077536378
000d7d20_3220,11746.54077536378
000d7d20_3221,11746.39410679789
000d7d20_3222,11746.54077536378
000d7d20_3223,11746.54077536378
000d7d20_3224,11746.39410679789
000d7d20_3225,11746.323452541157
000d7d20_3226,11746.39410679789
000d7d20_3227,11746.54077536378
000d7d20_3228,11746.54077536378
000d7d20_3229,11746.39410679789
000d7d20_3230,11747.021993112534
000d7d20_3231,11747.021993112534
000d7d20_3232,11746.875324546645
000d7d20_3233,11746.875324546645
000d7d20_3234,11747.021993112534
000d7d20_3235,11747.021993112534
000d7d20_3236,11746.875324546645
000d7d20_3237,11746.875324546645
000d7d20_3238,11746.875324546645
000d7d20_3239,11746.875324546645
000d7d20_3240,11746.54077536378
000d7d20_3241,11746.39410679789
000d7d20_3242,11746.39410679789
000d7d20_3243,11746.775537854808
000d7d20_3244,11746.62886928892
000d7d20_3245,11746.74443530377
000d7d20_3246,11746.74443530377
000d7d20_3247,11746.74443530377
000d7d20_3248,11746.74443530377
000d7d20_3249,11746.74443530377
000d7d20_3250,11747.021993112534
000d7d20_3251,11746.39410679789
000d7d20_3252,11746.39410679789
000d7d20_3253,11746.54077536378
000d7d20_3254,11746.39410679789
000d7d20_3255,11746.875324546645
000d7d20_3256,11746.875324546645
000d7d20_3257,11746.875324546645
000d7d20_3258,11746.543358815468
000d7d20_3259,11746.891103869659
000d7d20_3260,11746.875324546645
000d7d20_3261,11746.775537854808
000d7d20_3262,11746.62886928892
000d7d20_3263,11746.62886928892
000d7d20_3264,11746.513909843268
000d7d20_3265,11746.660578409157
000d7d20_3266,11746.62886928892
000d7d20_3267,11746.62886928892
000d7d20_3268,11747.021993112534
000d7d20_3269,11746.875324546645
000d7d20_3270,11747.021993112534
000d7d20_3271,11746.875324546645
000d7d20_3272,11746.875324546645
000d7d20_3273,11746.875324546645
000d7d20_3274,11746.875324546645
000d7d20_3275,11746.74443530377
000d7d20_3276,11746.54077536378
000d7d20_3277,11746.39410679789
000d7d20_3278,11746.39410679789
000d7d20_3279,11746.39410679789
000d7d20_3280,11746.775537854808
000d7d20_3281,11746.875324546645
000d7d20_3282,11746.875324546645
000d7d20_3283,11747.021993112534
000d7d20_3284,11746.875324546645
000d7d20_3285,11746.660578409157
000d7d20_3286,11746.513909843268
000d7d20_3287,11746.513909843268
000d7d20_3288,11746.62886928892
000d7d20_3289,11747.021993112534
000d7d20_3290,11747.021993112534
000d7d20_3291,11746.875324546645
000d7d20_3292,11746.875324546645
000d7d20_3293,11746.74443530377
000d7d20_3294,11746.74443530377
000d7d20_3295,11746.891103869659
000d7d20_3296,11746.74443530377
000d7d20_3297,11746.74443530377
000d7d20_3298,11746.74443530377
000d7d20_3299,11746.891103869659
000d7d20_3300,11746.891103869659
000d7d20_3301,11746.74443530377
000d7d20_3302,11746.875324546645
000d7d20_3303,11746.875324546645
000d7d20_3304,11746.875324546645
000d7d20_3305,11746.775537854808
000d7d20_3306,11746.62886928892
000d7d20_3307,11747.021993112534
000d7d20_3308,11747.021993112534
000d7d20_3309,11747.021993112534
000d7d20_3310,11747.021993112534
000d7d20_3311,11747.021993112534
000d7d20_3312,11746.875324546645
000d7d20_3313,11746.875324546645
000d7d20_3314,11746.74443530377
000d7d20_3315,11746.74443530377
000d7d20_3316,11746.74443530377
000d7d20_3317,11746.74443530377
000d7d20_3318,11746.891103869659
000d7d20_3319,11746.74443530377
000d7d20_3320,11746.74443530377
000d7d20_3321,11746.74443530377
000d7d20_3322,11746.465214980346
000d7d20_3323,11746.264138492044
000d7d20_3324,11746.264138492044
000d7d20_3325,11746.157786625823
000d7d20_3326,11746.480815131064
000d7d20_3327,11746.465214980346
000d7d20_3328,11746.465214980346
000d7d20_3329,11746.465214980346
000d7d20_3330,11746.465214980346
000d7d20_3331,11746.465214980346
000d7d20_3332,11746.465214980346
000d7d20_3333,11746.465214980346
000d7d20_3334,11746.465214980346
000d7d20_3335,11746.465214980346
000d7d20_3336,11746.465214980346
000d7d20_3337,11746.465214980346
000d7d20_3338,11746.465214980346
000d7d20_3339,11746.465214980346
000d7d20_3340,11746.465214980346
000d7d20_3341,11746.465214980346
000d7d20_3342,11746.465214980346
000d7d20_3343,11746.465214980346
000d7d20_3344,11746.465214980346
000d7d20_3345,11746.465214980346
000d7d20_3346,11746.264138492044
000d7d20_3347,11746.264138492044
000d7d20_3348,11746.151110543997
000d7d20_3349,11746.257462410218
000d7d20_3350,11746.257462410218
000d7d20_3351,11746.257462410218
000d7d20_3352,11746.45853889852
000d7d20_3353,11746.605207464409
000d7d20_3354,11746.45853889852
000d7d20_3355,11746.45853889852
000d7d20_3356,11746.45853889852
000d7d20_3357,11746.45853889852
000d7d20_3358,11746.45853889852
000d7d20_3359,11746.605207464409
000d7d20_3360,11746.45853889852
000d7d20_3361,11746.45853889852
000d7d20_3362,11746.45853889852
000d7d20_3363,11746.45853889852
000d7d20_3364,11746.257462410218
000d7d20_3365,11746.257462410218
000d7d20_3366,11746.45853889852
000d7d20_3367,11746.45853889852
000d7d20_3368,11746.45853889852
000d7d20_3369,11746.605207464409
000d7d20_3370,11746.45853889852
000d7d20_3371,11746.45853889852
000d7d20_3372,11746.736096707284
000d7d20_3373,11746.736096707284
000d7d20_3374,11745.922526184419
000d7d20_3375,11746.315650008033
000d7d20_3376,11746.168981442144
000d7d20_3377,11746.168981442144
000d7d20_3378,11746.168981442144
000d7d20_3379,11746.315650008033
000d7d20_3380,11745.807566738767
000d7d20_3381,11745.807566738767
000d7d20_3382,11746.315650008033
000d7d20_3383,11746.168981442144
000d7d20_3384,11746.315650008033
000d7d20_3385,11746.315650008033
000d7d20_3386,11746.168981442144
000d7d20_3387,11746.315650008033
000d7d20_3388,11746.315650008033
000d7d20_3389,11746.168981442144
000d7d20_3390,11745.954235304656
000d7d20_3391,11745.807566738767
000d7d20_3392,11745.807566738767
000d7d20_3393,11745.922526184419
000d7d20_3394,11746.315650008033
000d7d20_3395,11746.315650008033
000d7d20_3396,11746.168981442144
000d7d20_3397,11746.315650008033
000d7d20_3398,11746.168981442144
000d7d20_3399,11746.315650008033
000d7d20_3400,11745.954235304656
000d7d20_3401,11745.807566738767
000d7d20_3402,11746.069194750307
000d7d20_3403,11746.315650008033
000d7d20_3404,11746.168981442144
000d7d20_3405,11746.168981442144
000d7d20_3406,11746.168981442144
000d7d20_3407,11746.315650008033
000d7d20_3408,11745.922526184419
000d7d20_3409,11745.922526184419
000d7d20_3410,11745.922526184419
000d7d20_3411,11745.922526184419
000d7d20_3412,11746.03809219927
000d7d20_3413,11746.03809219927
000d7d20_3414,11746.03809219927
000d7d20_3415,11746.03809219927
000d7d20_3416,11746.03809219927
000d7d20_3417,11746.03809219927
000d7d20_3418,11746.03809219927
000d7d20_3419,11746.03809219927
000d7d20_3420,11746.03809219927
000d7d20_3421,11746.03809219927
000d7d20_3422,11746.03809219927
000d7d20_3423,11746.03809219927
000d7d20_3424,11746.03809219927
000d7d20_3425,11745.837015710968
000d7d20_3426,11745.730663844746
000d7d20_3427,11746.388642249907
000d7d20_3428,11747.329881227359
000d7d20_3429,11746.053692349988
000d7d20_3430,11745.742902929867
000d7d20_3431,11745.837015710968
000d7d20_3432,11745.837015710968
000d7d20_3433,11745.837015710968
000d7d20_3434,11746.03809219927
000d7d20_3435,11746.03809219927
000d7d20_3436,11746.03809219927
000d7d20_3437,11746.03809219927
000d7d20_3438,11746.03809219927
000d7d20_3439,11746.03809219927
000d7d20_3440,11746.03809219927
000d7d20_3441,11746.184760765158
000d7d20_3442,11746.03809219927
000d7d20_3443,11746.168981442144
000d7d20_3444,11746.168981442144
000d7d20_3445,11745.922526184419
000d7d20_3446,11746.03809219927
000d7d20_3447,11746.03809219927
000d7d20_3448,11746.184760765158
000d7d20_3449,11746.03809219927
000d7d20_3450,11746.03809219927
000d7d20_3451,11746.03809219927
000d7d20_3452,11746.03809219927
000d7d20_3453,11746.03809219927
000d7d20_3454,11746.03809219927
000d7d20_3455,11746.03809219927
000d7d20_3456,11746.315650008033
000d7d20_3457,11746.315650008033
000d7d20_3458,11746.168981442144
000d7d20_3459,11746.168981442144
000d7d20_3460,11746.168981442144
000d7d20_3461,11746.168981442144
000d7d20_3462,11746.03809219927
000d7d20_3463,11746.03809219927
000d7d20_3464,11746.315650008033
000d7d20_3465,11746.168981442144
000d7d20_3466,11746.168981442144
000d7d20_3467,11745.954235304656
000d7d20_3468,11745.954235304656
000d7d20_3469,11745.807566738767
000d7d20_3470,11745.807566738767
000d7d20_3471,11746.069194750307
000d7d20_3472,11746.168981442144
000d7d20_3473,11746.168981442144
000d7d20_3474,11746.069194750307
000d7d20_3475,11745.922526184419
000d7d20_3476,11745.68776369339
000d7d20_3477,11745.68776369339
000d7d20_3478,11745.954235304656
000d7d20_3479,11745.922526184419
000d7d20_3480,11746.168981442144
000d7d20_3481,11746.168981442144
000d7d20_3482,11746.315650008033
000d7d20_3483,11746.315650008033
000d7d20_3484,11746.168981442144
000d7d20_3485,11746.168981442144
000d7d20_3486,11746.168981442144
000d7d20_3487,11745.807566738767
000d7d20_3488,11746.315650008033
000d7d20_3489,11746.168981442144
000d7d20_3490,11746.168981442144
000d7d20_3491,11746.168981442144
000d7d20_3492,11746.315650008033
000d7d20_3493,11746.168981442144
000d7d20_3494,11746.168981442144
000d7d20_3495,11746.03809219927
000d7d20_3496,11746.03809219927
000d7d20_3497,11746.03809219927
000d7d20_3498,11746.03809219927
000d7d20_3499,11746.03809219927
000d7d20_3500,11746.184760765158
000d7d20_3501,11746.184760765158
000d7d20_3502,11746.168981442144
000d7d20_3503,11746.168981442144
000d7d20_3504,11746.168981442144
000d7d20_3505,11745.617109436656
000d7d20_3506,11745.834432259278
000d7d20_3507,11745.68776369339
000d7d20_3508,11745.68776369339
000d7d20_3509,11745.68776369339
000d7d20_3510,11745.68776369339
000d7d20_3511,11745.954235304656
000d7d20_3512,11746.069194750307
000d7d20_3513,11745.922526184419
000d7d20_3514,11745.922526184419
000d7d20_3515,11745.922526184419
000d7d20_3516,11746.315650008033
000d7d20_3517,11746.168981442144
000d7d20_3518,11746.168981442144
000d7d20_3519,11746.315650008033
000d7d20_3520,11746.168981442144
000d7d20_3521,11746.168981442144
000d7d20_3522,11746.168981442144
000d7d20_3523,11746.168981442144
000d7d20_3524,11746.03809219927
000d7d20_3525,11746.03809219927
000d7d20_3526,11746.03809219927
000d7d20_3527,11746.03809219927
000d7d20_3528,11746.03809219927
000d7d20_3529,11746.184760765158
000d7d20_3530,11746.03809219927
000d7d20_3531,11746.03809219927
000d7d20_3532,11746.03809219927
000d7d20_3533,11746.315650008033
000d7d20_3534,11746.168981442144
000d7d20_3535,11746.168981442144
000d7d20_3536,11746.03809219927
000d7d20_3537,11746.03809219927
000d7d20_3538,11746.03809219927
000d7d20_3539,11746.184760765158
000d7d20_3540,11746.03809219927
000d7d20_3541,11746.168981442144
000d7d20_3542,11746.03809219927
000d7d20_3543,11746.03809219927
000d7d20_3544,11745.837015710968
000d7d20_3545,11746.03809219927
000d7d20_3546,11746.03809219927
000d7d20_3547,11746.03809219927
000d7d20_3548,11746.03809219927
000d7d20_3549,11746.03809219927
000d7d20_3550,11746.03809219927
000d7d20_3551,11746.03809219927
000d7d20_3552,11746.03809219927
000d7d20_3553,11746.03809219927
000d7d20_3554,11746.184760765158
000d7d20_3555,11746.03809219927
000d7d20_3556,11746.03809219927
000d7d20_3557,11746.03809219927
000d7d20_3558,11746.03809219927
000d7d20_3559,11746.03809219927
000d7d20_3560,11746.03809219927
000d7d20_3561,11745.837015710968
000d7d20_3562,11745.837015710968
000d7d20_3563,11745.837015710968
000d7d20_3564,11745.742902929867
000d7d20_3565,11746.03809219927
000d7d20_3566,11746.03809219927
000d7d20_3567,11746.184760765158
000d7d20_3568,11746.315650008033
000d7d20_3569,11746.168981442144
000d7d20_3570,11746.168981442144
000d7d20_3571,11746.315650008033
000d7d20_3572,11746.168981442144
000d7d20_3573,11746.03809219927
000d7d20_3574,11746.315650008033
000d7d20_3575,11746.168981442144
000d7d20_3576,11746.168981442144
000d7d20_3577,11746.315650008033
000d7d20_3578,11746.168981442144
000d7d20_3579,11745.922526184419
000d7d20_3580,11745.617109436656
000d7d20_3581,11745.68776369339
000d7d20_3582,11745.68776369339
000d7d20_3583,11745.68776369339
000d7d20_3584,11745.834432259278
000d7d20_3585,11745.807566738767
000d7d20_3586,11745.807566738767
000d7d20_3587,11745.834432259278
000d7d20_3588,11745.68776369339
000d7d20_3589,11745.68776369339
000d7d20_3590,11745.68776369339
000d7d20_3591,11745.68776369339
000d7d20_3592,11746.03809219927
000d7d20_3593,11746.03809219927
000d7d20_3594,11746.03809219927
000d7d20_3595,11746.03809219927
000d7d20_3596,11746.03809219927
000d7d20_3597,11746.03809219927
000d7d20_3598,11746.03809219927
000d7d20_3599,11745.834432259278
000d7d20_3600,11745.954235304656
000d7d20_3601,11745.807566738767
000d7d20_3602,11745.807566738767
000d7d20_3603,11745.834432259278
000d7d20_3604,11745.736916384496
000d7d20_3605,11745.617109436656
000d7d20_3606,11745.834432259278
000d7d20_3607,11745.68776369339
000d7d20_3608,11745.68776369339
000d7d20_3609,11745.68776369339
000d7d20_3610,11745.807566738767
000d7d20_3611,11746.03809219927
000d7d20_3612,11746.03809219927
000d7d20_3613,11746.03809219927
000d7d20_3614,11746.03809219927
000d7d20_3615,11746.03809219927
000d7d20_3616,11745.736916384496
000d7d20_3617,11745.68776369339
000d7d20_3618,11745.68776369339
000d7d20_3619,11745.834432259278
000d7d20_3620,11745.834432259278
000d7d20_3621,11745.736916384496
000d7d20_3622,11745.617109436656
000d7d20_3623,11745.617109436656
000d7d20_3624,11745.617109436656
000d7d20_3625,11745.834432259278
000d7d20_3626,11745.834432259278
000d7d20_3627,11745.617109436656
000d7d20_3628,11745.736916384496
000d7d20_3629,11745.736916384496
000d7d20_3630,11745.736916384496
000d7d20_3631,11746.004483809287
000d7d20_3632,11745.787160986665
000d7d20_3633,11745.906967934505
000d7d20_3634,11745.787160986665
000d7d20_3635,11745.906967934505
000d7d20_3636,11745.906967934505
000d7d20_3637,11746.004483809287
000d7d20_3638,11745.906967934505
000d7d20_3639,11746.004483809287
000d7d20_3640,11745.787160986665
000d7d20_3641,11745.857815243398
000d7d20_3642,11745.787160986665
000d7d20_3643,11745.906967934505
000d7d20_3644,11745.857815243398
000d7d20_3645,11745.857815243398
000d7d20_3646,11745.857815243398
000d7d20_3647,11745.857815243398
000d7d20_3648,11746.208143749278
000d7d20_3649,11746.124286854665
000d7d20_3650,11745.977618288776
000d7d20_3651,11746.004483809287
000d7d20_3652,11746.004483809287
000d7d20_3653,11745.857815243398
000d7d20_3654,11746.004483809287
000d7d20_3655,11745.857815243398
000d7d20_3656,11745.977618288776
000d7d20_3657,11745.977618288776
000d7d20_3658,11745.977618288776
000d7d20_3659,11745.148432254413
000d7d20_3660,11745.388676228316
000d7d20_3661,11745.388676228316
000d7d20_3662,11745.787160986665
000d7d20_3663,11745.857815243398
000d7d20_3664,11745.857815243398
000d7d20_3665,11745.857815243398
000d7d20_3666,11746.004483809287
000d7d20_3667,11746.004483809287
000d7d20_3668,11745.906967934505
000d7d20_3669,11745.857815243398
000d7d20_3670,11745.787160986665
000d7d20_3671,11745.857815243398
000d7d20_3672,11745.857815243398
000d7d20_3673,11745.857815243398
000d7d20_3674,11745.857815243398
000d7d20_3675,11745.148432254413
000d7d20_3676,11745.388676228316
000d7d20_3677,11745.437828919423
000d7d20_3678,11745.437828919423
000d7d20_3679,11745.437828919423
000d7d20_3680,11745.857815243398
000d7d20_3681,11745.857815243398
000d7d20_3682,11745.388676228316
000d7d20_3683,11745.388676228316
000d7d20_3684,11746.208143749278
000d7d20_3685,11746.208143749278
000d7d20_3686,11746.004483809287
000d7d20_3687,11745.857815243398
000d7d20_3688,11745.857815243398
000d7d20_3689,11745.857815243398
000d7d20_3690,11745.857815243398
000d7d20_3691,11746.124286854665
000d7d20_3692,11746.124286854665
000d7d20_3693,11745.977618288776
000d7d20_3694,11746.124286854665
000d7d20_3695,11745.977618288776
000d7d20_3696,11745.977618288776
000d7d20_3697,11746.004483809287
000d7d20_3698,11745.857815243398
000d7d20_3699,11745.977618288776
000d7d20_3700,11746.239246300316
000d7d20_3701,11746.485701558042
000d7d20_3702,11746.339032992153
000d7d20_3703,11746.339032992153
000d7d20_3704,11746.485701558042
000d7d20_3705,11746.339032992153
000d7d20_3706,11746.339032992153
000d7d20_3707,11746.339032992153
000d7d20_3708,11746.339032992153
000d7d20_3709,11746.485701558042
000d7d20_3710,11746.485701558042
000d7d20_3711,11746.339032992153
000d7d20_3712,11746.339032992153
000d7d20_3713,11746.485701558042
000d7d20_3714,11746.339032992153
000d7d20_3715,11746.208143749278
000d7d20_3716,11746.208143749278
000d7d20_3717,11746.208143749278
000d7d20_3718,11746.208143749278
000d7d20_3719,11746.208143749278
000d7d20_3720,11746.208143749278
000d7d20_3721,11745.912954479876
000d7d20_3722,11746.223743899996
000d7d20_3723,11746.223743899996
000d7d20_3724,11746.223743899996
000d7d20_3725,11747.499932777368
000d7d20_3726,11746.208143749278
000d7d20_3727,11746.007067260976
000d7d20_3728,11746.007067260976
000d7d20_3729,11746.007067260976
000d7d20_3730,11746.208143749278
000d7d20_3731,11746.354812315167
000d7d20_3732,11746.208143749278
000d7d20_3733,11746.485701558042
000d7d20_3734,11746.339032992153
000d7d20_3735,11746.339032992153
000d7d20_3736,11746.092577734427
000d7d20_3737,11746.092577734427
000d7d20_3738,11746.004483809287
000d7d20_3739,11746.004483809287
000d7d20_3740,11745.857815243398
000d7d20_3741,11745.857815243398
000d7d20_3742,11746.004483809287
000d7d20_3743,11745.857815243398
000d7d20_3744,11745.857815243398
000d7d20_3745,11745.857815243398
000d7d20_3746,11746.004483809287
000d7d20_3747,11745.857815243398
000d7d20_3748,11745.617571269495
000d7d20_3749,11745.148432254413
000d7d20_3750,11745.148432254413
000d7d20_3751,11745.388676228316
000d7d20_3752,11745.148432254413
000d7d20_3753,11745.388676228316
000d7d20_3754,11745.388676228316
000d7d20_3755,11744.777139048821
000d7d20_3756,11744.777139048821
000d7d20_3757,11745.017383022725
000d7d20_3758,11744.777139048821
000d7d20_3759,11744.777139048821
000d7d20_3760,11744.777139048821
000d7d20_3761,11745.017383022725
000d7d20_3762,11744.777139048821
000d7d20_3763,11745.017383022725
000d7d20_3764,11745.388676228316
000d7d20_3765,11745.148432254413
000d7d20_3766,11745.148432254413
000d7d20_3767,11745.017383022725
000d7d20_3768,11745.017383022725
000d7d20_3769,11745.148432254413
000d7d20_3770,11745.017383022725
000d7d20_3771,11745.252657200466
000d7d20_3772,11745.012413226563
000d7d20_3773,11744.641120020971
000d7d20_3774,11744.881363994875
000d7d20_3775,11744.641120020971
000d7d20_3776,11744.881363994875
000d7d20_3777,11744.64067608467
000d7d20_3778,11744.641120020971
000d7d20_3779,11745.012413226563
000d7d20_3780,11745.252657200466
000d7d20_3781,11745.252657200466
000d7d20_3782,11745.252657200466
000d7d20_3783,11745.252657200466
000d7d20_3784,11745.012413226563
000d7d20_3785,11745.012413226563
000d7d20_3786,11745.252657200466
000d7d20_3787,11745.301809891573
000d7d20_3788,11745.252657200466
000d7d20_3789,11745.301809891573
000d7d20_3790,11745.770948906655
000d7d20_3791,11745.721796215548
000d7d20_3792,11745.868464781437
000d7d20_3793,11745.481552241645
000d7d20_3794,11745.721796215548
000d7d20_3795,11745.721796215548
000d7d20_3796,11745.721796215548
000d7d20_3797,11745.252657200466
000d7d20_3798,11745.651141958815
000d7d20_3799,11745.721796215548
000d7d20_3800,11745.770948906655
000d7d20_3801,11745.770948906655
000d7d20_3802,11745.721796215548
000d7d20_3803,11745.770948906655
000d7d20_3804,11745.868464781437
000d7d20_3805,11745.868464781437
000d7d20_3806,11745.868464781437
000d7d20_3807,11745.868464781437
000d7d20_3808,11745.956558706577
000d7d20_3809,11746.203013964303
000d7d20_3810,11746.103227272466
000d7d20_3811,11745.956558706577
000d7d20_3812,11746.072124721428
000d7d20_3813,11746.072124721428
000d7d20_3814,11746.218793287317
000d7d20_3815,11746.072124721428
000d7d20_3816,11746.218793287317
000d7d20_3817,11746.349682530192
000d7d20_3818,11746.203013964303
000d7d20_3819,11746.203013964303
000d7d20_3820,11746.203013964303
000d7d20_3821,11745.871048233126
000d7d20_3822,11747.70252946281
000d7d20_3823,11748.690812043362
000d7d20_3824,11748.690812043362
000d7d20_3825,11748.100923803084
000d7d20_3826,11748.033179196389
000d7d20_3827,11747.70252946281
000d7d20_3828,11747.363913749517
000d7d20_3829,11747.363913749517
000d7d20_3830,11747.741584678985
000d7d20_3831,11747.741584678985
000d7d20_3832,11748.025070263115
000d7d20_3833,11748.576494830157
000d7d20_3834,11748.690812043362
000d7d20_3835,11748.917360237721
000d7d20_3836,11748.93005298939
000d7d20_3837,11748.690812043362
000d7d20_3838,11748.917360237721
000d7d20_3839,11749.099031023658
000d7d20_3840,11749.099031023658
000d7d20_3841,11751.316609565987
000d7d20_3842,11752.375702120953
000d7d20_3843,11752.84896680506
000d7d20_3844,11746.072124721428
000d7d20_3845,11746.072124721428
000d7d20_3846,11746.072124721428
000d7d20_3847,11754.15555436846
000d7d20_3848,11754.15555436846
000d7d20_3849,11754.15555436846
000d7d20_3850,11754.15555436846
000d7d20_3851,11754.15555436846
000d7d20_3852,11752.375702120953
000d7d20_3853,11751.316609565987
000d7d20_3854,11751.316609565987
000d7d20_3855,11749.021553008843
000d7d20_3856,11748.93005298939
000d7d20_3857,11748.93005298939
000d7d20_3858,11748.598728251342
000d7d20_3859,11748.558200689118
000d7d20_3860,11748.558200689118
000d7d20_3861,11748.93005298939
000d7d20_3862,11748.93005298939
000d7d20_3863,11748.975966293077
000d7d20_3864,11746.072124721428
000d7d20_3865,11745.776935452026
000d7d20_3866,11745.776935452026
000d7d20_3867,11745.837038436126
000d7d20_3868,11745.989044362708
000d7d20_3869,11745.989044362708
000d7d20_3870,11746.087724872146
000d7d20_3871,11746.087724872146
000d7d20_3872,11746.087724872146
000d7d20_3873,11746.072124721428
000d7d20_3874,11746.072124721428
000d7d20_3875,11746.072124721428
000d7d20_3876,11746.072124721428
000d7d20_3877,11746.072124721428
000d7d20_3878,11746.072124721428
000d7d20_3879,11746.072124721428
000d7d20_3880,11746.072124721428
000d7d20_3881,11747.363913749517
000d7d20_3882,11746.218793287317
000d7d20_3883,11746.072124721428
000d7d20_3884,11746.072124721428
000d7d20_3885,11746.072124721428
000d7d20_3886,11746.203013964303
000d7d20_3887,11746.218793287317
000d7d20_3888,11746.072124721428
000d7d20_3889,11746.349682530192
000d7d20_3890,11746.349682530192
000d7d20_3891,11746.349682530192
000d7d20_3892,11746.203013964303
000d7d20_3893,11746.203013964303
000d7d20_3894,11745.988267826815
000d7d20_3895,11745.770948906655
000d7d20_3896,11745.721796215548
000d7d20_3897,11745.721796215548
000d7d20_3898,11745.721796215548
000d7d20_3899,11745.012413226563
000d7d20_3900,11745.012413226563
000d7d20_3901,11745.301809891573
000d7d20_3902,11745.012413226563
000d7d20_3903,11745.252657200466
000d7d20_3904,11745.252657200466
000d7d20_3905,11745.012413226563
000d7d20_3906,11745.012413226563
000d7d20_3907,11745.012413226563
000d7d20_3908,11745.301809891573
000d7d20_3909,11745.012413226563
000d7d20_3910,11745.252657200466
000d7d20_3911,11745.399325766355
000d7d20_3912,11745.721796215548
000d7d20_3913,11745.481552241645
000d7d20_3914,11745.721796215548
000d7d20_3915,11745.721796215548
000d7d20_3916,11745.252657200466
000d7d20_3917,11745.012413226563
000d7d20_3918,11745.252657200466
000d7d20_3919,11745.252657200466
000d7d20_3920,11746.01162444061
000d7d20_3921,11745.864955874722
000d7d20_3922,11746.01162444061
000d7d20_3923,11746.131427485989
000d7d20_3924,11745.9847589201
000d7d20_3925,11746.346173623477
000d7d20_3926,11746.346173623477
000d7d20_3927,11746.36195294649
000d7d20_3928,11746.215284380602
000d7d20_3929,11746.215284380602
000d7d20_3930,11746.215284380602
000d7d20_3931,11746.215284380602
000d7d20_3932,11746.0142078923
000d7d20_3933,11746.0142078923
000d7d20_3934,11746.0142078923
000d7d20_3935,11746.0142078923
000d7d20_3936,11746.0142078923
000d7d20_3937,11746.36195294649
000d7d20_3938,11746.215284380602
000d7d20_3939,11746.215284380602
000d7d20_3940,11746.346173623477
000d7d20_3941,11746.346173623477
000d7d20_3942,11746.492842189366
000d7d20_3943,11746.492842189366
000d7d20_3944,11746.346173623477
000d7d20_3945,11746.24638693164
000d7d20_3946,11746.099718365751
000d7d20_3947,11746.346173623477
000d7d20_3948,11746.215284380602
000d7d20_3949,11746.215284380602
000d7d20_3950,11746.215284380602
000d7d20_3951,11746.215284380602
000d7d20_3952,11746.215284380602
000d7d20_3953,11746.36195294649
000d7d20_3954,11746.215284380602
000d7d20_3955,11746.215284380602
000d7d20_3956,11746.215284380602
000d7d20_3957,11746.215284380602
000d7d20_3958,11746.215284380602
000d7d20_3959,11746.215284380602
000d7d20_3960,11746.215284380602
000d7d20_3961,11746.215284380602
000d7d20_3962,11746.215284380602
000d7d20_3963,11746.215284380602
000d7d20_3964,11746.215284380602
000d7d20_3965,11746.0142078923
000d7d20_3966,11746.215284380602
000d7d20_3967,11746.36195294649
000d7d20_3968,11746.36195294649
000d7d20_3969,11746.36195294649
000d7d20_3970,11746.492842189366
000d7d20_3971,11746.492842189366
000d7d20_3972,11746.492842189366
000d7d20_3973,11746.492842189366
000d7d20_3974,11746.492842189366
000d7d20_3975,11746.492842189366
000d7d20_3976,11746.492842189366
000d7d20_3977,11746.492842189366
000d7d20_3978,11746.131427485989
000d7d20_3979,11745.9847589201
000d7d20_3980,11746.131427485989
000d7d20_3981,11746.346173623477
000d7d20_3982,11746.492842189366
000d7d20_3983,11746.492842189366
000d7d20_3984,11746.492842189366
000d7d20_3985,11746.346173623477
000d7d20_3986,11746.492842189366
000d7d20_3987,11746.131427485989
000d7d20_3988,11745.794301617989
000d7d20_3989,11745.864955874722
000d7d20_3990,11745.864955874722
000d7d20_3991,11746.01162444061
000d7d20_3992,11745.864955874722
000d7d20_3993,11746.131427485989
000d7d20_3994,11745.9847589201
000d7d20_3995,11745.9847589201
000d7d20_3996,11746.099718365751
000d7d20_3997,11746.215284380602
000d7d20_3998,11747.507073408691
000d7d20_3999,11746.56583443124
000d7d20_4000,11746.132204021882
000d7d20_4001,11746.132204021882
000d7d20_4002,11746.36195294649
000d7d20_4003,11746.215284380602
000d7d20_4004,11746.215284380602
000d7d20_4005,11746.215284380602
000d7d20_4006,11746.215284380602
000d7d20_4007,11746.215284380602
000d7d20_4008,11746.215284380602
000d7d20_4009,11746.215284380602
000d7d20_4010,11746.215284380602
000d7d20_4011,11746.215284380602
000d7d20_4012,11746.215284380602
000d7d20_4013,11746.0142078923
000d7d20_4014,11746.132204021882
000d7d20_4015,11747.507073408691
000d7d20_4016,11747.507073408691
000d7d20_4017,11746.23088453132
000d7d20_4018,11745.907856026079
000d7d20_4019,11746.215284380602
000d7d20_4020,11746.36195294649
000d7d20_4021,11746.215284380602
000d7d20_4022,11746.215284380602
000d7d20_4023,11746.215284380602
000d7d20_4024,11746.492842189366
000d7d20_4025,11746.492842189366
000d7d20_4026,11746.492842189366
000d7d20_4027,11746.492842189366
000d7d20_4028,11746.346173623477
000d7d20_4029,11746.492842189366
000d7d20_4030,11746.346173623477
000d7d20_4031,11746.346173623477
000d7d20_4032,11746.492842189366
000d7d20_4033,11746.346173623477
000d7d20_4034,11746.131427485989
000d7d20_4035,11745.9847589201
000d7d20_4036,11746.131427485989
000d7d20_4037,11746.01162444061
000d7d20_4038,11745.864955874722
000d7d20_4039,11746.01162444061
000d7d20_4040,11745.794301617989
000d7d20_4041,11746.01162444061
000d7d20_4042,11746.01162444061
000d7d20_4043,11745.864955874722
000d7d20_4044,11746.01162444061
000d7d20_4045,11746.24638693164
000d7d20_4046,11746.346173623477
000d7d20_4047,11746.346173623477
000d7d20_4048,11746.346173623477
000d7d20_4049,11746.346173623477
000d7d20_4050,11746.131427485989
000d7d20_4051,11745.9847589201
000d7d20_4052,11746.131427485989
000d7d20_4053,11745.9847589201
000d7d20_4054,11745.9847589201
000d7d20_4055,11746.131427485989
000d7d20_4056,11745.9847589201
000d7d20_4057,11746.01162444061
000d7d20_4058,11745.794301617989
000d7d20_4059,11745.864955874722
000d7d20_4060,11746.01162444061
000d7d20_4061,11746.01162444061
000d7d20_4062,11746.01162444061
000d7d20_4063,11746.131427485989
000d7d20_4064,11745.914108565828
000d7d20_4065,11746.01162444061
000d7d20_4066,11746.131427485989
000d7d20_4067,11746.131427485989
000d7d20_4068,11746.346173623477
000d7d20_4069,11746.346173623477
000d7d20_4070,11746.36195294649
000d7d20_4071,11746.492842189366
000d7d20_4072,11746.275519366744
000d7d20_4073,11745.914104663367
000d7d20_4074,11746.01162444061
000d7d20_4075,11746.01162444061
000d7d20_4076,11746.01162444061
000d7d20_4077,11746.131427485989
000d7d20_4078,11746.492842189366
000d7d20_4079,11746.346173623477
000d7d20_4080,11746.492842189366
000d7d20_4081,11746.24638693164
000d7d20_4082,11746.131427485989
000d7d20_4083,11745.864955874722
000d7d20_4084,11746.01162444061
000d7d20_4085,11745.914108565828
000d7d20_4086,11746.01162444061
000d7d20_4087,11746.01162444061
000d7d20_4088,11746.01162444061
000d7d20_4089,11746.01162444061
000d7d20_4090,11746.24638693164
000d7d20_4091,11746.492842189366
000d7d20_4092,11746.346173623477
000d7d20_4093,11746.492842189366
000d7d20_4094,11746.24638693164
000d7d20_4095,11746.01162444061
000d7d20_4096,11745.794301617989
000d7d20_4097,11745.864955874722
000d7d20_4098,11746.01162444061
000d7d20_4099,11746.01162444061
000d7d20_4100,11746.01162444061
000d7d20_4101,11746.131427485989
000d7d20_4102,11746.346173623477
000d7d20_4103,11746.24638693164
000d7d20_4104,11746.492842189366
000d7d20_4105,11746.033911611206
000d7d20_4106,11745.624711900819
000d7d20_4107,11746.01162444061
000d7d20_4108,11746.01162444061
000d7d20_4109,11745.864955874722
000d7d20_4110,11745.864955874722
000d7d20_4111,11745.864955874722
000d7d20_4112,11745.864955874722
000d7d20_4113,11746.215284380602
000d7d20_4114,11746.01162444061
000d7d20_4115,11746.01162444061
000d7d20_4116,11745.864955874722
000d7d20_4117,11746.01162444061
000d7d20_4118,11746.131427485989
000d7d20_4119,11745.9847589201
000d7d20_4120,11746.099718365751
000d7d20_4121,11746.099718365751
000d7d20_4122,11746.131427485989
000d7d20_4123,11745.864955874722
000d7d20_4124,11746.01162444061
000d7d20_4125,11746.01162444061
000d7d20_4126,11745.864955874722
000d7d20_4127,11746.01162444061
000d7d20_4128,11745.794301617989
000d7d20_4129,11745.864955874722
000d7d20_4130,11745.914108565828
000d7d20_4131,11745.864955874722
000d7d20_4132,11745.470866635056
000d7d20_4133,11745.617535200945
000d7d20_4134,11745.617535200945
000d7d20_4135,11745.590669680434
000d7d20_4136,11745.590669680434
000d7d20_4137,11745.590669680434
000d7d20_4138,11745.95208438381
000d7d20_4139,11745.821195140936
000d7d20_4140,11745.400212378323
000d7d20_4141,11745.470866635056
000d7d20_4142,11745.470866635056
000d7d20_4143,11745.470866635056
000d7d20_4144,11745.470866635056
000d7d20_4145,11745.821195140936
000d7d20_4146,11745.821195140936
000d7d20_4147,11745.821195140936
000d7d20_4148,11745.821195140936
000d7d20_4149,11745.617535200945
000d7d20_4150,11745.617535200945
000d7d20_4151,11745.470866635056
000d7d20_4152,11745.470866635056
000d7d20_4153,11745.617535200945
000d7d20_4154,11745.520019326163
000d7d20_4155,11745.230622661153
000d7d20_4156,11745.470866635056
000d7d20_4157,11745.470866635056
000d7d20_4158,11745.001727619974
000d7d20_4159,11745.001727619974
000d7d20_4160,11745.821195140936
000d7d20_4161,11745.821195140936
000d7d20_4162,11745.821195140936
000d7d20_4163,11745.821195140936
000d7d20_4164,11745.821195140936
000d7d20_4165,11745.821195140936
000d7d20_4166,11745.821195140936
000d7d20_4167,11745.821195140936
000d7d20_4168,11744.76148364607
000d7d20_4169,11744.76148364607
000d7d20_4170,11744.76148364607
000d7d20_4171,11744.76148364607
000d7d20_4172,11745.001727619974
000d7d20_4173,11745.001727619974
000d7d20_4174,11744.39019044048
000d7d20_4175,11744.465097083723
000d7d20_4176,11744.13183966301
000d7d20_4177,11743.891595689107
000d7d20_4178,11743.891595689107
000d7d20_4179,11744.389746504177
000d7d20_4180,11744.389746504177
000d7d20_4181,11744.389746504177
000d7d20_4182,11744.149502530274
000d7d20_4183,11744.389746504177
000d7d20_4184,11744.22485310982
000d7d20_4185,11744.465097083723
000d7d20_4186,11744.39019044048
000d7d20_4187,11744.76148364607
000d7d20_4188,11744.39019044048
000d7d20_4189,11744.39019044048
000d7d20_4190,11744.630434414383
000d7d20_4191,11744.630434414383
000d7d20_4192,11744.465097083723
000d7d20_4193,11744.39019044048
000d7d20_4194,11744.76148364607
000d7d20_4195,11745.001727619974
000d7d20_4196,11744.76148364607
000d7d20_4197,11744.76148364607
000d7d20_4198,11744.630434414383
000d7d20_4199,11744.630434414383
000d7d20_4200,11744.76148364607
000d7d20_4201,11745.001727619974
000d7d20_4202,11745.001727619974
000d7d20_4203,11744.76148364607
000d7d20_4204,11745.001727619974
000d7d20_4205,11744.630434414383
000d7d20_4206,11744.630434414383
000d7d20_4207,11744.39019044048
000d7d20_4208,11744.630434414383
000d7d20_4209,11744.630434414383
000d7d20_4210,11744.39019044048
000d7d20_4211,11744.630434414383
000d7d20_4212,11744.76148364607
000d7d20_4213,11744.39019044048
000d7d20_4214,11744.630434414383
000d7d20_4215,11744.39019044048
000d7d20_4216,11744.39019044048
000d7d20_4217,11744.630434414383
000d7d20_4218,11745.001727619974
000d7d20_4219,11744.76148364607
000d7d20_4220,11745.001727619974
000d7d20_4221,11745.001727619974
000d7d20_4222,11744.76148364607
000d7d20_4223,11744.76148364607
000d7d20_4224,11745.001727619974
000d7d20_4225,11744.39019044048
000d7d20_4226,11744.39019044048
000d7d20_4227,11744.630434414383
000d7d20_4228,11744.39019044048
000d7d20_4229,11744.39019044048
000d7d20_4230,11744.630434414383
000d7d20_4231,11745.001727619974
000d7d20_4232,11744.39019044048
000d7d20_4233,11744.630434414383
000d7d20_4234,11744.39019044048
000d7d20_4235,11744.39019044048
000d7d20_4236,11744.630434414383
000d7d20_4237,11745.001727619974
000d7d20_4238,11745.001727619974
000d7d20_4239,11744.76148364607
000d7d20_4240,11744.76148364607
000d7d20_4241,11745.001727619974
000d7d20_4242,11745.001727619974
000d7d20_4243,11744.76148364607
000d7d20_4244,11744.630434414383
000d7d20_4245,11744.76148364607
000d7d20_4246,11744.76148364607
000d7d20_4247,11745.001727619974
000d7d20_4248,11744.76148364607
000d7d20_4249,11744.39019044048
000d7d20_4250,11744.630434414383
000d7d20_4251,11744.39019044048
000d7d20_4252,11744.39019044048
000d7d20_4253,11744.630434414383
000d7d20_4254,11745.001727619974
000d7d20_4255,11745.001727619974
000d7d20_4256,11745.001727619974
000d7d20_4257,11745.821195140936
000d7d20_4258,11745.821195140936
000d7d20_4259,11744.149502530274
000d7d20_4260,11744.389746504177
000d7d20_4261,11744.389746504177
000d7d20_4262,11744.149502530274
000d7d20_4263,11744.22485310982
000d7d20_4264,11744.465097083723
000d7d20_4265,11744.149502530274
000d7d20_4266,11743.891595689107
000d7d20_4267,11743.891595689107
000d7d20_4268,11744.149502530274
000d7d20_4269,11744.22485310982
000d7d20_4270,11744.149502530274
000d7d20_4271,11744.22485310982
000d7d20_4272,11744.22485310982
000d7d20_4273,11744.149502530274
000d7d20_4274,11744.149502530274
000d7d20_4275,11743.891595689107
000d7d20_4276,11743.891595689107
000d7d20_4277,11743.891595689107
000d7d20_4278,11743.891595689107
000d7d20_4279,11743.891595689107
000d7d20_4280,11743.891595689107
000d7d20_4281,11743.891595689107
000d7d20_4282,11743.891595689107
000d7d20_4283,11744.465097083723
000d7d20_4284,11744.149502530274
000d7d20_4285,11744.149502530274
000d7d20_4286,11744.149502530274
000d7d20_4287,11743.891595689107
000d7d20_4288,11744.13183966301
000d7d20_4289,11743.891595689107
000d7d20_4290,11744.149502530274
000d7d20_4291,11743.891595689107
000d7d20_4292,11743.891595689107
000d7d20_4293,11744.149502530274
000d7d20_4294,11744.39019044048
000d7d20_4295,11744.39019044048
000d7d20_4296,11744.39019044048
000d7d20_4297,11744.39019044048
000d7d20_4298,11744.22485310982
000d7d20_4299,11744.22485310982
000d7d20_4300,11744.149502530274
000d7d20_4301,11744.22485310982
000d7d20_4302,11744.39019044048
000d7d20_4303,11744.630434414383
000d7d20_4304,11744.39019044048
000d7d20_4305,11744.39019044048
000d7d20_4306,11745.001727619974
000d7d20_4307,11744.630434414383
000d7d20_4308,11744.39019044048
000d7d20_4309,11744.389746504177
000d7d20_4310,11744.13183966301
000d7d20_4311,11744.13183966301
000d7d20_4312,11744.149502530274
000d7d20_4313,11744.39019044048
000d7d20_4314,11744.630434414383
000d7d20_4315,11744.630434414383
000d7d20_4316,11744.39019044048
000d7d20_4317,11745.001727619974
000d7d20_4318,11744.76148364607
000d7d20_4319,11744.76148364607
000d7d20_4320,11744.39019044048
000d7d20_4321,11744.39019044048
000d7d20_4322,11744.630434414383
000d7d20_4323,11744.465097083723
000d7d20_4324,11744.22485310982
000d7d20_4325,11744.465097083723
000d7d20_4326,11745.001727619974
000d7d20_4327,11745.001727619974
000d7d20_4328,11744.39019044048
000d7d20_4329,11744.149502530274
000d7d20_4330,11744.389746504177
000d7d20_4331,11743.891595689107
000d7d20_4332,11743.891595689107
000d7d20_4333,11744.13183966301
000d7d20_4334,11744.13183966301
000d7d20_4335,11744.13183966301
000d7d20_4336,11744.13183966301
000d7d20_4337,11743.891595689107
000d7d20_4338,11744.13183966301
000d7d20_4339,11744.13183966301
000d7d20_4340,11743.891595689107
000d7d20_4341,11743.891595689107
000d7d20_4342,11744.13183966301
000d7d20_4343,11743.891595689107
000d7d20_4344,11743.891595689107
000d7d20_4345,11744.13183966301
000d7d20_4346,11743.891595689107
000d7d20_4347,11743.891595689107
000d7d20_4348,11743.891595689107
000d7d20_4349,11744.13183966301
000d7d20_4350,11743.891595689107
000d7d20_4351,11744.13183966301
000d7d20_4352,11744.149502530274
000d7d20_4353,11744.389746504177
000d7d20_4354,11743.891595689107
000d7d20_4355,11743.891595689107
000d7d20_4356,11743.891595689107
000d7d20_4357,11743.891595689107
000d7d20_4358,11743.891595689107
000d7d20_4359,11743.891595689107
000d7d20_4360,11743.891595689107
000d7d20_4361,11744.149502530274
000d7d20_4362,11744.149502530274
000d7d20_4363,11744.22485310982
000d7d20_4364,11744.22485310982
000d7d20_4365,11744.22485310982
000d7d20_4366,11744.149502530274
000d7d20_4367,11744.149502530274
000d7d20_4368,11744.149502530274
000d7d20_4369,11744.389746504177
000d7d20_4370,11743.891595689107
000d7d20_4371,11744.22485310982
000d7d20_4372,11744.39019044048
000d7d20_4373,11744.39019044048
000d7d20_4374,11744.39019044048
000d7d20_4375,11744.39019044048
000d7d20_4376,11744.76148364607
000d7d20_4377,11744.76148364607
000d7d20_4378,11744.76148364607
000d7d20_4379,11744.76148364607
000d7d20_4380,11744.76148364607
000d7d20_4381,11744.76148364607
000d7d20_4382,11744.76148364607
000d7d20_4383,11744.76148364607
000d7d20_4384,11744.76148364607
000d7d20_4385,11744.76148364607
000d7d20_4386,11744.76148364607
000d7d20_4387,11744.76148364607
000d7d20_4388,11744.76148364607
000d7d20_4389,11744.437227167553
000d7d20_4390,11744.437227167553
000d7d20_4391,11744.437227167553
000d7d20_4392,11744.437227167553
000d7d20_4393,11744.437227167553
000d7d20_4394,11744.677471141456
000d7d20_4395,11744.677471141456
000d7d20_4396,11744.677471141456
000d7d20_4397,11744.677471141456
000d7d20_4398,11745.496938662418
000d7d20_4399,11745.496938662418
000d7d20_4400,11745.496938662418
000d7d20_4401,11744.437227167553
000d7d20_4402,11744.437227167553
000d7d20_4403,11744.677471141456
000d7d20_4404,11744.677471141456
000d7d20_4405,11744.437227167553
000d7d20_4406,11744.824139707345
000d7d20_4407,11745.293278722427
000d7d20_4408,11745.293278722427
000d7d20_4409,11745.146610156538
000d7d20_4410,11745.293278722427
000d7d20_4411,11745.293278722427
000d7d20_4412,11745.195762847645
000d7d20_4413,11744.906366182635
000d7d20_4414,11745.195762847645
000d7d20_4415,11744.677471141456
000d7d20_4416,11744.606816884723
000d7d20_4417,11745.293278722427
000d7d20_4418,11745.293278722427
000d7d20_4419,11745.075955899805
000d7d20_4420,11745.146610156538
000d7d20_4421,11745.146610156538
000d7d20_4422,11745.195762847645
000d7d20_4423,11745.195762847645
000d7d20_4424,11745.146610156538
000d7d20_4425,11745.195762847645
000d7d20_4426,11745.146610156538
000d7d20_4427,11744.437227167553
000d7d20_4428,11744.437227167553
000d7d20_4429,11744.677471141456
000d7d20_4430,11744.437227167553
000d7d20_4431,11744.677471141456
000d7d20_4432,11744.677471141456
000d7d20_4433,11744.677471141456
000d7d20_4434,11744.677471141456
000d7d20_4435,11745.496938662418
000d7d20_4436,11744.726623832563
000d7d20_4437,11744.726623832563
000d7d20_4438,11744.677471141456
000d7d20_4439,11744.677471141456
000d7d20_4440,11744.677471141456
000d7d20_4441,11744.677471141456
000d7d20_4442,11744.437227167553
000d7d20_4443,11742.86733060783
000d7d20_4444,11742.86733060783
000d7d20_4445,11743.254243147623
000d7d20_4446,11743.107574581734
000d7d20_4447,11743.254243147623
000d7d20_4448,11744.124131104587
000d7d20_4449,11745.146610156538
000d7d20_4450,11745.146610156538
000d7d20_4451,11745.146610156538
000d7d20_4452,11745.266413201916
000d7d20_4453,11745.293278722427
000d7d20_4454,11745.293278722427
000d7d20_4455,11745.146610156538
000d7d20_4456,11745.195762847645
000d7d20_4457,11745.146610156538
000d7d20_4458,11745.146610156538
000d7d20_4459,11745.293278722427
000d7d20_4460,11745.146610156538
000d7d20_4461,11745.293278722427
000d7d20_4462,11745.293278722427
000d7d20_4463,11745.413081767805
000d7d20_4464,11745.381372647567
000d7d20_4465,11745.381372647567
000d7d20_4466,11745.627827905293
000d7d20_4467,11745.195762847645
000d7d20_4468,11744.677471141456
000d7d20_4469,11744.437227167553
000d7d20_4470,11744.437227167553
000d7d20_4471,11744.726623832563
000d7d20_4472,11744.824139707345
000d7d20_4473,11744.677471141456
000d7d20_4474,11745.293278722427
000d7d20_4475,11745.146610156538
000d7d20_4476,11745.146610156538
000d7d20_4477,11745.195762847645
000d7d20_4478,11744.906366182635
000d7d20_4479,11744.437227167553
000d7d20_4480,11744.726623832563
000d7d20_4481,11744.677471141456
000d7d20_4482,11744.85263993466
000d7d20_4483,11744.85263993466
000d7d20_4484,11745.272626258635
000d7d20_4485,11744.803487243553
000d7d20_4486,11744.803487243553
000d7d20_4487,11744.85263993466
000d7d20_4488,11745.321778949741
000d7d20_4489,11745.272626258635
000d7d20_4490,11745.272626258635
000d7d20_4491,11745.321778949741
000d7d20_4492,11745.201972001902
000d7d20_4493,11745.272626258635
000d7d20_4494,11745.272626258635
000d7d20_4495,11744.56324326965
000d7d20_4496,11744.803487243553
000d7d20_4497,11744.56324326965
000d7d20_4498,11744.314608741945
000d7d20_4499,11744.314608741945
000d7d20_4500,11744.314608741945
000d7d20_4501,11744.074364768041
000d7d20_4502,11744.074364768041
000d7d20_4503,11744.314608741945
000d7d20_4504,11744.074364768041
000d7d20_4505,11744.314608741945
000d7d20_4506,11744.074364768041
000d7d20_4507,11744.314608741945
000d7d20_4508,11744.363761433051
000d7d20_4509,11744.314608741945
000d7d20_4510,11744.314608741945
000d7d20_4511,11744.783747757027
000d7d20_4512,11744.783747757027
000d7d20_4513,11744.363761433051
000d7d20_4514,11744.314608741945
000d7d20_4515,11744.314608741945
000d7d20_4516,11744.314608741945
000d7d20_4517,11744.074364768041
000d7d20_4518,11744.314608741945
000d7d20_4519,11744.363761433051
000d7d20_4520,11744.314608741945
000d7d20_4521,11744.314608741945
000d7d20_4522,11744.783747757027
000d7d20_4523,11744.713093500293
000d7d20_4524,11744.930416322915
000d7d20_4525,11744.783747757027
000d7d20_4526,11744.543503783123
000d7d20_4527,11744.783747757027
000d7d20_4528,11744.074364768041
000d7d20_4529,11744.314608741945
000d7d20_4530,11744.363761433051
000d7d20_4531,11744.074364768041
000d7d20_4532,11744.314608741945
000d7d20_4533,11744.363761433051
000d7d20_4534,11744.713093500293
000d7d20_4535,11744.832900448133
000d7d20_4536,11744.832900448133
000d7d20_4537,11744.783747757027
000d7d20_4538,11744.783747757027
000d7d20_4539,11744.783747757027
000d7d20_4540,11744.783747757027
000d7d20_4541,11745.134076262906
000d7d20_4542,11745.050219368293
000d7d20_4543,11744.903550802404
000d7d20_4544,11744.903550802404
000d7d20_4545,11744.832900448133
000d7d20_4546,11744.783747757027
000d7d20_4547,11744.930416322915
000d7d20_4548,11744.783747757027
000d7d20_4549,11744.930416322915
000d7d20_4550,11744.903550802404
000d7d20_4551,11745.165178813944
000d7d20_4552,11745.41163407167
000d7d20_4553,11745.264965505781
000d7d20_4554,11745.264965505781
000d7d20_4555,11745.264965505781
000d7d20_4556,11745.264965505781
000d7d20_4557,11745.134076262906
000d7d20_4558,11745.134076262906
000d7d20_4559,11745.134076262906
000d7d20_4560,11745.134076262906
000d7d20_4561,11745.41163407167
000d7d20_4562,11745.41163407167
000d7d20_4563,11745.264965505781
000d7d20_4564,11745.264965505781
000d7d20_4565,11745.41163407167
000d7d20_4566,11745.264965505781
000d7d20_4567,11745.134076262906
000d7d20_4568,11745.134076262906
000d7d20_4569,11745.41163407167
000d7d20_4570,11745.264965505781
000d7d20_4571,11744.930416322915
000d7d20_4572,11745.050219368293
000d7d20_4573,11744.903550802404
000d7d20_4574,11745.018510248055
000d7d20_4575,11745.018510248055
000d7d20_4576,11745.41163407167
000d7d20_4577,11745.050219368293
000d7d20_4578,11744.903550802404
000d7d20_4579,11745.050219368293
000d7d20_4580,11745.050219368293
000d7d20_4581,11744.783747757027
000d7d20_4582,11744.930416322915
000d7d20_4583,11744.783747757027
000d7d20_4584,11744.930416322915
000d7d20_4585,11744.930416322915
000d7d20_4586,11744.930416322915
000d7d20_4587,11744.930416322915
000d7d20_4588,11744.930416322915
000d7d20_4589,11745.050219368293
000d7d20_4590,11745.018510248055
000d7d20_4591,11745.41163407167
000d7d20_4592,11745.41163407167
000d7d20_4593,11745.41163407167
000d7d20_4594,11745.41163407167
000d7d20_4595,11745.264965505781
000d7d20_4596,11745.41163407167
000d7d20_4597,11745.264965505781
000d7d20_4598,11744.713093500293
000d7d20_4599,11744.783747757027
000d7d20_4600,11744.930416322915
000d7d20_4601,11744.783747757027
000d7d20_4602,11744.783747757027
000d7d20_4603,11744.832900448133
000d7d20_4604,11744.783747757027
000d7d20_4605,11744.713093500293
000d7d20_4606,11744.930416322915
000d7d20_4607,11744.832900448133
000d7d20_4608,11744.783747757027
000d7d20_4609,11744.783747757027
000d7d20_4610,11744.930416322915
000d7d20_4611,11744.783747757027
000d7d20_4612,11744.930416322915
000d7d20_4613,11744.930416322915
000d7d20_4614,11744.930416322915
000d7d20_4615,11744.783747757027
000d7d20_4616,11744.930416322915
000d7d20_4617,11744.930416322915
000d7d20_4618,11744.930416322915
000d7d20_4619,11744.930416322915
000d7d20_4620,11744.930416322915
000d7d20_4621,11744.713093500293
000d7d20_4622,11744.783747757027
000d7d20_4623,11744.930416322915
000d7d20_4624,11744.930416322915
000d7d20_4625,11744.930416322915
000d7d20_4626,11744.783747757027
000d7d20_4627,11744.783747757027
000d7d20_4628,11744.783747757027
000d7d20_4629,11745.050219368293
000d7d20_4630,11745.41163407167
000d7d20_4631,11745.41163407167
000d7d20_4632,11745.41163407167
000d7d20_4633,11745.264965505781
000d7d20_4634,11745.41163407167
000d7d20_4635,11745.264965505781
000d7d20_4636,11745.264965505781
000d7d20_4637,11745.134076262906
000d7d20_4638,11745.41163407167
000d7d20_4639,11745.050219368293
000d7d20_4640,11745.264965505781
000d7d20_4641,11745.41163407167
000d7d20_4642,11745.41163407167
000d7d20_4643,11745.41163407167
000d7d20_4644,11745.41163407167
000d7d20_4645,11745.264965505781
000d7d20_4646,11745.41163407167
000d7d20_4647,11745.264965505781
000d7d20_4648,11745.41163407167
000d7d20_4649,11745.41163407167
000d7d20_4650,11745.41163407167
000d7d20_4651,11745.41163407167
000d7d20_4652,11744.930416322915
000d7d20_4653,11745.050219368293
000d7d20_4654,11745.050219368293
000d7d20_4655,11745.165178813944
000d7d20_4656,11745.264965505781
000d7d20_4657,11745.134076262906
000d7d20_4658,11745.280744828795
000d7d20_4659,11745.41163407167
000d7d20_4660,11745.41163407167
000d7d20_4661,11745.41163407167
000d7d20_4662,11745.41163407167
000d7d20_4663,11745.41163407167
000d7d20_4664,11745.41163407167
000d7d20_4665,11745.41163407167
000d7d20_4666,11745.264965505781
000d7d20_4667,11745.264965505781
000d7d20_4668,11745.264965505781
000d7d20_4669,11745.280744828795
000d7d20_4670,11745.134076262906
000d7d20_4671,11745.41163407167
000d7d20_4672,11745.264965505781
000d7d20_4673,11745.134076262906
000d7d20_4674,11745.134076262906
000d7d20_4675,11745.134076262906
000d7d20_4676,11745.134076262906
000d7d20_4677,11745.280744828795
000d7d20_4678,11745.134076262906
000d7d20_4679,11745.134076262906
000d7d20_4680,11745.134076262906
000d7d20_4681,11745.134076262906
000d7d20_4682,11744.838886993504
000d7d20_4683,11744.838886993504
000d7d20_4684,11745.547206000641
000d7d20_4685,11745.547206000641
000d7d20_4686,11745.400537434753
000d7d20_4687,11745.531426677628
000d7d20_4688,11745.678095243517
000d7d20_4689,11745.531426677628
000d7d20_4690,11745.678095243517
000d7d20_4691,11745.531426677628
000d7d20_4692,11745.531426677628
000d7d20_4693,11745.678095243517
000d7d20_4694,11745.531426677628
000d7d20_4695,11745.678095243517
000d7d20_4696,11745.678095243517
000d7d20_4697,11745.531426677628
000d7d20_4698,11745.678095243517
000d7d20_4699,11745.531426677628
000d7d20_4700,11745.678095243517
000d7d20_4701,11745.17001197425
000d7d20_4702,11745.43163998579
000d7d20_4703,11745.678095243517
000d7d20_4704,11745.531426677628
000d7d20_4705,11745.531426677628
000d7d20_4706,11745.09936161998
000d7d20_4707,11744.97955467214
000d7d20_4708,11745.196877494762
000d7d20_4709,11745.050208928873
000d7d20_4710,11745.09936161998
000d7d20_4711,11745.050208928873
000d7d20_4712,11745.09936161998
000d7d20_4713,11745.09936161998
000d7d20_4714,11745.09936161998
000d7d20_4715,11744.97955467214
000d7d20_4716,11745.050208928873
000d7d20_4717,11745.050208928873
000d7d20_4718,11744.97955467214
000d7d20_4719,11745.050208928873
000d7d20_4720,11745.050208928873
000d7d20_4721,11745.050208928873
000d7d20_4722,11745.050208928873
000d7d20_4723,11745.400537434753
000d7d20_4724,11745.400537434753
000d7d20_4725,11745.400537434753
000d7d20_4726,11745.400537434753
000d7d20_4727,11745.400537434753
000d7d20_4728,11745.400537434753
000d7d20_4729,11745.400537434753
000d7d20_4730,11745.09936161998
000d7d20_4731,11744.340825939888
000d7d20_4732,11744.630222604897
000d7d20_4733,11744.630222604897
000d7d20_4734,11744.630222604897
000d7d20_4735,11744.340825939888
000d7d20_4736,11744.340825939888
000d7d20_4737,11744.340825939888
000d7d20_4738,11744.340825939888
000d7d20_4739,11744.340825939888
000d7d20_4740,11744.340825939888
000d7d20_4741,11744.630222604897
000d7d20_4742,11744.340825939888
000d7d20_4743,11744.340825939888
000d7d20_4744,11744.340825939888
000d7d20_4745,11744.340825939888
000d7d20_4746,11744.340825939888
000d7d20_4747,11744.340825939888
000d7d20_4748,11744.340825939888
000d7d20_4749,11744.340825939888
000d7d20_4750,11744.669491475152
000d7d20_4751,11744.669491475152
000d7d20_4752,11744.669491475152
000d7d20_4753,11744.669491475152
000d7d20_4754,11744.669491475152
000d7d20_4755,11744.669491475152
000d7d20_4756,11744.669491475152
000d7d20_4757,11744.669491475152
000d7d20_4758,11744.669491475152
000d7d20_4759,11744.669491475152
000d7d20_4760,11744.669491475152
000d7d20_4761,11744.669491475152
000d7d20_4762,11744.909735449055
000d7d20_4763,11744.909735449055
000d7d20_4764,11744.909735449055
000d7d20_4765,11744.669491475152
000d7d20_4766,11744.669491475152
000d7d20_4767,11744.909735449055
000d7d20_4768,11744.669491475152
000d7d20_4769,11744.909735449055
000d7d20_4770,11744.909735449055
000d7d20_4771,11744.909735449055
000d7d20_4772,11744.909735449055
000d7d20_4773,11745.729202970017
000d7d20_4774,11744.669491475152
000d7d20_4775,11744.909735449055
000d7d20_4776,11744.669491475152
000d7d20_4777,11744.669491475152
000d7d20_4778,11744.909735449055
000d7d20_4779,11744.909735449055
000d7d20_4780,11744.958888140161
000d7d20_4781,11744.909735449055
000d7d20_4782,11744.909735449055
000d7d20_4783,11744.669491475152
000d7d20_4784,11744.909735449055
000d7d20_4785,11744.958888140161
000d7d20_4786,11744.909735449055
000d7d20_4787,11744.909735449055
000d7d20_4788,11744.669491475152
000d7d20_4789,11744.909735449055
000d7d20_4790,11744.669491475152
000d7d20_4791,11744.669491475152
000d7d20_4792,11744.909735449055
000d7d20_4793,11744.909735449055
000d7d20_4794,11744.909735449055
000d7d20_4795,11744.669491475152
000d7d20_4796,11744.909735449055
000d7d20_4797,11744.909735449055
000d7d20_4798,11744.669491475152
000d7d20_4799,11744.909735449055
000d7d20_4800,11744.669491475152
000d7d20_4801,11744.669491475152
000d7d20_4802,11744.909735449055
000d7d20_4803,11744.958888140161
000d7d20_4804,11744.958888140161
000d7d20_4805,11744.909735449055
000d7d20_4806,11744.909735449055
000d7d20_4807,11744.909735449055
000d7d20_4808,11745.378874464137
000d7d20_4809,11745.729202970017
000d7d20_4810,11745.428027155243
000d7d20_4811,11745.308220207404
000d7d20_4812,11745.378874464137
000d7d20_4813,11745.525543030026
000d7d20_4814,11745.525543030026
000d7d20_4815,11745.525543030026
000d7d20_4816,11745.378874464137
000d7d20_4817,11745.378874464137
000d7d20_4818,11745.525543030026
000d7d20_4819,11745.378874464137
000d7d20_4820,11745.378874464137
000d7d20_4821,11745.378874464137
000d7d20_4822,11745.378874464137
000d7d20_4823,11745.525543030026
000d7d20_4824,11745.378874464137
000d7d20_4825,11745.525543030026
000d7d20_4826,11745.428027155243
000d7d20_4827,11745.378874464137
000d7d20_4828,11745.712202611374
000d7d20_4829,11745.712202611374
000d7d20_4830,11745.029194367258
000d7d20_4831,11749.07994453661
000d7d20_4832,11749.07994453661
000d7d20_4833,11745.729202970017
000d7d20_4834,11745.428027155243
000d7d20_4835,11745.378874464137
000d7d20_4836,11745.428027155243
000d7d20_4837,11745.308220207404
000d7d20_4838,11745.378874464137
000d7d20_4839,11745.428027155243
000d7d20_4840,11745.138630490233
000d7d20_4841,11745.378874464137
000d7d20_4842,11745.308220207404
000d7d20_4843,11745.378874464137
000d7d20_4844,11745.378874464137
000d7d20_4845,11744.669491475152
000d7d20_4846,11744.909735449055
000d7d20_4847,11744.909735449055
000d7d20_4848,11744.669491475152
000d7d20_4849,11744.669491475152
000d7d20_4850,11744.909735449055
000d7d20_4851,11744.669491475152
000d7d20_4852,11744.958888140161
000d7d20_4853,11744.992982837444
000d7d20_4854,11744.992982837444
000d7d20_4855,11744.909735449055
000d7d20_4856,11744.992982837444
000d7d20_4857,11744.992982837444
000d7d20_4858,11744.909735449055
000d7d20_4859,11744.909735449055
000d7d20_4860,11744.992982837444
000d7d20_4861,11744.909735449055
000d7d20_4862,11744.992982837444
000d7d20_4863,11744.992982837444
000d7d20_4864,11744.909735449055
000d7d20_4865,11744.992982837444
000d7d20_4866,11744.909735449055
000d7d20_4867,11744.992982837444
000d7d20_4868,11744.909735449055
000d7d20_4869,11744.992982837444
000d7d20_4870,11744.992982837444
000d7d20_4871,11744.992982837444
000d7d20_4872,11744.909735449055
000d7d20_4873,11744.992982837444
000d7d20_4874,11744.992982837444
000d7d20_4875,11744.909735449055
000d7d20_4876,11744.909735449055
000d7d20_4877,11744.909735449055
000d7d20_4878,11745.293603493606
000d7d20_4879,11744.909735449055
000d7d20_4880,11744.909735449055
000d7d20_4881,11744.909735449055
000d7d20_4882,11744.909735449055
000d7d20_4883,11745.293603493606
000d7d20_4884,11745.293603493606
000d7d20_4885,11744.909735449055
000d7d20_4886,11744.839081192322
000d7d20_4887,11745.293603493606
000d7d20_4888,11745.293603493606
000d7d20_4889,11745.293603493606
000d7d20_4890,11744.909735449055
000d7d20_4891,11744.909735449055
000d7d20_4892,11744.909735449055
000d7d20_4893,11744.909735449055
000d7d20_4894,11745.729202970017
000d7d20_4895,11745.729202970017
000d7d20_4896,11745.293603493606
000d7d20_4897,11745.293603493606
000d7d20_4898,11744.909735449055
000d7d20_4899,11744.909735449055
000d7d20_4900,11744.909735449055
000d7d20_4901,11745.293603493606
000d7d20_4902,11744.909735449055
000d7d20_4903,11745.293603493606
000d7d20_4904,11744.909735449055
000d7d20_4905,11744.909735449055
000d7d20_4906,11745.293603493606
000d7d20_4907,11745.293603493606
000d7d20_4908,11745.293603493606
000d7d20_4909,11744.909735449055
000d7d20_4910,11745.293603493606
000d7d20_4911,11744.909735449055
000d7d20_4912,11744.909735449055
000d7d20_4913,11744.909735449055
000d7d20_4914,11744.909735449055
000d7d20_4915,11745.293603493606
000d7d20_4916,11744.909735449055
000d7d20_4917,11745.293603493606
000d7d20_4918,11744.909735449055
000d7d20_4919,11744.909735449055
000d7d20_4920,11745.293603493606
000d7d20_4921,11745.293603493606
000d7d20_4922,11745.293603493606
000d7d20_4923,11744.909735449055
000d7d20_4924,11744.909735449055
000d7d20_4925,11744.909735449055
000d7d20_4926,11745.293603493606
000d7d20_4927,11745.293603493606
000d7d20_4928,11744.909735449055
000d7d20_4929,11745.293603493606
000d7d20_4930,11744.909735449055
000d7d20_4931,11744.909735449055
000d7d20_4932,11745.293603493606
000d7d20_4933,11745.293603493606
000d7d20_4934,11744.909735449055
000d7d20_4935,11745.293603493606
000d7d20_4936,11744.909735449055
000d7d20_4937,11745.293603493606
000d7d20_4938,11744.909735449055
000d7d20_4939,11745.293603493606
000d7d20_4940,11744.909735449055
000d7d20_4941,11744.909735449055
000d7d20_4942,11744.909735449055
000d7d20_4943,11745.293603493606
000d7d20_4944,11744.909735449055
000d7d20_4945,11745.293603493606
000d7d20_4946,11744.909735449055
000d7d20_4947,11745.293603493606
000d7d20_4948,11744.909735449055
000d7d20_4949,11744.909735449055
000d7d20_4950,11744.909735449055
000d7d20_4951,11745.293603493606
000d7d20_4952,11744.909735449055
000d7d20_4953,11745.293603493606
000d7d20_4954,11745.293603493606
000d7d20_4955,11745.293603493606
000d7d20_4956,11745.293603493606
000d7d20_4957,11745.293603493606
000d7d20_4958,11745.293603493606
000d7d20_4959,11745.293603493606
000d7d20_4960,11744.909735449055
000d7d20_4961,11745.293603493606
000d7d20_4962,11745.293603493606
000d7d20_4963,11744.958888140161
000d7d20_4964,11744.909735449055
000d7d20_4965,11745.293603493606
000d7d20_4966,11745.293603493606
000d7d20_4967,11745.293603493606
000d7d20_4968,11744.909735449055
000d7d20_4969,11745.293603493606
000d7d20_4970,11744.909735449055
000d7d20_4971,11745.293603493606
000d7d20_4972,11745.293603493606
000d7d20_4973,11745.293603493606
000d7d20_4974,11744.909735449055
000d7d20_4975,11744.958888140161
000d7d20_4976,11744.839081192322
000d7d20_4977,11745.293603493606
000d7d20_4978,11745.378874464137
000d7d20_4979,11745.428027155243
000d7d20_4980,11745.428027155243
000d7d20_4981,11745.308220207404
000d7d20_4982,11745.378874464137
000d7d20_4983,11745.762742508688
000d7d20_4984,11745.428027155243
000d7d20_4985,11744.958888140161
000d7d20_4986,11744.839081192322
000d7d20_4987,11745.428027155243
000d7d20_4988,11745.293603493606
000d7d20_4989,11744.958888140161
000d7d20_4990,11745.308220207404
000d7d20_4991,11745.428027155243
000d7d20_4992,11744.958888140161
000d7d20_4993,11745.762742508688
000d7d20_4994,11744.958888140161
000d7d20_4995,11744.958888140161
000d7d20_4996,11744.909735449055
000d7d20_4997,11745.525543030026
000d7d20_4998,11745.428027155243
000d7d20_4999,11745.525543030026
000d7d20_5000,11745.378874464137
000d7d20_5001,11745.762742508688
000d7d20_5002,11745.378874464137
000d7d20_5003,11745.308220207404
000d7d20_5004,11745.525543030026
000d7d20_5005,11745.525543030026
000d7d20_5006,11745.428027155243
000d7d20_5007,11745.378874464137
000d7d20_5008,11745.525543030026
000d7d20_5009,11745.378874464137
000d7d20_5010,11745.645346075404
000d7d20_5011,11746.00676077878
000d7d20_5012,11746.00676077878
000d7d20_5013,11746.00676077878
000d7d20_5014,11745.94594539621
000d7d20_5015,11745.815056153335
000d7d20_5016,11745.815056153335
000d7d20_5017,11745.815056153335
000d7d20_5018,11745.961724719224
000d7d20_5019,11745.815056153335
000d7d20_5020,11745.815056153335
000d7d20_5021,11745.815056153335
000d7d20_5022,11745.815056153335
000d7d20_5023,11745.815056153335
000d7d20_5024,11745.815056153335
000d7d20_5025,11745.815056153335
000d7d20_5026,11745.961724719224
000d7d20_5027,11745.815056153335
000d7d20_5028,11745.961724719224
000d7d20_5029,11745.961724719224
000d7d20_5030,11745.815056153335
000d7d20_5031,11745.815056153335
000d7d20_5032,11745.815056153335
000d7d20_5033,11745.815056153335
000d7d20_5034,11745.961724719224
000d7d20_5035,11745.815056153335
000d7d20_5036,11745.961724719224
000d7d20_5037,11746.092613962099
000d7d20_5038,11746.092613962099
000d7d20_5039,11746.092613962099
000d7d20_5040,11745.94594539621
000d7d20_5041,11745.94594539621
000d7d20_5042,11745.846158704373
000d7d20_5043,11746.092613962099
000d7d20_5044,11745.815056153335
000d7d20_5045,11746.092613962099
000d7d20_5046,11745.94594539621
000d7d20_5047,11745.815056153335
000d7d20_5048,11746.092613962099
000d7d20_5049,11745.731199258722
000d7d20_5050,11745.611396213344
000d7d20_5051,11745.731199258722
000d7d20_5052,11746.092613962099
000d7d20_5053,11746.092613962099
000d7d20_5054,11746.092613962099
000d7d20_5055,11745.846158704373
000d7d20_5056,11745.731199258722
000d7d20_5057,11745.394073390722
000d7d20_5058,11745.394073390722
000d7d20_5059,11745.513880338562
000d7d20_5060,11745.611396213344
000d7d20_5061,11745.611396213344
000d7d20_5062,11745.611396213344
000d7d20_5063,11745.464727647455
000d7d20_5064,11745.464727647455
000d7d20_5065,11745.584530692833
000d7d20_5066,11745.611396213344
000d7d20_5067,11745.848595692007
000d7d20_5068,11745.464727647455
000d7d20_5069,11745.464727647455
000d7d20_5070,11745.611396213344
000d7d20_5071,11745.464727647455
000d7d20_5072,11746.092613962099
000d7d20_5073,11746.092613962099
000d7d20_5074,11746.092613962099
000d7d20_5075,11745.584530692833
000d7d20_5076,11745.846158704373
000d7d20_5077,11746.092613962099
000d7d20_5078,11746.092613962099
000d7d20_5079,11745.94594539621
000d7d20_5080,11745.815056153335
000d7d20_5081,11745.815056153335
000d7d20_5082,11745.961724719224
000d7d20_5083,11745.815056153335
000d7d20_5084,11745.815056153335
000d7d20_5085,11745.815056153335
000d7d20_5086,11745.815056153335
000d7d20_5087,11745.815056153335
000d7d20_5088,11745.961724719224
000d7d20_5089,11745.815056153335
000d7d20_5090,11745.815056153335
000d7d20_5091,11745.815056153335
000d7d20_5092,11745.815056153335
000d7d20_5093,11745.613979665033
000d7d20_5094,11745.731975794615
000d7d20_5095,11745.507627798812
000d7d20_5096,11745.519866883933
000d7d20_5097,11745.731975794615
000d7d20_5098,11745.830656304053
000d7d20_5099,11745.613979665033
000d7d20_5100,11745.613979665033
000d7d20_5101,11745.961724719224
000d7d20_5102,11745.961724719224
000d7d20_5103,11746.092613962099
000d7d20_5104,11745.94594539621
000d7d20_5105,11745.94594539621
000d7d20_5106,11745.94594539621
000d7d20_5107,11745.94594539621
000d7d20_5108,11745.815056153335
000d7d20_5109,11745.815056153335
000d7d20_5110,11745.815056153335
000d7d20_5111,11745.815056153335
000d7d20_5112,11745.815056153335
000d7d20_5113,11746.092613962099
000d7d20_5114,11745.94594539621
000d7d20_5115,11746.092613962099
000d7d20_5116,11746.092613962099
000d7d20_5117,11745.94594539621
000d7d20_5118,11745.815056153335
000d7d20_5119,11745.815056153335
000d7d20_5120,11745.815056153335
000d7d20_5121,11745.961724719224
000d7d20_5122,11745.961724719224
000d7d20_5123,11745.846158704373
000d7d20_5124,11745.846158704373
000d7d20_5125,11745.731199258722
000d7d20_5126,11745.584530692833
000d7d20_5127,11745.731199258722
000d7d20_5128,11745.731199258722
000d7d20_5129,11745.513880338562
000d7d20_5130,11745.464727647455
000d7d20_5131,11745.848595692007
000d7d20_5132,11745.848595692007
000d7d20_5133,11745.04474132348
000d7d20_5134,11744.92493437564
000d7d20_5135,11745.142257198262
000d7d20_5136,11745.464727647455
000d7d20_5137,11745.611396213344
000d7d20_5138,11745.611396213344
000d7d20_5139,11745.611396213344
000d7d20_5140,11745.394073390722
000d7d20_5141,11745.464727647455
000d7d20_5142,11745.611396213344
000d7d20_5143,11745.464727647455
000d7d20_5144,11745.394073390722
000d7d20_5145,11745.394073390722
000d7d20_5146,11745.464727647455
000d7d20_5147,11745.464727647455
000d7d20_5148,11745.464727647455
000d7d20_5149,11745.464727647455
000d7d20_5150,11745.611396213344
000d7d20_5151,11745.611396213344
000d7d20_5152,11745.669067654866
000d7d20_5153,11745.815736220755
000d7d20_5154,11745.815736220755
000d7d20_5155,11745.935539266133
000d7d20_5156,11745.935539266133
000d7d20_5157,11745.815736220755
000d7d20_5158,11745.598413398133
000d7d20_5159,11745.815736220755
000d7d20_5160,11745.815736220755
000d7d20_5161,11745.669067654866
000d7d20_5162,11745.718220345972
000d7d20_5163,11745.815736220755
000d7d20_5164,11745.815736220755
000d7d20_5165,11745.815736220755
000d7d20_5166,11745.669067654866
000d7d20_5167,11745.815736220755
000d7d20_5168,11745.815736220755
000d7d20_5169,11745.598413398133
000d7d20_5170,11745.718220345972
000d7d20_5171,11745.669067654866
000d7d20_5172,11745.669067654866
000d7d20_5173,11746.052935699418
000d7d20_5174,11745.24908133089
000d7d20_5175,11745.24908133089
000d7d20_5176,11745.12927438305
000d7d20_5177,11745.199928639784
000d7d20_5178,11745.669067654866
000d7d20_5179,11745.669067654866
000d7d20_5180,11745.815736220755
000d7d20_5181,11745.815736220755
000d7d20_5182,11745.815736220755
000d7d20_5183,11745.669067654866
000d7d20_5184,11745.669067654866
000d7d20_5185,11745.815736220755
000d7d20_5186,11745.935539266133
000d7d20_5187,11745.815736220755
000d7d20_5188,11746.334355946494
000d7d20_5189,11746.551678769116
000d7d20_5190,11746.551678769116
000d7d20_5191,11746.551678769116
000d7d20_5192,11746.551678769116
000d7d20_5193,11746.551678769116
000d7d20_5194,11746.405010203227
000d7d20_5195,11746.334355946494
000d7d20_5196,11746.788878247778
000d7d20_5197,11746.405010203227
000d7d20_5198,11745.985023879251
000d7d20_5199,11745.985023879251
000d7d20_5200,11745.935871188145
000d7d20_5201,11745.935871188145
000d7d20_5202,11745.935871188145
000d7d20_5203,11746.334355946494
000d7d20_5204,11746.405010203227
000d7d20_5205,11746.454162894333
000d7d20_5206,11746.405010203227
000d7d20_5207,11746.551678769116
000d7d20_5208,11746.405010203227
000d7d20_5209,11746.454162894333
000d7d20_5210,11746.405010203227
000d7d20_5211,11746.405010203227
000d7d20_5212,11746.334355946494
000d7d20_5213,11746.454162894333
000d7d20_5214,11746.405010203227
000d7d20_5215,11746.551678769116
000d7d20_5216,11746.405010203227
000d7d20_5217,11746.551678769116
000d7d20_5218,11746.671481814494
000d7d20_5219,11746.671481814494
000d7d20_5220,11746.524813248605
000d7d20_5221,11746.786441260145
000d7d20_5222,11746.786441260145
000d7d20_5223,11746.671481814494
000d7d20_5224,11746.786441260145
000d7d20_5225,11746.786441260145
000d7d20_5226,11746.639772694256
000d7d20_5227,11746.524813248605
000d7d20_5228,11746.671481814494
000d7d20_5229,11746.524813248605
000d7d20_5230,11746.551678769116
000d7d20_5231,11746.551678769116
000d7d20_5232,11746.551678769116
000d7d20_5233,11746.334355946494
000d7d20_5234,11746.551678769116
000d7d20_5235,11746.551678769116
000d7d20_5236,11746.551678769116
000d7d20_5237,11746.454162894333
000d7d20_5238,11746.551678769116
000d7d20_5239,11746.405010203227
000d7d20_5240,11746.405010203227
000d7d20_5241,11746.671481814494
000d7d20_5242,11746.886227951982
000d7d20_5243,11747.03289651787
000d7d20_5244,11747.03289651787
000d7d20_5245,11746.671481814494
000d7d20_5246,11746.551678769116
000d7d20_5247,11746.551678769116
000d7d20_5248,11746.405010203227
000d7d20_5249,11746.671481814494
000d7d20_5250,11746.524813248605
000d7d20_5251,11746.671481814494
000d7d20_5252,11746.788878247778
000d7d20_5253,11746.405010203227
000d7d20_5254,11746.334355946494
000d7d20_5255,11746.551678769116
000d7d20_5256,11746.551678769116
000d7d20_5257,11746.786441260145
000d7d20_5258,11746.671481814494
000d7d20_5259,11747.03289651787
000d7d20_5260,11747.03289651787
000d7d20_5261,11747.102233392136
000d7d20_5262,11747.129098912646
000d7d20_5263,11747.129098912646
000d7d20_5264,11747.248901958024
000d7d20_5265,11747.129098912646
000d7d20_5266,11746.982430346758
000d7d20_5267,11747.102233392136
000d7d20_5268,11747.217192837787
000d7d20_5269,11747.129098912646
000d7d20_5270,11746.982430346758
000d7d20_5271,11747.129098912646
000d7d20_5272,11747.129098912646
000d7d20_5273,11747.129098912646
000d7d20_5274,11746.911776090024
000d7d20_5275,11747.36629839131
000d7d20_5276,11746.982430346758
000d7d20_5277,11746.911776090024
00bbac68_1545,12231.017474809776
00bbac68_1546,12230.95406737935
00bbac68_1547,12230.95406737935
00bbac68_1548,12230.95406737935
00bbac68_1549,12230.95406737935
00bbac68_1550,12230.95406737935
00bbac68_1551,12230.95406737935
00bbac68_1552,12230.95406737935
00bbac68_1553,12230.95406737935
00bbac68_1554,12230.95406737935
00bbac68_1555,12230.95406737935
00bbac68_1556,12230.95406737935
00bbac68_1557,12230.95406737935
00bbac68_1558,12230.95406737935
00bbac68_1559,12230.95406737935
00bbac68_1560,12230.95406737935
00bbac68_1561,12230.95406737935
00bbac68_1562,12230.95406737935
00bbac68_1563,12230.95406737935
00bbac68_1564,12230.95406737935
00bbac68_1565,12230.95406737935
00bbac68_1566,12230.52522465743
00bbac68_1567,12230.608293738835
00bbac68_1568,12230.95406737935
00bbac68_1569,12230.95406737935
00bbac68_1570,12230.95406737935
00bbac68_1571,12232.643358359059
00bbac68_1572,12232.643358359059
00bbac68_1573,12232.640885810668
00bbac68_1574,12232.640885810668
00bbac68_1575,12232.640885810668
00bbac68_1576,12232.640885810668
00bbac68_1577,12232.640885810668
00bbac68_1578,12232.640885810668
00bbac68_1579,12232.640885810668
00bbac68_1580,12232.640885810668
00bbac68_1581,12232.640885810668
00bbac68_1582,12232.640885810668
00bbac68_1583,12232.43476584963
00bbac68_1584,12232.43476584963
00bbac68_1585,12232.640885810668
00bbac68_1586,12232.640885810668
00bbac68_1587,12232.640885810668
00bbac68_1588,12232.640885810668
00bbac68_1589,12232.640885810668
00bbac68_1590,12232.640885810668
00bbac68_1591,12232.640885810668
00bbac68_1592,12232.640885810668
00bbac68_1593,12232.640885810668
00bbac68_1594,12232.287276258003
00bbac68_1595,12232.287276258003
00bbac68_1596,12232.640885810668
00bbac68_1597,12232.640885810668
00bbac68_1598,12232.67258884378
00bbac68_1599,12232.67258884378
00bbac68_1600,12232.67258884378
00bbac68_1601,12232.67258884378
00bbac68_1602,12232.67258884378
00bbac68_1603,12232.67258884378
00bbac68_1604,12232.67258884378
00bbac68_1605,12232.67258884378
00bbac68_1606,12232.67258884378
00bbac68_1607,12232.67258884378
00bbac68_1608,12232.67258884378
00bbac68_1609,12232.67258884378
00bbac68_1610,12232.67258884378
00bbac68_1611,12232.67258884378
00bbac68_1612,12232.318979291114
00bbac68_1613,12232.60766982225
00bbac68_1614,12231.16400551702
00bbac68_1615,12231.011874590884
00bbac68_1616,12230.99108960492
00bbac68_1617,12229.162365588687
00bbac68_1618,12230.99108960492
00bbac68_1619,12230.575629895993
00bbac68_1620,12231.16400551702
00bbac68_1621,12232.60766982225
00bbac68_1622,12232.60766982225
00bbac68_1623,12232.683598499207
00bbac68_1624,12232.683598499207
00bbac68_1625,12232.683598499207
00bbac68_1626,12232.683598499207
00bbac68_1627,12232.683598499207
00bbac68_1628,12232.394907968071
00bbac68_1629,12232.748517520737
00bbac68_1630,12232.748517520737
00bbac68_1631,12232.748517520737
00bbac68_1632,12232.748517520737
00bbac68_1633,12232.542397559699
00bbac68_1634,12232.748517520737
00bbac68_1635,12232.748517520737
00bbac68_1636,12232.748517520737
00bbac68_1637,12234.203238015532
00bbac68_1638,12234.203238015532
00bbac68_1639,12234.203238015532
00bbac68_1640,12234.203238015532
00bbac68_1641,12234.203238015532
00bbac68_1642,12233.997118054494
00bbac68_1643,12233.857464375016
00bbac68_1644,12234.203238015532
00bbac68_1645,12234.203238015532
00bbac68_1646,12234.203238015532
00bbac68_1647,12234.203238015532
00bbac68_1648,12234.203238015532
00bbac68_1649,12234.203238015532
00bbac68_1650,12234.203238015532
00bbac68_1651,12234.203238015532
00bbac68_1652,12233.70173886135
00bbac68_1653,12233.70173886135
00bbac68_1654,12233.70173886135
00bbac68_1655,12233.709574773498
00bbac68_1656,12233.626505692093
00bbac68_1657,12234.203238015532
00bbac68_1658,12234.203238015532
00bbac68_1659,12234.203238015532
00bbac68_1660,12234.203238015532
00bbac68_1661,12234.203238015532
00bbac68_1662,12234.203238015532
00bbac68_1663,12234.203238015532
00bbac68_1664,12234.203238015532
00bbac68_1665,12234.203238015532
00bbac68_1666,12234.203238015532
00bbac68_1667,12234.203238015532
00bbac68_1668,12234.203238015532
00bbac68_1669,12234.203238015532
00bbac68_1670,12234.203238015532
00bbac68_1671,12234.203238015532
00bbac68_1672,12234.203238015532
00bbac68_1673,12234.203238015532
00bbac68_1674,12234.203238015532
00bbac68_1675,12234.500521256516
00bbac68_1676,12234.500521256516
00bbac68_1677,12234.294401295478
00bbac68_1678,12234.154747616
00bbac68_1679,12234.154747616
00bbac68_1680,12234.500521256516
00bbac68_1681,12234.500521256516
00bbac68_1682,12234.500521256516
00bbac68_1683,12234.500521256516
00bbac68_1684,12234.500521256516
00bbac68_1685,12234.500521256516
00bbac68_1686,12234.500521256516
00bbac68_1687,12234.500521256516
00bbac68_1688,12234.500521256516
00bbac68_1689,12234.500521256516
00bbac68_1690,12234.500521256516
00bbac68_1691,12234.500521256516
00bbac68_1692,12234.500521256516
00bbac68_1693,12234.500521256516
00bbac68_1694,12234.14691170385
00bbac68_1695,12234.14691170385
00bbac68_1696,12234.500521256516
00bbac68_1697,12234.500521256516
00bbac68_1698,12234.500521256516
00bbac68_1699,12234.14691170385
00bbac68_1700,12236.151385457291
00bbac68_1701,12236.151385457291
00bbac68_1702,12234.707721152061
00bbac68_1703,12236.590432416579
00bbac68_1704,12236.151385457291
00bbac68_1705,12236.151385457291
00bbac68_1706,12236.151385457291
00bbac68_1707,12235.651240110077
00bbac68_1708,12234.555590225926
00bbac68_1709,12234.555590225926
00bbac68_1710,12234.119345531035
00bbac68_1711,12236.151385457291
00bbac68_1712,12236.151385457291
00bbac68_1713,12235.862694926156
00bbac68_1714,12236.151385457291
00bbac68_1715,12236.151385457291
00bbac68_1716,12236.151385457291
00bbac68_1717,12236.151385457291
00bbac68_1718,12236.151385457291
00bbac68_1719,12236.151385457291
00bbac68_1720,12236.216304478821
00bbac68_1721,12236.216304478821
00bbac68_1722,12236.216304478821
00bbac68_1723,12236.216304478821
00bbac68_1724,12236.216304478821
00bbac68_1725,12236.216304478821
00bbac68_1726,12236.216304478821
00bbac68_1727,12236.216304478821
00bbac68_1728,12236.216304478821
00bbac68_1729,12236.216304478821
00bbac68_1730,12236.216304478821
00bbac68_1731,12236.020341381374
00bbac68_1732,12236.020341381374
00bbac68_1733,12235.955422359844
00bbac68_1734,12235.955422359844
00bbac68_1735,12235.955422359844
00bbac68_1736,12235.955422359844
00bbac68_1737,12234.555590225926
00bbac68_1738,12235.651240110077
00bbac68_1739,12236.151385457291
00bbac68_1740,12236.151385457291
00bbac68_1741,12235.639572155382
00bbac68_1742,12235.639572155382
00bbac68_1743,12235.96812046788
00bbac68_1744,12235.96812046788
00bbac68_1745,12236.068414877303
00bbac68_1746,12236.216304478821
00bbac68_1747,12236.216304478821
00bbac68_1748,12236.216304478821
00bbac68_1749,12236.216304478821
00bbac68_1750,12236.216304478821
00bbac68_1751,12236.694267330886
00bbac68_1752,12236.694267330886
00bbac68_1753,12236.694267330886
00bbac68_1754,12236.629348309356
00bbac68_1755,12236.629348309356
00bbac68_1756,12236.629348309356
00bbac68_1757,12236.629348309356
00bbac68_1758,12236.34065777822
00bbac68_1759,12236.694267330886
00bbac68_1760,12236.34065777822
00bbac68_1761,12236.34065777822
00bbac68_1762,12236.629348309356
00bbac68_1763,12236.629348309356
00bbac68_1764,12235.185684004126
00bbac68_1765,12236.629348309356
00bbac68_1766,12236.694267330886
00bbac68_1767,12236.34849369037
00bbac68_1768,12236.694267330886
00bbac68_1769,12236.694267330886
00bbac68_1770,12236.694267330886
00bbac68_1771,12236.694267330886
00bbac68_1772,12236.34065777822
00bbac68_1773,12236.34065777822
00bbac68_1774,12236.34065777822
00bbac68_1775,12236.34065777822
00bbac68_1776,12236.34065777822
00bbac68_1777,12236.694267330886
00bbac68_1778,12237.058640165676
00bbac68_1779,12236.705030613011
00bbac68_1780,12236.993721144147
00bbac68_1781,12236.993721144147
00bbac68_1782,12237.432768103434
00bbac68_1783,12237.012707707845
00bbac68_1784,12236.423660998418
00bbac68_1785,12236.993721144147
00bbac68_1786,12236.993721144147
00bbac68_1787,12236.993721144147
00bbac68_1788,12236.993721144147
00bbac68_1789,12236.705030613011
00bbac68_1790,12236.993721144147
00bbac68_1791,12236.993721144147
00bbac68_1792,12236.993721144147
00bbac68_1793,12236.705030613011
00bbac68_1794,12236.993721144147
00bbac68_1795,12236.993721144147
00bbac68_1796,12237.432768103434
00bbac68_1797,12235.904529087506
00bbac68_1798,12235.917057823694
00bbac68_1799,12236.993721144147
00bbac68_1800,12236.993721144147
00bbac68_1801,12236.705030613011
00bbac68_1802,12237.058640165676
00bbac68_1803,12237.058640165676
00bbac68_1804,12237.058640165676
00bbac68_1805,12236.705030613011
00bbac68_1806,12237.058640165676
00bbac68_1807,12236.705030613011
00bbac68_1808,12237.058640165676
00bbac68_1809,12237.058640165676
00bbac68_1810,12237.058640165676
00bbac68_1811,12237.058640165676
00bbac68_1812,12237.058640165676
00bbac68_1813,12237.058640165676
00bbac68_1814,12237.058640165676
00bbac68_1815,12237.058640165676
00bbac68_1816,12237.058640165676
00bbac68_1817,12236.705030613011
00bbac68_1818,12236.705030613011
00bbac68_1819,12236.705030613011
00bbac68_1820,12236.705030613011
00bbac68_1821,12237.058640165676
00bbac68_1822,12237.058640165676
00bbac68_1823,12237.058640165676
00bbac68_1824,12237.058640165676
00bbac68_1825,12237.058640165676
00bbac68_1826,12237.058640165676
00bbac68_1827,12237.058640165676
00bbac68_1828,12237.058640165676
00bbac68_1829,12237.058640165676
00bbac68_1830,12236.734978379534
00bbac68_1831,12236.734978379534
00bbac68_1832,12236.734978379534
00bbac68_1833,12236.734978379534
00bbac68_1834,12236.734978379534
00bbac68_1835,12237.02366891067
00bbac68_1836,12237.02366891067
00bbac68_1837,12236.734978379534
00bbac68_1838,12237.0885879322
00bbac68_1839,12237.0885879322
00bbac68_1840,12237.0885879322
00bbac68_1841,12237.0885879322
00bbac68_1842,12237.0885879322
00bbac68_1843,12237.02366891067
00bbac68_1844,12237.02366891067
00bbac68_1845,12237.02366891067
00bbac68_1846,12236.734978379534
00bbac68_1847,12237.0885879322
00bbac68_1848,12237.0885879322
00bbac68_1849,12236.734978379534
00bbac68_1850,12237.02366891067
00bbac68_1851,12237.02366891067
00bbac68_1852,12236.734978379534
00bbac68_1853,12237.02366891067
00bbac68_1854,12237.02366891067
00bbac68_1855,12237.462715869957
00bbac68_1856,12237.462715869957
00bbac68_1857,12236.569187263438
00bbac68_1858,12236.20218627866
00bbac68_1859,12237.645850583891
00bbac68_1860,12237.645850583891
00bbac68_1861,12237.645850583891
00bbac68_1862,12237.357160052756
00bbac68_1863,12237.71076960542
00bbac68_1864,12237.71076960542
00bbac68_1865,12237.71076960542
00bbac68_1866,12237.71076960542
00bbac68_1867,12237.645850583891
00bbac68_1868,12237.645850583891
00bbac68_1869,12237.645850583891
00bbac68_1870,12237.645850583891
00bbac68_1871,12237.645850583891
00bbac68_1872,12237.645850583891
00bbac68_1873,12237.645850583891
00bbac68_1874,12236.569187263438
00bbac68_1875,12236.132942568547
00bbac68_1876,12237.075790438163
00bbac68_1877,12237.645850583891
00bbac68_1878,12237.645850583891
00bbac68_1879,12237.645850583891
00bbac68_1880,12237.645850583891
00bbac68_1881,12237.645850583891
00bbac68_1882,12236.20218627866
00bbac68_1883,12236.107174092502
00bbac68_1884,12231.59067165664
00bbac68_1885,12231.59067165664
00bbac68_1886,12231.59067165664
00bbac68_1887,12233.56651603189
00bbac68_1888,12237.658869827917
00bbac68_1889,12236.992752744702
00bbac68_1890,12237.866356904204
00bbac68_1891,12238.436417049932
00bbac68_1892,12238.147726518797
00bbac68_1893,12238.147726518797
00bbac68_1894,12238.436417049932
00bbac68_1895,12238.436417049932
00bbac68_1896,12238.436417049932
00bbac68_1897,12238.436417049932
00bbac68_1898,12238.436417049932
00bbac68_1899,12238.147726518797
00bbac68_1900,12238.501336071462
00bbac68_1901,12238.501336071462
00bbac68_1902,12238.501336071462
00bbac68_1903,12238.501336071462
00bbac68_1904,12238.147726518797
00bbac68_1905,12238.501336071462
00bbac68_1906,12238.501336071462
00bbac68_1907,12238.436417049932
00bbac68_1908,12237.704508657687
00bbac68_1909,12235.898375375598
00bbac68_1910,12235.898375375598
00bbac68_1911,12237.570994195357
00bbac68_1912,12237.924603748022
00bbac68_1913,12237.924603748022
00bbac68_1914,12238.401041662039
00bbac68_1915,12238.401041662039
00bbac68_1916,12238.501336071462
00bbac68_1917,12238.501336071462
00bbac68_1918,12238.501336071462
00bbac68_1919,12238.501336071462
00bbac68_1920,12238.501336071462
00bbac68_1921,12238.501336071462
00bbac68_1922,12238.501336071462
00bbac68_1923,12238.147726518797
00bbac68_1924,12238.501336071462
00bbac68_1925,12238.501336071462
00bbac68_1926,12238.501336071462
00bbac68_1927,12238.501336071462
00bbac68_1928,12238.501336071462
00bbac68_1929,12238.501336071462
00bbac68_1930,12238.501336071462
00bbac68_1931,12238.501336071462
00bbac68_1932,12238.501336071462
00bbac68_1933,12238.501336071462
00bbac68_1934,12238.501336071462
00bbac68_1935,12238.501336071462
00bbac68_1936,12238.501336071462
00bbac68_1937,12238.501336071462
00bbac68_1938,12238.147726518797
00bbac68_1939,12238.147726518797
00bbac68_1940,12238.147726518797
00bbac68_1941,12238.147726518797
00bbac68_1942,12238.436417049932
00bbac68_1943,12238.436417049932
00bbac68_1944,12238.436417049932
00bbac68_1945,12238.436417049932
00bbac68_1946,12236.992752744702
00bbac68_1947,12238.436417049932
00bbac68_1948,12238.147726518797
00bbac68_1949,12238.501336071462
00bbac68_1950,12238.501336071462
00bbac68_1951,12238.501336071462
00bbac68_1952,12238.501336071462
00bbac68_1953,12238.501336071462
00bbac68_1954,12238.501336071462
00bbac68_1955,12238.501336071462
00bbac68_1956,12238.147726518797
00bbac68_1957,12238.436417049932
00bbac68_1958,12237.95176342135
00bbac68_1959,12238.305372974015
00bbac68_1960,12238.501336071462
00bbac68_1961,12238.501336071462
00bbac68_1962,12238.501336071462
00bbac68_1963,12238.501336071462
00bbac68_1964,12238.501336071462
00bbac68_1965,12238.501336071462
00bbac68_1966,12238.501336071462
00bbac68_1967,12238.147726518797
00bbac68_1968,12238.147726518797
00bbac68_1969,12238.147726518797
00bbac68_1970,12238.147726518797
00bbac68_1971,12238.501336071462
00bbac68_1972,12238.501336071462
00bbac68_1973,12238.501336071462
00bbac68_1974,12238.501336071462
00bbac68_1975,12238.501336071462
00bbac68_1976,12238.501336071462
00bbac68_1977,12238.87546400922
00bbac68_1978,12237.276716387336
00bbac68_1979,12236.31037790288
00bbac68_1980,12235.898375375598
00bbac68_1981,12237.338968743516
00bbac68_1982,12237.338968743516
00bbac68_1983,12238.436417049932
00bbac68_1984,12238.147726518797
00bbac68_1985,12238.501336071462
00bbac68_1986,12238.501336071462
00bbac68_1987,12238.501336071462
00bbac68_1988,12238.436417049932
00bbac68_1989,12238.436417049932
00bbac68_1990,12237.347224993291
00bbac68_1991,12238.436417049932
00bbac68_1992,12238.147726518797
00bbac68_1993,12238.501336071462
00bbac68_1994,12238.501336071462
00bbac68_1995,12238.501336071462
00bbac68_1996,12238.501336071462
00bbac68_1997,12238.436417049932
00bbac68_1998,12238.436417049932
00bbac68_1999,12238.45540361363
00bbac68_2000,12236.923509034588
00bbac68_2001,12236.923509034588
00bbac68_2002,12237.338968743516
00bbac68_2003,12237.359753729479
00bbac68_2004,12236.992752744702
00bbac68_2005,12238.436417049932
00bbac68_2006,12238.87546400922
00bbac68_2007,12238.87546400922
00bbac68_2008,12238.436417049932
00bbac68_2009,12238.436417049932
00bbac68_2010,12238.436417049932
00bbac68_2011,12236.992752744702
00bbac68_2012,12237.470734781298
00bbac68_2013,12237.470734781298
00bbac68_2014,12238.914399086529
00bbac68_2015,12238.914399086529
00bbac68_2016,12238.914399086529
00bbac68_2017,12238.914399086529
00bbac68_2018,12238.914399086529
00bbac68_2019,12238.3443389408
00bbac68_2020,12238.3443389408
00bbac68_2021,12238.3443389408
00bbac68_2022,12238.575228710479
00bbac68_2023,12238.575228710479
00bbac68_2024,12238.903777022977
00bbac68_2025,12238.903777022977
00bbac68_2026,12238.903777022977
00bbac68_2027,12239.0040714324
00bbac68_2028,12237.837735766076
00bbac68_2029,12237.837735766076
00bbac68_2030,12237.816950780112
00bbac68_2031,12237.401491071185
00bbac68_2032,12238.933385650227
00bbac68_2033,12238.914399086529
00bbac68_2034,12238.625708555393
00bbac68_2035,12238.625708555393
00bbac68_2036,12238.979318108059
00bbac68_2037,12238.979318108059
00bbac68_2038,12238.979318108059
00bbac68_2039,12238.625708555393
00bbac68_2040,12238.914399086529
00bbac68_2041,12238.914399086529
00bbac68_2042,12238.3443389408
00bbac68_2043,12238.3443389408
00bbac68_2044,12237.470734781298
00bbac68_2045,12239.353446045816
00bbac68_2046,12238.914399086529
00bbac68_2047,12238.914399086529
00bbac68_2048,12238.914399086529
00bbac68_2049,12237.470734781298
00bbac68_2050,12237.470734781298
00bbac68_2051,12238.625708555393
00bbac68_2052,12238.979318108059
00bbac68_2053,12238.979318108059
00bbac68_2054,12238.979318108059
00bbac68_2055,12238.625708555393
00bbac68_2056,12238.914399086529
00bbac68_2057,12238.914399086529
00bbac68_2058,12238.914399086529
00bbac68_2059,12238.625708555393
00bbac68_2060,12238.979318108059
00bbac68_2061,12238.979318108059
00bbac68_2062,12238.979318108059
00bbac68_2063,12238.979318108059
00bbac68_2064,12238.914399086529
00bbac68_2065,12239.098261571373
00bbac68_2066,12239.098261571373
00bbac68_2067,12238.809571040238
00bbac68_2068,12239.163180592903
00bbac68_2069,12243.478984858928
00bbac68_2070,12243.478984858928
00bbac68_2071,12243.478984858928
00bbac68_2072,12243.478984858928
00bbac68_2073,12243.133211218412
00bbac68_2074,12243.27286489789
00bbac68_2075,12243.478984858928
00bbac68_2076,12243.478984858928
00bbac68_2077,12243.478984858928
00bbac68_2078,12243.478984858928
00bbac68_2079,12243.478984858928
00bbac68_2080,12243.478984858928
00bbac68_2081,12243.478984858928
00bbac68_2082,12243.478984858928
00bbac68_2083,12243.478984858928
00bbac68_2084,12243.478984858928
00bbac68_2085,12243.478984858928
00bbac68_2086,12243.478984858928
00bbac68_2087,12243.478984858928
00bbac68_2088,12243.478984858928
00bbac68_2089,12243.240749316468
00bbac68_2090,12238.917866894928
00bbac68_2091,12238.917866894928
00bbac68_2092,12238.917866894928
00bbac68_2093,12238.917866894928
00bbac68_2094,12238.917866894928
00bbac68_2095,12238.917866894928
00bbac68_2096,12238.917866894928
00bbac68_2097,12238.917866894928
00bbac68_2098,12238.917866894928
00bbac68_2099,12238.917866894928
00bbac68_2100,12238.917866894928
00bbac68_2101,12238.917866894928
00bbac68_2102,12238.917866894928
00bbac68_2103,12238.917866894928
00bbac68_2104,12238.917866894928
00bbac68_2105,12238.917866894928
00bbac68_2106,12238.564257342263
00bbac68_2107,12238.852947873398
00bbac68_2108,12238.852947873398
00bbac68_2109,12238.852947873398
00bbac68_2110,12238.564257342263
00bbac68_2111,12238.917866894928
00bbac68_2112,12238.917866894928
00bbac68_2113,12238.917866894928
00bbac68_2114,12238.917866894928
00bbac68_2115,12238.917866894928
00bbac68_2116,12238.917866894928
00bbac68_2117,12238.917866894928
00bbac68_2118,12238.917866894928
00bbac68_2119,12238.917866894928
00bbac68_2120,12238.949136856681
00bbac68_2121,12238.949136856681
00bbac68_2122,12238.949136856681
00bbac68_2123,12238.917866894928
00bbac68_2124,12238.917866894928
00bbac68_2125,12238.917866894928
00bbac68_2126,12238.564257342263
00bbac68_2127,12238.564257342263
00bbac68_2128,12238.564257342263
00bbac68_2129,12238.852947873398
00bbac68_2130,12238.564257342263
00bbac68_2131,12238.917866894928
00bbac68_2132,12238.917866894928
00bbac68_2133,12238.917866894928
00bbac68_2134,12238.917866894928
00bbac68_2135,12238.917866894928
00bbac68_2136,12238.917866894928
00bbac68_2137,12238.917866894928
00bbac68_2138,12238.917866894928
00bbac68_2139,12238.917866894928
00bbac68_2140,12238.917866894928
00bbac68_2141,12238.917866894928
00bbac68_2142,12238.917866894928
00bbac68_2143,12238.917866894928
00bbac68_2144,12238.917866894928
00bbac68_2145,12238.917866894928
00bbac68_2146,12238.917866894928
00bbac68_2147,12238.917866894928
00bbac68_2148,12238.917866894928
00bbac68_2149,12238.917866894928
00bbac68_2150,12238.917866894928
00bbac68_2151,12238.917866894928
00bbac68_2152,12238.917866894928
00bbac68_2153,12238.564257342263
00bbac68_2154,12238.852947873398
00bbac68_2155,12238.852947873398
00bbac68_2156,12237.018129119486
00bbac68_2157,12237.018129119486
00bbac68_2158,12237.018129119486
00bbac68_2159,12237.018129119486
00bbac68_2160,12237.018129119486
00bbac68_2161,12238.900840384003
00bbac68_2162,12238.900840384003
00bbac68_2163,12238.612149852868
00bbac68_2164,12238.612149852868
00bbac68_2165,12238.900840384003
00bbac68_2166,12238.900840384003
00bbac68_2167,12238.480779988415
00bbac68_2168,12237.911479261902
00bbac68_2169,12237.911479261902
00bbac68_2170,12237.385130104263
00bbac68_2171,12238.900840384003
00bbac68_2172,12238.900840384003
00bbac68_2173,12238.900840384003
00bbac68_2174,12238.900840384003
00bbac68_2175,12239.245192187229
00bbac68_2176,12238.956501656094
00bbac68_2177,12239.310111208759
00bbac68_2178,12239.310111208759
00bbac68_2179,12239.310111208759
00bbac68_2180,12239.310111208759
00bbac68_2181,12239.310111208759
00bbac68_2182,12239.310111208759
00bbac68_2183,12239.310111208759
00bbac68_2184,12239.310111208759
00bbac68_2185,12239.310111208759
00bbac68_2186,12239.310111208759
00bbac68_2187,12239.310111208759
00bbac68_2188,12239.310111208759
00bbac68_2189,12239.310111208759
00bbac68_2190,12239.310111208759
00bbac68_2191,12238.881268486837
00bbac68_2192,12238.881268486837
00bbac68_2193,12239.209816799335
00bbac68_2194,12239.209816799335
00bbac68_2195,12239.786277526548
00bbac68_2196,12238.205648225277
00bbac68_2197,12235.371122210026
00bbac68_2198,12235.371122210026
00bbac68_2199,12210.735567809148
00bbac68_2200,12219.023577851267
00bbac68_2201,12232.0012297122
00bbac68_2202,12239.696605180676
00bbac68_2203,12239.696605180676
00bbac68_2204,12239.696605180676
00bbac68_2205,12239.761524202206
00bbac68_2206,12239.761524202206
00bbac68_2207,12239.184791878766
00bbac68_2208,12239.184791878766
00bbac68_2209,12239.761524202206
00bbac68_2210,12239.761524202206
00bbac68_2211,12239.761524202206
00bbac68_2212,12239.761524202206
00bbac68_2213,12239.761524202206
00bbac68_2214,12239.761524202206
00bbac68_2215,12239.761524202206
00bbac68_2216,12239.761524202206
00bbac68_2217,12239.184791878766
00bbac68_2218,12239.084497469343
00bbac68_2219,12239.513340191264
00bbac68_2220,12239.513340191264
00bbac68_2221,12239.513340191264
00bbac68_2222,12239.761524202206
00bbac68_2223,12239.761524202206
00bbac68_2224,12239.761524202206
00bbac68_2225,12239.761524202206
00bbac68_2226,12239.40791464954
00bbac68_2227,12239.40791464954
00bbac68_2228,12239.761524202206
00bbac68_2229,12239.761524202206
00bbac68_2230,12239.761524202206
00bbac68_2231,12239.761524202206
00bbac68_2232,12239.696605180676
00bbac68_2233,12239.696605180676
00bbac68_2234,12239.696605180676
00bbac68_2235,12238.180894900936
00bbac68_2236,12236.946749606255
00bbac68_2237,12239.276544785087
00bbac68_2238,12239.696605180676
00bbac68_2239,12239.696605180676
00bbac68_2240,12239.696605180676
00bbac68_2241,12239.40791464954
00bbac68_2242,12239.276544785087
00bbac68_2243,12238.752882888344
00bbac68_2244,12238.752882888344
00bbac68_2245,12237.358752133538
00bbac68_2246,12238.160109914972
00bbac68_2247,12239.276544785087
00bbac68_2248,12239.696605180676
00bbac68_2249,12239.696605180676
00bbac68_2250,12239.72787514243
00bbac68_2251,12239.439184611294
00bbac68_2252,12239.439184611294
00bbac68_2253,12239.439184611294
00bbac68_2254,12239.72787514243
00bbac68_2255,12239.184791878766
00bbac68_2256,12239.41575056169
00bbac68_2257,12239.761524202206
00bbac68_2258,12239.761524202206
00bbac68_2259,12239.786277526548
00bbac68_2260,12238.731997382916
00bbac68_2261,12234.45233166119
00bbac68_2262,12232.742177545264
00bbac68_2263,12235.983851677587
00bbac68_2264,12233.30093052175
00bbac68_2265,12232.149119313717
00bbac68_2266,12234.02918967874
00bbac68_2267,12233.864515506366
00bbac68_2268,12234.614890262546
00bbac68_2269,12233.864515506366
00bbac68_2270,12233.864515506366
00bbac68_2271,12233.864515506366
00bbac68_2272,12232.149119313717
00bbac68_2273,12231.547000279805
00bbac68_2274,12232.7280097843
00bbac68_2275,12233.29487169406
00bbac68_2276,12237.775493436417
00bbac68_2277,12239.114487422605
00bbac68_2278,12239.114487422605
00bbac68_2279,12237.799726155194
00bbac68_2280,12238.673330314696
00bbac68_2281,12238.69307629761
00bbac68_2282,12232.624878126333
00bbac68_2283,12237.166640289202
00bbac68_2284,12238.781754788137
00bbac68_2285,12238.786644310609
00bbac68_2286,12237.189309745423
00bbac68_2287,12237.189309745423
00bbac68_2288,12237.189309745423
00bbac68_2289,12237.189309745423
00bbac68_2290,12238.786644310609
00bbac68_2291,12238.781754788137
00bbac68_2292,12238.786644310609
00bbac68_2293,12238.786644310609
00bbac68_2294,12238.786644310609
00bbac68_2295,12237.189309745423
00bbac68_2296,12237.124228612849
00bbac68_2297,12237.189309745423
00bbac68_2298,12237.124228612849
00bbac68_2299,12237.189309745423
00bbac68_2300,12238.786644310609
00bbac68_2301,12238.786644310609
00bbac68_2302,12236.318429035213
00bbac68_2303,12235.626909010774
00bbac68_2304,12231.895745398395
00bbac68_2305,12233.661938986032
00bbac68_2306,12233.661938986032
00bbac68_2307,12235.652862060499
00bbac68_2308,12237.124228612849
00bbac68_2309,12238.786644310609
00bbac68_2310,12239.778626402995
00bbac68_2311,12239.778626402995
00bbac68_2312,12239.242972634238
00bbac68_2313,12239.070329708378
00bbac68_2314,12239.4991724303
00bbac68_2315,12239.647062031818
00bbac68_2316,12239.647062031818
00bbac68_2317,12239.678331993571
00bbac68_2318,12239.42501685033
00bbac68_2319,12239.42501685033
00bbac68_2320,12239.42501685033
00bbac68_2321,12238.786644310609
00bbac68_2322,12237.124228612849
00bbac68_2323,12236.965488954349
00bbac68_2324,12237.124228612849
00bbac68_2325,12237.124228612849
00bbac68_2326,12237.212676498315
00bbac68_2327,12237.212676498315
00bbac68_2328,12239.253693199207
00bbac68_2329,12239.218219309896
00bbac68_2330,12239.218219309896
00bbac68_2331,12239.218219309896
00bbac68_2332,12239.647062031818
00bbac68_2333,12239.4991724303
00bbac68_2334,12239.4991724303
00bbac68_2335,12239.599466839723
00bbac68_2336,12239.682437419711
00bbac68_2337,12237.73048244508
00bbac68_2338,12238.145942154008
00bbac68_2339,12238.145942154008
00bbac68_2340,12238.177212115761
00bbac68_2341,12239.42501685033
00bbac68_2342,12239.42501685033
00bbac68_2343,12239.42501685033
00bbac68_2344,12238.69198990887
00bbac68_2345,12238.69198990887
00bbac68_2346,12238.69198990887
00bbac68_2347,12238.69198990887
00bbac68_2348,12238.69198990887
00bbac68_2349,12238.62707088734
00bbac68_2350,12238.62707088734
00bbac68_2351,12238.62707088734
00bbac68_2352,12238.62707088734
00bbac68_2353,12238.62707088734
00bbac68_2354,12238.62707088734
00bbac68_2355,12236.744359622822
00bbac68_2356,12236.675115912709
00bbac68_2357,12236.675115912709
00bbac68_2358,12236.675115912709
00bbac68_2359,12236.675115912709
00bbac68_2360,12237.12184558339
00bbac68_2361,12238.369650317958
00bbac68_2362,12238.369650317958
00bbac68_2363,12238.369650317958
00bbac68_2364,12238.369650317958
00bbac68_2365,12238.723259870623
00bbac68_2366,12238.69198990887
00bbac68_2367,12238.69198990887
00bbac68_2368,12238.338380356205
00bbac68_2369,12238.338380356205
00bbac68_2370,12238.62707088734
00bbac68_2371,12238.62707088734
00bbac68_2372,12238.62707088734
00bbac68_2373,12238.62707088734
00bbac68_2374,12238.62707088734
00bbac68_2375,12237.617963782324
00bbac68_2376,12237.090575621636
00bbac68_2377,12238.207010491751
00bbac68_2378,12237.617963782324
00bbac68_2379,12237.098831871412
00bbac68_2380,12238.62707088734
00bbac68_2381,12238.62707088734
00bbac68_2382,12238.62707088734
00bbac68_2383,12238.62707088734
00bbac68_2384,12238.62707088734
00bbac68_2385,12238.62707088734
00bbac68_2386,12238.62707088734
00bbac68_2387,12238.62707088734
00bbac68_2388,12238.62707088734
00bbac68_2389,12238.62707088734
00bbac68_2390,12236.744359622822
00bbac68_2391,12236.744359622822
00bbac68_2392,12237.617963782324
00bbac68_2393,12238.207010491751
00bbac68_2394,12236.744359622822
00bbac68_2395,12238.62707088734
00bbac68_2396,12238.62707088734
00bbac68_2397,12238.62707088734
00bbac68_2398,12238.62707088734
00bbac68_2399,12238.62707088734
00bbac68_2400,12238.62707088734
00bbac68_2401,12238.62707088734
00bbac68_2402,12238.62707088734
00bbac68_2403,12238.338380356205
00bbac68_2404,12238.69198990887
00bbac68_2405,12238.69198990887
00bbac68_2406,12238.69198990887
00bbac68_2407,12238.69198990887
00bbac68_2408,12238.69198990887
00bbac68_2409,12238.69198990887
00bbac68_2410,12238.69198990887
00bbac68_2411,12238.11525758543
00bbac68_2412,12238.198326666836
00bbac68_2413,12238.544100307352
00bbac68_2414,12238.443805897929
00bbac68_2415,12238.716743233212
00bbac68_2416,12238.059120890233
00bbac68_2417,12236.157309965944
00bbac68_2418,12232.853759997626
00bbac68_2419,12233.912945650753
00bbac68_2420,12238.0503385639
00bbac68_2421,12238.11525758543
00bbac68_2422,12238.544100307352
00bbac68_2423,12238.544100307352
00bbac68_2424,12238.69198990887
00bbac68_2425,12238.544100307352
00bbac68_2426,12238.69198990887
00bbac68_2427,12238.338380356205
00bbac68_2428,12235.965893803446
00bbac68_2429,12236.157309965944
00bbac68_2430,12237.978465322203
00bbac68_2431,12237.973575799731
00bbac68_2432,12237.090575621636
00bbac68_2433,12237.617963782324
00bbac68_2434,12237.617963782324
00bbac68_2435,12237.617963782324
00bbac68_2436,12235.965893803446
00bbac68_2437,12237.978465322203
00bbac68_2438,12239.349217750607
00bbac68_2439,12236.157309965944
00bbac68_2440,12239.349217750607
00bbac68_2441,12237.090575621636
00bbac68_2442,12237.617963782324
00bbac68_2443,12238.62707088734
00bbac68_2444,12238.62707088734
00bbac68_2445,12238.62707088734
00bbac68_2446,12236.744359622822
00bbac68_2447,12238.62707088734
00bbac68_2448,12238.28790051129
00bbac68_2449,12238.162852777525
00bbac68_2450,12238.178234375466
00bbac68_2451,12238.130639183371
00bbac68_2452,12238.130639183371
00bbac68_2453,12238.27852878489
00bbac68_2454,12237.924919232224
00bbac68_2455,12238.21360976336
00bbac68_2456,12238.21360976336
00bbac68_2457,12237.204502658344
00bbac68_2458,12237.56011467575
00bbac68_2459,12235.902588500463
00bbac68_2460,12233.001949606512
00bbac68_2461,12233.001949606512
00bbac68_2462,12233.499484526772
00bbac68_2463,12236.708384459409
00bbac68_2464,12236.677114497656
00bbac68_2465,12237.565004198223
00bbac68_2466,12235.967669633037
00bbac68_2467,12235.442625211796
00bbac68_2468,12231.151842526402
00bbac68_2469,12232.541986317845
00bbac68_2470,12232.541986317845
00bbac68_2471,12232.37731214547
00bbac68_2472,12236.972951388845
00bbac68_2473,12237.03479809513
00bbac68_2474,12237.768262372001
00bbac68_2475,12238.863912256153
00bbac68_2476,12237.768262372001
00bbac68_2477,12236.622795567848
00bbac68_2478,12236.972951388845
00bbac68_2479,12233.90763832252
00bbac68_2480,12234.072312494895
00bbac68_2481,12234.072312494895
00bbac68_2482,12233.90763832252
00bbac68_2483,12236.814211730345
00bbac68_2484,12237.284097618302
00bbac68_2485,12238.946513316061
00bbac68_2486,12238.946513316061
00bbac68_2487,12238.946513316061
00bbac68_2488,12240.317265744465
00bbac68_2489,12238.946513316061
00bbac68_2490,12238.946513316061
00bbac68_2491,12238.946513316061
00bbac68_2492,12238.946513316061
00bbac68_2493,12237.349178750876
00bbac68_2494,12238.946513316061
00bbac68_2495,12236.933941797304
00bbac68_2496,12238.058623615494
00bbac68_2497,12239.175058485609
00bbac68_2498,12239.595118881198
00bbac68_2499,12239.595118881198
00bbac68_2500,12239.595118881198
00bbac68_2501,12239.595118881198
00bbac68_2502,12239.595118881198
00bbac68_2503,12239.595118881198
00bbac68_2504,12239.595118881198
00bbac68_2505,12239.595118881198
00bbac68_2506,12239.595118881198
00bbac68_2507,12239.595118881198
00bbac68_2508,12239.660037902728
00bbac68_2509,12239.306428350063
00bbac68_2510,12239.595118881198
00bbac68_2511,12239.595118881198
00bbac68_2512,12239.595118881198
00bbac68_2513,12239.175058485609
00bbac68_2514,12238.079408601458
00bbac68_2515,12237.71240761668
00bbac68_2516,12239.595118881198
00bbac68_2517,12239.595118881198
00bbac68_2518,12237.643163906567
00bbac68_2519,12238.079408601458
00bbac68_2520,12238.058623615494
00bbac68_2521,12236.933941797304
00bbac68_2522,12238.079408601458
00bbac68_2523,12239.595118881198
00bbac68_2524,12239.595118881198
00bbac68_2525,12239.595118881198
00bbac68_2526,12239.595118881198
00bbac68_2527,12239.45391794169
00bbac68_2528,12239.660037902728
00bbac68_2529,12239.660037902728
00bbac68_2530,12239.660037902728
00bbac68_2531,12239.660037902728
00bbac68_2532,12239.306428350063
00bbac68_2533,12239.595118881198
00bbac68_2534,12239.306428350063
00bbac68_2535,12239.660037902728
00bbac68_2536,12239.660037902728
00bbac68_2537,12239.306428350063
00bbac68_2538,12239.660037902728
00bbac68_2539,12239.306428350063
00bbac68_2540,12239.660037902728
00bbac68_2541,12239.660037902728
00bbac68_2542,12239.660037902728
00bbac68_2543,12239.660037902728
00bbac68_2544,12239.660037902728
00bbac68_2545,12239.660037902728
00bbac68_2546,12239.660037902728
00bbac68_2547,12239.660037902728
00bbac68_2548,12239.306428350063
00bbac68_2549,12239.595118881198
00bbac68_2550,12239.595118881198
00bbac68_2551,12239.306428350063
00bbac68_2552,12239.660037902728
00bbac68_2553,12239.660037902728
00bbac68_2554,12239.660037902728
00bbac68_2555,12239.314264262212
00bbac68_2556,12239.155654095724
00bbac68_2557,12239.155654095724
00bbac68_2558,12239.584496817646
00bbac68_2559,12239.584496817646
00bbac68_2560,12239.584496817646
00bbac68_2561,12239.51214830121
00bbac68_2562,12239.660037902728
00bbac68_2563,12239.660037902728
00bbac68_2564,12239.660037902728
00bbac68_2565,12239.660037902728
00bbac68_2566,12239.660037902728
00bbac68_2567,12239.660037902728
00bbac68_2568,12239.660037902728
00bbac68_2569,12239.660037902728
00bbac68_2570,12239.660037902728
00bbac68_2571,12239.660037902728
00bbac68_2572,12239.660037902728
00bbac68_2573,12239.306428350063
00bbac68_2574,12239.595118881198
00bbac68_2575,12239.595118881198
00bbac68_2576,12239.595118881198
00bbac68_2577,12239.595118881198
00bbac68_2578,12239.306428350063
00bbac68_2579,12239.306428350063
00bbac68_2580,12239.306428350063
00bbac68_2581,12239.595118881198
00bbac68_2582,12239.595118881198
00bbac68_2583,12239.595118881198
00bbac68_2584,12237.71240761668
00bbac68_2585,12238.079408601458
00bbac68_2586,12238.586011776182
00bbac68_2587,12239.595118881198
00bbac68_2588,12239.595118881198
00bbac68_2589,12239.306428350063
00bbac68_2590,12239.660037902728
00bbac68_2591,12239.306428350063
00bbac68_2592,12239.595118881198
00bbac68_2593,12239.595118881198
00bbac68_2594,12239.595118881198
00bbac68_2595,12239.595118881198
00bbac68_2596,12239.595118881198
00bbac68_2597,12238.586011776182
00bbac68_2598,12238.079408601458
00bbac68_2599,12237.71240761668
00bbac68_2600,12239.595118881198
00bbac68_2601,12239.595118881198
00bbac68_2602,12239.306428350063
00bbac68_2603,12239.660037902728
00bbac68_2604,12239.660037902728
00bbac68_2605,12239.660037902728
00bbac68_2606,12239.306428350063
00bbac68_2607,12239.595118881198
00bbac68_2608,12239.595118881198
00bbac68_2609,12239.595118881198
00bbac68_2610,12239.595118881198
00bbac68_2611,12239.595118881198
00bbac68_2612,12239.660037902728
00bbac68_2613,12239.660037902728
00bbac68_2614,12239.660037902728
00bbac68_2615,12239.660037902728
00bbac68_2616,12239.306428350063
00bbac68_2617,12239.595118881198
00bbac68_2618,12239.595118881198
00bbac68_2619,12239.595118881198
00bbac68_2620,12239.595118881198
00bbac68_2621,12239.595118881198
00bbac68_2622,12238.06687986527
00bbac68_2623,12239.595118881198
00bbac68_2624,12239.595118881198
00bbac68_2625,12239.595118881198
00bbac68_2626,12239.595118881198
00bbac68_2627,12238.079408601458
00bbac68_2628,12237.643163906567
00bbac68_2629,12237.643163906567
00bbac68_2630,12239.175058485609
00bbac68_2631,12239.595118881198
00bbac68_2632,12239.595118881198
00bbac68_2633,12239.595118881198
00bbac68_2634,12239.595118881198
00bbac68_2635,12239.306428350063
00bbac68_2636,12239.660037902728
00bbac68_2637,12239.660037902728
00bbac68_2638,12239.595118881198
00bbac68_2639,12239.595118881198
00bbac68_2640,12239.595118881198
00bbac68_2641,12239.595118881198
00bbac68_2642,12239.595118881198
00bbac68_2643,12239.660037902728
00bbac68_2644,12239.660037902728
00bbac68_2645,12239.660037902728
00bbac68_2646,12239.660037902728
00bbac68_2647,12239.551146659162
00bbac68_2648,12239.551146659162
00bbac68_2649,12239.486227637632
00bbac68_2650,12239.486227637632
00bbac68_2651,12237.970517357891
00bbac68_2652,12237.957988621703
00bbac68_2653,12239.486227637632
00bbac68_2654,12239.486227637632
00bbac68_2655,12239.486227637632
00bbac68_2656,12239.197537106496
00bbac68_2657,12239.551146659162
00bbac68_2658,12239.551146659162
00bbac68_2659,12239.551146659162
00bbac68_2660,12239.551146659162
00bbac68_2661,12239.551146659162
00bbac68_2662,12239.551146659162
00bbac68_2663,12239.551146659162
00bbac68_2664,12239.551146659162
00bbac68_2665,12239.551146659162
00bbac68_2666,12239.551146659162
00bbac68_2667,12239.551146659162
00bbac68_2668,12239.551146659162
00bbac68_2669,12239.89665858348
00bbac68_2670,12239.89665858348
00bbac68_2671,12239.89665858348
00bbac68_2672,12239.89665858348
00bbac68_2673,12239.89665858348
00bbac68_2674,12239.89665858348
00bbac68_2675,12239.89665858348
00bbac68_2676,12239.83173956195
00bbac68_2677,12239.83173956195
00bbac68_2678,12239.83173956195
00bbac68_2679,12239.543049030815
00bbac68_2680,12239.89665858348
00bbac68_2681,12239.89665858348
00bbac68_2682,12239.89665858348
00bbac68_2683,12239.89665858348
00bbac68_2684,12239.89665858348
00bbac68_2685,12239.89665858348
00bbac68_2686,12239.89665858348
00bbac68_2687,12239.89665858348
00bbac68_2688,12239.89665858348
00bbac68_2689,12239.89665858348
00bbac68_2690,12239.543049030815
00bbac68_2691,12239.83173956195
00bbac68_2692,12239.83173956195
00bbac68_2693,12239.83173956195
00bbac68_2694,12239.83173956195
00bbac68_2695,12239.83173956195
00bbac68_2696,12239.83173956195
00bbac68_2697,12239.83173956195
00bbac68_2698,12235.199284429345
00bbac68_2699,12235.199284429345
00bbac68_2700,12235.199284429345
00bbac68_2701,12235.55289398201
00bbac68_2702,12235.584163943764
00bbac68_2703,12235.519244922234
00bbac68_2704,12235.55289398201
00bbac68_2705,12235.55289398201
00bbac68_2706,12235.346774020973
00bbac68_2707,12235.55289398201
00bbac68_2708,12235.55289398201
00bbac68_2709,12235.55289398201
00bbac68_2710,12235.55289398201
00bbac68_2711,12235.199284429345
00bbac68_2712,12235.48797496048
00bbac68_2713,12233.605263695963
00bbac68_2714,12235.48797496048
00bbac68_2715,12235.48797496048
00bbac68_2716,12235.48797496048
00bbac68_2717,12235.199284429345
00bbac68_2718,12235.199284429345
00bbac68_2719,12235.48797496048
00bbac68_2720,12235.48797496048
00bbac68_2721,12235.48797496048
00bbac68_2722,12235.48797496048
00bbac68_2723,12235.48797496048
00bbac68_2724,12235.48797496048
00bbac68_2725,12235.48797496048
00bbac68_2726,12235.48797496048
00bbac68_2727,12235.199284429345
00bbac68_2728,12235.55289398201
00bbac68_2729,12235.199284429345
00bbac68_2730,12235.48797496048
00bbac68_2731,12233.605263695963
00bbac68_2732,12233.97226468074
00bbac68_2733,12235.48797496048
00bbac68_2734,12235.48797496048
00bbac68_2735,12235.199284429345
00bbac68_2736,12235.55289398201
00bbac68_2737,12235.55289398201
00bbac68_2738,12235.55289398201
00bbac68_2739,12235.55289398201
00bbac68_2740,12235.55289398201
00bbac68_2741,12235.55289398201
00bbac68_2742,12235.55289398201
00bbac68_2743,12235.55289398201
00bbac68_2744,12235.55289398201
00bbac68_2745,12235.55289398201
00bbac68_2746,12235.55289398201
00bbac68_2747,12235.55289398201
00bbac68_2748,12234.976161658571
00bbac68_2749,12235.048510175007
00bbac68_2750,12235.048510175007
00bbac68_2751,12235.30470997107
00bbac68_2752,12235.071878536832
00bbac68_2753,12234.64303581491
00bbac68_2754,12235.023756850665
00bbac68_2755,12235.452599572587
00bbac68_2756,12235.452599572587
00bbac68_2757,12235.452599572587
00bbac68_2758,12235.55289398201
00bbac68_2759,12233.612155231642
00bbac68_2760,12233.612155231642
00bbac68_2761,12233.18331250972
00bbac68_2762,12233.18331250972
00bbac68_2763,12233.612155231642
00bbac68_2764,12233.612155231642
00bbac68_2765,12233.612155231642
00bbac68_2766,12233.612155231642
00bbac68_2767,12233.612155231642
00bbac68_2768,12233.612155231642
00bbac68_2769,12233.258545678977
00bbac68_2770,12233.258545678977
00bbac68_2771,12233.258545678977
00bbac68_2772,12233.612155231642
00bbac68_2773,12233.547236210112
00bbac68_2774,12233.547236210112
00bbac68_2775,12233.547236210112
00bbac68_2776,12233.258545678977
00bbac68_2777,12233.258545678977
00bbac68_2778,12233.612155231642
00bbac68_2779,12233.612155231642
00bbac68_2780,12233.612155231642
00bbac68_2781,12233.258545678977
00bbac68_2782,12233.547236210112
00bbac68_2783,12232.018997194184
00bbac68_2784,12231.59528123548
00bbac68_2785,12233.127175814523
00bbac68_2786,12233.547236210112
00bbac68_2787,12233.547236210112
00bbac68_2788,12233.547236210112
00bbac68_2789,12233.547236210112
00bbac68_2790,12232.538129105096
00bbac68_2791,12232.538129105096
00bbac68_2792,12231.664524945594
00bbac68_2793,12233.547236210112
00bbac68_2794,12233.612155231642
00bbac68_2795,12233.612155231642
00bbac68_2796,12233.612155231642
00bbac68_2797,12233.612155231642
00bbac68_2798,12233.547236210112
00bbac68_2799,12233.547236210112
00bbac68_2800,12233.547236210112
00bbac68_2801,12233.547236210112
00bbac68_2802,12233.612155231642
00bbac68_2803,12234.207875586995
00bbac68_2804,12234.207875586995
00bbac68_2805,12234.207875586995
00bbac68_2806,12234.207875586995
00bbac68_2807,12234.207875586995
00bbac68_2808,12234.207875586995
00bbac68_2809,12234.001755625957
00bbac68_2810,12234.207875586995
00bbac68_2811,12234.207875586995
00bbac68_2812,12234.207875586995
00bbac68_2813,12234.207875586995
00bbac68_2814,12234.207875586995
00bbac68_2815,12234.207875586995
00bbac68_2816,12234.207875586995
00bbac68_2817,12234.207875586995
00bbac68_2818,12234.207875586995
00bbac68_2819,12234.207875586995
00bbac68_2820,12234.207875586995
00bbac68_2821,12234.207875586995
00bbac68_2822,12234.207875586995
00bbac68_2823,12234.207875586995
00bbac68_2824,12234.207875586995
00bbac68_2825,12234.207875586995
00bbac68_2826,12233.862101946479
00bbac68_2827,12233.862101946479
00bbac68_2828,12234.207875586995
00bbac68_2829,12233.779032865074
00bbac68_2830,12234.001755625957
00bbac68_2831,12234.207875586995
00bbac68_2832,12234.193281687989
00bbac68_2833,12234.193281687989
00bbac68_2834,12234.193281687989
00bbac68_2835,12233.847508047473
00bbac68_2836,12234.193281687989
00bbac68_2837,12234.193281687989
00bbac68_2838,12234.193281687989
00bbac68_2839,12234.193281687989
00bbac68_2840,12233.847508047473
00bbac68_2841,12233.987161726951
00bbac68_2842,12234.193281687989
00bbac68_2843,12234.193281687989
00bbac68_2844,12234.193281687989
00bbac68_2845,12234.193281687989
00bbac68_2846,12234.193281687989
00bbac68_2847,12233.839672135324
00bbac68_2848,12234.193281687989
00bbac68_2849,12234.193281687989
00bbac68_2850,12234.193281687989
00bbac68_2851,12234.193281687989
00bbac68_2852,12234.193281687989
00bbac68_2853,12234.193281687989
00bbac68_2854,12234.193281687989
00bbac68_2855,12234.193281687989
00bbac68_2856,12234.193281687989
00bbac68_2857,12234.193281687989
00bbac68_2858,12234.193281687989
00bbac68_2859,12234.193281687989
00bbac68_2860,12234.193281687989
00bbac68_2861,12233.847508047473
00bbac68_2862,12234.193281687989
00bbac68_2863,12234.193281687989
00bbac68_2864,12234.193281687989
00bbac68_2865,12234.193281687989
00bbac68_2866,12234.193281687989
00bbac68_2867,12234.193281687989
00bbac68_2868,12234.193281687989
00bbac68_2869,12234.193281687989
00bbac68_2870,12234.128362666459
00bbac68_2871,12234.128362666459
00bbac68_2872,12233.119255561443
00bbac68_2873,12232.245651401941
00bbac68_2874,12233.119255561443
00bbac68_2875,12234.128362666459
00bbac68_2876,12233.994964430292
00bbac68_2877,12233.994964430292
00bbac68_2878,12230.057692761611
00bbac68_2879,12232.623610549232
00bbac68_2880,12233.994964430292
00bbac68_2881,12233.119255561443
00bbac68_2882,12233.839672135324
00bbac68_2883,12234.193281687989
00bbac68_2884,12234.193281687989
00bbac68_2885,12234.193281687989
00bbac68_2886,12234.193281687989
00bbac68_2887,12234.193281687989
00bbac68_2888,12234.79957549852
00bbac68_2889,12234.79957549852
00bbac68_2890,12234.79957549852
00bbac68_2891,12234.79957549852
00bbac68_2892,12234.79957549852
00bbac68_2893,12234.79957549852
00bbac68_2894,12234.79957549852
00bbac68_2895,12234.445965945855
00bbac68_2896,12234.73465647699
00bbac68_2897,12234.445965945855
00bbac68_2898,12234.79957549852
00bbac68_2899,12234.79957549852
00bbac68_2900,12234.79957549852
00bbac68_2901,12234.79957549852
00bbac68_2902,12234.79957549852
00bbac68_2903,12234.79957549852
00bbac68_2904,12234.79957549852
00bbac68_2905,12234.79957549852
00bbac68_2906,12234.79957549852
00bbac68_2907,12234.79957549852
00bbac68_2908,12234.79957549852
00bbac68_2909,12234.79957549852
00bbac68_2910,12234.79957549852
00bbac68_2911,12234.79957549852
00bbac68_2912,12234.79957549852
00bbac68_2913,12234.79957549852
00bbac68_2914,12234.79957549852
00bbac68_2915,12234.79957549852
00bbac68_2916,12234.79957549852
00bbac68_2917,12234.79957549852
00bbac68_2918,12234.79957549852
00bbac68_2919,12234.79957549852
00bbac68_2920,12234.79957549852
00bbac68_2921,12234.79957549852
00bbac68_2922,12234.79957549852
00bbac68_2923,12234.79957549852
00bbac68_2924,12234.79957549852
00bbac68_2925,12234.79957549852
00bbac68_2926,12234.79957549852
00bbac68_2927,12235.246287282962
00bbac68_2928,12235.246287282962
00bbac68_2929,12235.246287282962
00bbac68_2930,12235.246287282962
00bbac68_2931,12235.246287282962
00bbac68_2932,12235.246287282962
00bbac68_2933,12235.246287282962
00bbac68_2934,12235.246287282962
00bbac68_2935,12235.246287282962
00bbac68_2936,12235.246287282962
00bbac68_2937,12235.040167321924
00bbac68_2938,12235.246287282962
00bbac68_2939,12235.246287282962
00bbac68_2940,12235.246287282962
00bbac68_2941,12234.900513642446
00bbac68_2942,12234.900513642446
00bbac68_2943,12235.040167321924
00bbac68_2944,12235.246287282962
00bbac68_2945,12235.246287282962
00bbac68_2946,12235.246287282962
00bbac68_2947,12234.900513642446
00bbac68_2948,12235.246287282962
00bbac68_2949,12235.246287282962
00bbac68_2950,12235.246287282962
00bbac68_2951,12235.246287282962
00bbac68_2952,12235.246287282962
00bbac68_2953,12235.246287282962
00bbac68_2954,12235.584004169337
00bbac68_2955,12235.584004169337
00bbac68_2956,12235.584004169337
00bbac68_2957,12235.584004169337
00bbac68_2958,12235.584004169337
00bbac68_2959,12235.230394616672
00bbac68_2960,12235.584004169337
00bbac68_2961,12235.584004169337
00bbac68_2962,12235.238230528821
00bbac68_2963,12235.238230528821
00bbac68_2964,12235.155161447416
00bbac68_2965,12235.054867037992
00bbac68_2966,12235.277589798876
00bbac68_2967,12235.584004169337
00bbac68_2968,12235.584004169337
00bbac68_2969,12235.584004169337
00bbac68_2970,12235.584004169337
00bbac68_2971,12235.584004169337
00bbac68_2972,12235.584004169337
00bbac68_2973,12235.584004169337
00bbac68_2974,12235.584004169337
00bbac68_2975,12235.584004169337
00bbac68_2976,12235.584004169337
00bbac68_2977,12235.584004169337
00bbac68_2978,12235.584004169337
00bbac68_2979,12235.584004169337
00bbac68_2980,12235.584004169337
00bbac68_2981,12235.584004169337
00bbac68_2982,12235.584004169337
00bbac68_2983,12235.584004169337
00bbac68_2984,12235.584004169337
00bbac68_2985,12235.584004169337
00bbac68_2986,12235.584004169337
00bbac68_2987,12235.584004169337
00bbac68_2988,12235.584004169337
00bbac68_2989,12235.584004169337
00bbac68_2990,12235.584004169337
00bbac68_2991,12235.584004169337
00bbac68_2992,12235.584004169337
00bbac68_2993,12235.584004169337
00bbac68_2994,12235.584004169337
00bbac68_2995,12235.519085147807
00bbac68_2996,12235.519085147807
00bbac68_2997,12235.230394616672
00bbac68_2998,12235.584004169337
00bbac68_2999,12235.584004169337
00bbac68_3000,12235.584004169337
00bbac68_3001,12235.584004169337
00bbac68_3002,12235.584004169337
00bbac68_3003,12235.584004169337
00bbac68_3004,12235.584004169337
00bbac68_3005,12235.584004169337
00bbac68_3006,12235.584004169337
00bbac68_3007,12235.584004169337
00bbac68_3008,12235.584004169337
00bbac68_3009,12235.584004169337
00bbac68_3010,12235.584004169337
00bbac68_3011,12235.584004169337
00bbac68_3012,12235.584004169337
00bbac68_3013,12235.584004169337
00bbac68_3014,12235.584004169337
00bbac68_3015,12235.519085147807
00bbac68_3016,12235.584004169337
00bbac68_3017,12235.584004169337
00bbac68_3018,12235.584004169337
00bbac68_3019,12235.584004169337
00bbac68_3020,12235.584004169337
00bbac68_3021,12235.584004169337
00bbac68_3022,12235.519085147807
00bbac68_3023,12235.584004169337
00bbac68_3024,12235.584004169337
00bbac68_3025,12235.584004169337
00bbac68_3026,12235.584004169337
00bbac68_3027,12235.584004169337
00bbac68_3028,12235.584004169337
00bbac68_3029,12235.519085147807
00bbac68_3030,12235.519085147807
00bbac68_3031,12235.230394616672
00bbac68_3032,12235.584004169337
00bbac68_3033,12235.584004169337
00bbac68_3034,12235.584004169337
00bbac68_3035,12235.584004169337
00bbac68_3036,12235.584004169337
00bbac68_3037,12235.584004169337
00bbac68_3038,12235.584004169337
00bbac68_3039,12235.584004169337
00bbac68_3040,12235.584004169337
00bbac68_3041,12235.584004169337
00bbac68_3042,12235.584004169337
00bbac68_3043,12235.584004169337
00bbac68_3044,12235.584004169337
00bbac68_3045,12235.584004169337
00bbac68_3046,12235.230394616672
00bbac68_3047,12235.584004169337
00bbac68_3048,12235.584004169337
00bbac68_3049,12235.230394616672
00bbac68_3050,12235.230394616672
00bbac68_3051,12235.584004169337
00bbac68_3052,12235.230394616672
00bbac68_3053,12235.519085147807
00bbac68_3054,12235.519085147807
00bbac68_3055,12235.230394616672
00bbac68_3056,12235.519085147807
00bbac68_3057,12235.584004169337
00bbac68_3058,12235.584004169337
00bbac68_3059,12235.584004169337
00bbac68_3060,12235.584004169337
00bbac68_3061,12235.584004169337
00bbac68_3062,12235.230394616672
00bbac68_3063,12235.519085147807
00bbac68_3064,12233.63637388329
00bbac68_3065,12234.003374868067
00bbac68_3066,12233.567130173176
00bbac68_3067,12234.509978042792
00bbac68_3068,12235.519085147807
00bbac68_3069,12235.519085147807
00bbac68_3070,12235.584004169337
00bbac68_3071,12235.584004169337
00bbac68_3072,12235.584004169337
00bbac68_3073,12235.584004169337
00bbac68_3074,12235.584004169337
00bbac68_3075,12235.007271845898
00bbac68_3076,12234.906977436474
00bbac68_3077,12235.483709759914
00bbac68_3078,12235.335820158396
00bbac68_3079,12235.335820158396
00bbac68_3080,12235.584004169337
00bbac68_3081,12235.584004169337
00bbac68_3082,12235.519085147807
00bbac68_3083,12235.519085147807
00bbac68_3084,12235.519085147807
00bbac68_3085,12235.519085147807
00bbac68_3086,12235.230394616672
00bbac68_3087,12235.584004169337
00bbac68_3088,12235.584004169337
00bbac68_3089,12235.584004169337
00bbac68_3090,12235.584004169337
00bbac68_3091,12235.584004169337
00bbac68_3092,12235.584004169337
00bbac68_3093,12235.584004169337
00bbac68_3094,12235.584004169337
00bbac68_3095,12235.519085147807
00bbac68_3096,12235.230394616672
00bbac68_3097,12235.519085147807
00bbac68_3098,12235.230394616672
00bbac68_3099,12235.584004169337
00bbac68_3100,12235.584004169337
00bbac68_3101,12235.584004169337
00bbac68_3102,12235.584004169337
00bbac68_3103,12235.584004169337
00bbac68_3104,12235.584004169337
00bbac68_3105,12235.584004169337
00bbac68_3106,12235.584004169337
00bbac68_3107,12235.230394616672
00bbac68_3108,12235.230394616672
00bbac68_3109,12235.519085147807
00bbac68_3110,12235.230394616672
00bbac68_3111,12235.584004169337
00bbac68_3112,12235.584004169337
00bbac68_3113,12235.584004169337
00bbac68_3114,12235.584004169337
00bbac68_3115,12235.584004169337
00bbac68_3116,12235.230394616672
00bbac68_3117,12235.519085147807
00bbac68_3118,12233.567130173176
00bbac68_3119,12232.857908063914
00bbac68_3120,12232.857908063914
00bbac68_3121,12233.269910591196
00bbac68_3122,12235.38568691164
00bbac68_3123,12234.01433303058
00bbac68_3124,12234.01433303058
00bbac68_3125,12233.85559337208
00bbac68_3126,12231.412829268318
00bbac68_3127,12230.699203400613
00bbac68_3128,12231.412829268318
00bbac68_3129,12229.723550345187
00bbac68_3130,12230.43389772176
00bbac68_3131,12231.822576231698
00bbac68_3132,12229.61157937054
00bbac68_3133,12230.91120282675
00bbac68_3134,12229.145009239113
00bbac68_3135,12229.145009239113
00bbac68_3136,12229.759391618718
00bbac68_3137,12231.970388479876
00bbac68_3138,12232.175656483912
00bbac68_3139,12234.003405620258
00bbac68_3140,12234.003405620258
00bbac68_3141,12231.596227491138
00bbac68_3142,12234.003405620258
00bbac68_3143,12234.003405620258
00bbac68_3144,12230.581709969938
00bbac68_3145,12230.581709969938
00bbac68_3146,12229.759391618718
00bbac68_3147,12229.759391618718
00bbac68_3148,12230.91120282675
00bbac68_3149,12230.91120282675
00bbac68_3150,12229.145009239113
00bbac68_3151,12234.332467186992
00bbac68_3152,12234.332467186992
00bbac68_3153,12234.559147345388
00bbac68_3154,12234.559147345388
00bbac68_3155,12234.332467186992
00bbac68_3156,12234.559147345388
00bbac68_3157,12233.977967637762
00bbac68_3158,12233.977967637762
00bbac68_3159,12233.977967637762
00bbac68_3160,12232.456116502166
00bbac68_3161,12229.145009239113
00bbac68_3162,12229.145009239113
00bbac68_3163,12233.470830118562
00bbac68_3164,12230.91120282675
00bbac68_3165,12230.581709969938
00bbac68_3166,12234.162145278759
00bbac68_3167,12235.53349915982
00bbac68_3168,12234.151187116246
00bbac68_3169,12235.246837000397
00bbac68_3170,12234.65779029097
00bbac68_3171,12233.784186131468
00bbac68_3172,12235.666897395986
00bbac68_3173,12235.666897395986
00bbac68_3174,12235.37820686485
00bbac68_3175,12235.37820686485
00bbac68_3176,12235.37820686485
00bbac68_3177,12235.37820686485
00bbac68_3178,12235.37820686485
00bbac68_3179,12235.731816417516
00bbac68_3180,12235.731816417516
00bbac68_3181,12235.731816417516
00bbac68_3182,12235.731816417516
00bbac68_3183,12235.386042777
00bbac68_3184,12235.386042777
00bbac68_3185,12235.731816417516
00bbac68_3186,12235.731816417516
00bbac68_3187,12235.731816417516
00bbac68_3188,12235.731816417516
00bbac68_3189,12235.76308637927
00bbac68_3190,12235.525696456478
00bbac68_3191,12235.731816417516
00bbac68_3192,12235.76308637927
00bbac68_3193,12235.054789684653
00bbac68_3194,12235.054789684653
00bbac68_3195,12235.06264616062
00bbac68_3196,12235.06264616062
00bbac68_3197,12235.06264616062
00bbac68_3198,12234.89730882996
00bbac68_3199,12234.89730882996
00bbac68_3200,12234.821958250415
00bbac68_3201,12234.779882564566
00bbac68_3202,12234.779882564566
00bbac68_3203,12235.208725286488
00bbac68_3204,12234.631992963048
00bbac68_3205,12234.631992963048
00bbac68_3206,12234.631992963048
00bbac68_3207,12234.674068648897
00bbac68_3208,12234.631992963048
00bbac68_3209,12239.118358308055
00bbac68_3210,12239.118358308055
00bbac68_3211,12239.118358308055
00bbac68_3212,12239.664627295371
00bbac68_3213,12239.40112190411
00bbac68_3214,12240.260981499858
00bbac68_3215,12240.260981499858
00bbac68_3216,12240.260981499858
00bbac68_3217,12240.260981499858
00bbac68_3218,12240.120948374308
00bbac68_3219,12240.120948374308
00bbac68_3220,12240.120948374308
00bbac68_3221,12240.54979109623
00bbac68_3222,12240.120948374308
00bbac68_3223,12240.260981499858
00bbac68_3224,12240.260981499858
00bbac68_3225,12240.68982422178
00bbac68_3226,12240.260981499858
00bbac68_3227,12240.260981499858
00bbac68_3228,12240.260981499858
00bbac68_3229,12240.120948374308
00bbac68_3230,12240.120948374308
00bbac68_3231,12240.260981499858
00bbac68_3232,12240.68982422178
00bbac68_3233,12240.260981499858
00bbac68_3234,12240.260981499858
00bbac68_3235,12240.260981499858
00bbac68_3236,12240.68982422178
00bbac68_3237,12240.260981499858
00bbac68_3238,12240.344050581263
00bbac68_3239,12240.68982422178
00bbac68_3240,12240.260981499858
00bbac68_3241,12240.260981499858
00bbac68_3242,12240.260981499858
00bbac68_3243,12240.68982422178
00bbac68_3244,12240.260981499858
00bbac68_3245,12240.260981499858
00bbac68_3246,12240.344050581263
00bbac68_3247,12240.68982422178
00bbac68_3248,12240.68982422178
00bbac68_3249,12240.68982422178
00bbac68_3250,12240.790118631203
00bbac68_3251,12240.790118631203
00bbac68_3252,12240.790118631203
00bbac68_3253,12240.790118631203
00bbac68_3254,12240.790118631203
00bbac68_3255,12240.790118631203
00bbac68_3256,12240.361275909281
00bbac68_3257,12240.444344990687
00bbac68_3258,12240.444344990687
00bbac68_3259,12240.260981499858
00bbac68_3260,12240.260981499858
00bbac68_3261,12240.68982422178
00bbac68_3262,12240.344050581263
00bbac68_3263,12240.260981499858
00bbac68_3264,12240.260981499858
00bbac68_3265,12240.260981499858
00bbac68_3266,12240.68982422178
00bbac68_3267,12240.260981499858
00bbac68_3268,12240.260981499858
00bbac68_3269,12240.260981499858
00bbac68_3270,12240.260981499858
00bbac68_3271,12240.68982422178
00bbac68_3272,12240.68982422178
00bbac68_3273,12240.790118631203
00bbac68_3274,12240.583998670165
00bbac68_3275,12240.790118631203
00bbac68_3276,12240.790118631203
00bbac68_3277,12240.444344990687
00bbac68_3278,12240.444344990687
00bbac68_3279,12240.790118631203
00bbac68_3280,12240.790118631203
00bbac68_3281,12240.583998670165
00bbac68_3282,12240.790118631203
00bbac68_3283,12240.790118631203
00bbac68_3284,12240.790118631203
00bbac68_3285,12240.790118631203
00bbac68_3286,12240.790118631203
00bbac68_3287,12240.790118631203
00bbac68_3288,12240.790118631203
00bbac68_3289,12240.790118631203
00bbac68_3290,12240.790118631203
00bbac68_3291,12240.790118631203
00bbac68_3292,12240.790118631203
00bbac68_3293,12240.790118631203
00bbac68_3294,12240.790118631203
00bbac68_3295,12240.790118631203
00bbac68_3296,12240.790118631203
00bbac68_3297,12240.790118631203
00bbac68_3298,12240.725199609673
00bbac68_3299,12240.725199609673
00bbac68_3300,12240.725199609673
00bbac68_3301,12238.773244635042
00bbac68_3302,12238.773244635042
00bbac68_3303,12239.18870434397
00bbac68_3304,12238.06402252578
00bbac68_3305,12240.586911851035
00bbac68_3306,12240.591801373506
00bbac68_3307,12240.591801373506
00bbac68_3308,12239.061707833946
00bbac68_3309,12234.817693832405
00bbac68_3310,12235.977613973711
00bbac68_3311,12239.117908949494
00bbac68_3312,12237.011160013788
00bbac68_3313,12235.977613973711
00bbac68_3314,12234.817693832405
00bbac68_3315,12235.640012183625
00bbac68_3316,12239.061707833946
00bbac68_3317,12236.749094085653
00bbac68_3318,12237.014399764506
00bbac68_3319,12236.749094085653
00bbac68_3320,12240.170789735974
00bbac68_3321,12240.938382541688
00bbac68_3322,12241.695993753063
00bbac68_3323,12241.145598671364
00bbac68_3324,12240.556551961938
00bbac68_3325,12241.565659066953
00bbac68_3326,12240.556551961938
00bbac68_3327,12240.049948787213
00bbac68_3328,12240.02916380125
00bbac68_3329,12241.695993753063
00bbac68_3330,12241.700883275535
00bbac68_3331,12241.066652768515
00bbac68_3332,12240.02916380125
00bbac68_3333,12241.066652768515
00bbac68_3334,12240.02916380125
00bbac68_3335,12240.049948787213
00bbac68_3336,12239.682947802436
00bbac68_3337,12241.565659066953
00bbac68_3338,12241.565659066953
00bbac68_3339,12241.630578088483
00bbac68_3340,12241.630578088483
00bbac68_3341,12241.630578088483
00bbac68_3342,12241.630578088483
00bbac68_3343,12241.630578088483
00bbac68_3344,12241.630578088483
00bbac68_3345,12241.284804447967
00bbac68_3346,12241.630578088483
00bbac68_3347,12241.630578088483
00bbac68_3348,12241.630578088483
00bbac68_3349,12241.630578088483
00bbac68_3350,12241.630578088483
00bbac68_3351,12241.630578088483
00bbac68_3352,12241.201735366561
00bbac68_3353,12241.630578088483
00bbac68_3354,12241.284804447967
00bbac68_3355,12241.284804447967
00bbac68_3356,12241.184510038544
00bbac68_3357,12241.630578088483
00bbac68_3358,12241.630578088483
00bbac68_3359,12241.630578088483
00bbac68_3360,12241.630578088483
00bbac68_3361,12241.201735366561
00bbac68_3362,12241.630578088483
00bbac68_3363,12241.630578088483
00bbac68_3364,12241.630578088483
00bbac68_3365,12241.284804447967
00bbac68_3366,12241.630578088483
00bbac68_3367,12241.630578088483
00bbac68_3368,12241.630578088483
00bbac68_3369,12241.630578088483
00bbac68_3370,12241.630578088483
00bbac68_3371,12241.630578088483
00bbac68_3372,12241.630578088483
00bbac68_3373,12241.630578088483
00bbac68_3374,12241.630578088483
00bbac68_3375,12241.565659066953
00bbac68_3376,12241.565659066953
00bbac68_3377,12239.682947802436
00bbac68_3378,12241.565659066953
00bbac68_3379,12241.565659066953
00bbac68_3380,12241.565659066953
00bbac68_3381,12239.682947802436
00bbac68_3382,12241.145598671364
00bbac68_3383,12239.613704092322
00bbac68_3384,12240.02916380125
00bbac68_3385,12240.049948787213
00bbac68_3386,12240.556551961938
00bbac68_3387,12240.556551961938
00bbac68_3388,12239.613704092322
00bbac68_3389,12238.90448198306
00bbac68_3390,12241.695993753063
00bbac68_3391,12241.695993753063
00bbac68_3392,12241.700883275535
00bbac68_3393,12241.700883275535
00bbac68_3394,12243.071635703938
00bbac68_3395,12240.329529394474
00bbac68_3396,12240.170789735974
00bbac68_3397,12238.53786855964
00bbac68_3398,12237.478682906514
00bbac68_3399,12236.204403178754
00bbac68_3400,12241.618541285028
00bbac68_3401,12243.217801905841
00bbac68_3402,12244.2033607433
00bbac68_3403,12244.2033607433
00bbac68_3404,12243.217801905841
00bbac68_3405,12241.391861126633
00bbac68_3406,12241.391861126633
00bbac68_3407,12241.391861126633
00bbac68_3408,12241.391861126633
00bbac68_3409,12241.391861126633
00bbac68_3410,12241.391861126633
00bbac68_3411,12243.217801905841
00bbac68_3412,12241.618541285028
00bbac68_3413,12241.618541285028
00bbac68_3414,12243.217801905841
00bbac68_3415,12243.217801905841
00bbac68_3416,12238.36005277989
00bbac68_3417,12225.670087418874
00bbac68_3418,12209.527405362804
00bbac68_3419,12209.527405362804
00bbac68_3420,12216.73920713655
00bbac68_3421,12209.527405362804
00bbac68_3422,12219.410645161022
00bbac68_3423,12232.482577309445
00bbac68_3424,12238.651270145441
00bbac68_3425,12238.651270145441
00bbac68_3426,12238.651270145441
00bbac68_3427,12239.486482262344
00bbac68_3428,12241.391861126633
00bbac68_3429,12237.801165290773
00bbac68_3430,12238.520337879865
00bbac68_3431,12238.520337879865
00bbac68_3432,12236.326871698482
00bbac68_3433,12239.637937739142
00bbac68_3434,12239.637937739142
00bbac68_3435,12239.637937739142
00bbac68_3436,12237.486791839789
00bbac68_3437,12238.520337879865
00bbac68_3438,12237.486791839789
00bbac68_3439,12238.520337879865
00bbac68_3440,12237.486791839789
00bbac68_3441,12236.326871698482
00bbac68_3442,12239.637937739142
00bbac68_3443,12243.433409215504
00bbac68_3444,12245.343124567311
00bbac68_3445,12245.343124567311
00bbac68_3446,12243.671405093026
00bbac68_3447,12243.255945384099
00bbac68_3448,12244.198793253714
00bbac68_3449,12245.20790035873
00bbac68_3450,12245.20790035873
00bbac68_3451,12245.20790035873
00bbac68_3452,12245.20790035873
00bbac68_3453,12245.20790035873
00bbac68_3454,12245.20790035873
00bbac68_3455,12245.20790035873
00bbac68_3456,12245.20790035873
00bbac68_3457,12245.20790035873
00bbac68_3458,12245.27281938026
00bbac68_3459,12245.27281938026
00bbac68_3460,12245.066699419222
00bbac68_3461,12245.27281938026
00bbac68_3462,12245.27281938026
00bbac68_3463,12245.27281938026
00bbac68_3464,12245.066699419222
00bbac68_3465,12244.927045739743
00bbac68_3466,12245.066699419222
00bbac68_3467,12245.27281938026
00bbac68_3468,12245.27281938026
00bbac68_3469,12245.066699419222
00bbac68_3470,12244.927045739743
00bbac68_3471,12244.743682248914
00bbac68_3472,12244.743682248914
00bbac68_3473,12245.172524970836
00bbac68_3474,12244.743682248914
00bbac68_3475,12244.743682248914
00bbac68_3476,12244.743682248914
00bbac68_3477,12244.743682248914
00bbac68_3478,12244.743682248914
00bbac68_3479,12244.743682248914
00bbac68_3480,12244.743682248914
00bbac68_3481,12244.743682248914
00bbac68_3482,12244.743682248914
00bbac68_3483,12244.743682248914
00bbac68_3484,12244.743682248914
00bbac68_3485,12244.743682248914
00bbac68_3486,12244.743682248914
00bbac68_3487,12244.743682248914
00bbac68_3488,12244.743682248914
00bbac68_3489,12244.743682248914
00bbac68_3490,12244.743682248914
00bbac68_3491,12244.743682248914
00bbac68_3492,12244.743682248914
00bbac68_3493,12244.743682248914
00bbac68_3494,12244.603649123364
00bbac68_3495,12244.603649123364
00bbac68_3496,12244.603649123364
00bbac68_3497,12244.603649123364
00bbac68_3498,12244.743682248914
00bbac68_3499,12244.743682248914
00bbac68_3500,12244.743682248914
00bbac68_3501,12244.743682248914
00bbac68_3502,12244.743682248914
00bbac68_3503,12244.82675133032
00bbac68_3504,12244.743682248914
00bbac68_3505,12244.743682248914
00bbac68_3506,12245.172524970836
00bbac68_3507,12245.172524970836
00bbac68_3508,12244.743682248914
00bbac68_3509,12244.743682248914
00bbac68_3510,12244.595792647397
00bbac68_3511,12244.743682248914
00bbac68_3512,12244.743682248914
00bbac68_3513,12245.172524970836
00bbac68_3514,12244.82675133032
00bbac68_3515,12244.966405009798
00bbac68_3516,12245.27281938026
00bbac68_3517,12244.927045739743
00bbac68_3518,12244.927045739743
00bbac68_3519,12244.743682248914
00bbac68_3520,12244.743682248914
00bbac68_3521,12244.743682248914
00bbac68_3522,12244.743682248914
00bbac68_3523,12238.704655531834
00bbac68_3524,12238.78772461324
00bbac68_3525,12239.133498253756
00bbac68_3526,12239.133498253756
00bbac68_3527,12239.133498253756
00bbac68_3528,12239.233792663179
00bbac68_3529,12239.233792663179
00bbac68_3530,12238.888019022663
00bbac68_3531,12238.888019022663
00bbac68_3532,12239.027672702141
00bbac68_3533,12239.233792663179
00bbac68_3534,12239.233792663179
00bbac68_3535,12239.233792663179
00bbac68_3536,12239.233792663179
00bbac68_3537,12239.233792663179
00bbac68_3538,12239.233792663179
00bbac68_3539,12239.233792663179
00bbac68_3540,12239.233792663179
00bbac68_3541,12239.233792663179
00bbac68_3542,12239.233792663179
00bbac68_3543,12239.233792663179
00bbac68_3544,12239.233792663179
00bbac68_3545,12239.233792663179
00bbac68_3546,12239.233792663179
00bbac68_3547,12239.168873641649
00bbac68_3548,12238.159766536633
00bbac68_3549,12237.632378375945
00bbac68_3550,12236.507696557755
00bbac68_3551,12239.299208327759
00bbac68_3552,12239.30409785023
00bbac68_3553,12237.168401814299
00bbac68_3554,12240.70704107722
00bbac68_3555,12239.336288648816
00bbac68_3556,12239.331399126344
00bbac68_3557,12237.66456917453
00bbac68_3558,12239.336288648816
00bbac68_3559,12236.920820362317
00bbac68_3560,12234.263020091013
00bbac68_3561,12234.428167402231
00bbac68_3562,12229.973022503795
00bbac68_3563,12234.513642233196
00bbac68_3564,12239.336288648816
00bbac68_3565,12239.336288648816
00bbac68_3566,12239.336288648816
00bbac68_3567,12239.336288648816
00bbac68_3568,12237.200592612884
00bbac68_3569,12236.920820362317
00bbac68_3570,12236.920820362317
00bbac68_3571,12237.426573297009
00bbac68_3572,12236.920820362317
00bbac68_3573,12229.973022503795
00bbac68_3574,12229.850553984066
00bbac68_3575,12235.00582113336
00bbac68_3576,12233.471777586432
00bbac68_3577,12219.765074932471
00bbac68_3578,12226.577564823043
00bbac68_3579,12226.577564823043
00bbac68_3580,12230.890275990398
00bbac68_3581,12232.345348103978
00bbac68_3582,12232.016002321761
00bbac68_3583,12232.016002321761
00bbac68_3584,12237.817320750028
00bbac68_3585,12236.831761912568
00bbac68_3586,12237.817320750028
00bbac68_3587,12232.016002321761
00bbac68_3588,12233.471777586432
00bbac68_3589,12232.345348103978
00bbac68_3590,12233.471777586432
00bbac68_3591,12230.890275990398
00bbac68_3592,12233.471777586432
00bbac68_3593,12233.471777586432
00bbac68_3594,12230.890275990398
00bbac68_3595,12230.890275990398
00bbac68_3596,12230.890275990398
00bbac68_3597,12230.890275990398
00bbac68_3598,12232.345348103978
00bbac68_3599,12230.890275990398
00bbac68_3600,12213.50563267462
00bbac68_3601,12213.50563267462
00bbac68_3602,12213.50563267462
00bbac68_3603,12213.50563267462
00bbac68_3604,12219.765074932471
00bbac68_3605,12230.890275990398
00bbac68_3606,12230.890275990398
00bbac68_3607,12230.890275990398
00bbac68_3608,12233.471777586432
00bbac68_3609,12230.890275990398
00bbac68_3610,12226.577564823043
00bbac68_3611,12230.890275990398
00bbac68_3612,12226.577564823043
00bbac68_3613,12226.577564823043
00bbac68_3614,12230.890275990398
00bbac68_3615,12232.345348103978
00bbac68_3616,12237.817320750028
00bbac68_3617,12235.00582113336
00bbac68_3618,12235.00582113336
00bbac68_3619,12236.831761912568
00bbac68_3620,12232.345348103978
00bbac68_3621,12230.890275990398
00bbac68_3622,12230.890275990398
00bbac68_3623,12233.471777586432
00bbac68_3624,12232.016002321761
00bbac68_3625,12236.831761912568
00bbac68_3626,12235.232501291755
00bbac68_3627,12235.232501291755
00bbac68_3628,12237.817320750028
00bbac68_3629,12232.016002321761
00bbac68_3630,12232.345348103978
00bbac68_3631,12232.345348103978
00bbac68_3632,12233.471777586432
00bbac68_3633,12233.471777586432
00bbac68_3634,12230.890275990398
00bbac68_3635,12226.577564823043
00bbac68_3636,12213.50563267462
00bbac68_3637,12210.834194650148
00bbac68_3638,12210.834194650148
00bbac68_3639,12210.834194650148
00bbac68_3640,12210.834194650148
00bbac68_3641,12213.50563267462
00bbac68_3642,12213.50563267462
00bbac68_3643,12219.765074932471
00bbac68_3644,12219.765074932471
00bbac68_3645,12226.577564823043
00bbac68_3646,12230.890275990398
00bbac68_3647,12232.345348103978
00bbac68_3648,12238.007239020339
00bbac68_3649,12232.016002321761
00bbac68_3650,12232.345348103978
00bbac68_3651,12233.471777586432
00bbac68_3652,12233.471777586432
00bbac68_3653,12233.471777586432
00bbac68_3654,12232.345348103978
00bbac68_3655,12232.345348103978
00bbac68_3656,12233.471777586432
00bbac68_3657,12233.471777586432
00bbac68_3658,12230.890275990398
00bbac68_3659,12226.577564823043
00bbac68_3660,12226.460068076089
00bbac68_3661,12230.772779243443
00bbac68_3662,12226.460068076089
00bbac68_3663,12230.772779243443
00bbac68_3664,12230.772779243443
00bbac68_3665,12226.460068076089
00bbac68_3666,12226.460068076089
00bbac68_3667,12226.460068076089
00bbac68_3668,12230.772779243443
00bbac68_3669,12232.227851357024
00bbac68_3670,12232.227851357024
00bbac68_3671,12232.227851357024
00bbac68_3672,12232.227851357024
00bbac68_3673,12233.354280839478
00bbac68_3674,12233.354280839478
00bbac68_3675,12233.354280839478
00bbac68_3676,12232.227851357024
00bbac68_3677,12226.460068076089
00bbac68_3678,12213.388135927666
00bbac68_3679,12210.716697903194
00bbac68_3680,12210.716697903194
00bbac68_3681,12210.716697903194
00bbac68_3682,12219.647578185517
00bbac68_3683,12230.772779243443
00bbac68_3684,12226.460068076089
00bbac68_3685,12219.647578185517
00bbac68_3686,12219.647578185517
00bbac68_3687,12226.460068076089
00bbac68_3688,12226.460068076089
00bbac68_3689,12233.354280839478
00bbac68_3690,12230.772779243443
00bbac68_3691,12219.647578185517
00bbac68_3692,12219.647578185517
00bbac68_3693,12226.460068076089
00bbac68_3694,12230.772779243443
00bbac68_3695,12232.227851357024
00bbac68_3696,12233.315197683738
00bbac68_3697,12233.315197683738
00bbac68_3698,12235.078242656717
00bbac68_3699,12232.227851357024
00bbac68_3700,12233.354280839478
00bbac68_3701,12233.354280839478
00bbac68_3702,12233.354280839478
00bbac68_3703,12232.227851357024
00bbac68_3704,12235.078242656717
00bbac68_3705,12233.35157951743
00bbac68_3706,12230.040472254377
00bbac68_3707,12233.87437927395
00bbac68_3708,12231.314751982138
00bbac68_3709,12230.162940774106
00bbac68_3710,12230.162940774106
00bbac68_3711,12230.162940774106
00bbac68_3712,12231.314751982138
00bbac68_3713,12230.040472254377
00bbac68_3714,12231.637234366397
00bbac68_3715,12235.078242656717
00bbac68_3716,12230.040472254377
00bbac68_3717,12231.314751982138
00bbac68_3718,12233.474006814766
00bbac68_3719,12239.526206919127
00bbac68_3720,12239.526206919127
00bbac68_3721,12237.61649156732
00bbac68_3722,12232.978695605734
00bbac68_3723,12238.929484141685
00bbac68_3724,12238.929484141685
00bbac68_3725,12233.474006814766
00bbac68_3726,12234.452938361324
00bbac68_3727,12230.162940774106
00bbac68_3728,12230.162940774106
00bbac68_3729,12231.314751982138
00bbac68_3730,12231.322860915412
00bbac68_3731,12231.322860915412
00bbac68_3732,12232.356406955489
00bbac68_3733,12234.463155891195
00bbac68_3734,12230.040472254377
00bbac68_3735,12234.84123985444
00bbac68_3736,12235.078242656717
00bbac68_3737,12234.84123985444
00bbac68_3738,12233.315197683738
00bbac68_3739,12234.84123985444
00bbac68_3740,12230.040472254377
00bbac68_3741,12230.162940774106
00bbac68_3742,12232.978695605734
00bbac68_3743,12240.89695934753
00bbac68_3744,12237.439027735914
00bbac68_3745,12237.508271446028
00bbac68_3746,12237.439027735914
00bbac68_3747,12233.55670432495
00bbac68_3748,12234.594193292216
00bbac68_3749,12233.55670432495
00bbac68_3750,12233.55670432495
00bbac68_3751,12232.844025034043
00bbac68_3752,12234.329251090838
00bbac68_3753,12234.329251090838
00bbac68_3754,12234.33414061331
00bbac68_3755,12234.33414061331
00bbac68_3756,12233.55670432495
00bbac68_3757,12235.093199590654
00bbac68_3758,12235.093199590654
00bbac68_3759,12235.44680914332
00bbac68_3760,12235.44680914332
00bbac68_3761,12235.44680914332
00bbac68_3762,12235.274001105594
00bbac68_3763,12235.093199590654
00bbac68_3764,12235.093199590654
00bbac68_3765,12233.210488326136
00bbac68_3766,12233.210488326136
00bbac68_3767,12235.093199590654
00bbac68_3768,12235.093199590654
00bbac68_3769,12235.093199590654
00bbac68_3770,12235.093199590654
00bbac68_3771,12234.87007681988
00bbac68_3772,12234.222598866118
00bbac68_3773,12233.799802144513
00bbac68_3774,12234.228644866434
00bbac68_3775,12233.799802144513
00bbac68_3776,12234.228644866434
00bbac68_3777,12234.270720552284
00bbac68_3778,12234.917672011974
00bbac68_3779,12235.00074109338
00bbac68_3780,12235.44680914332
00bbac68_3781,12235.44680914332
00bbac68_3782,12235.44680914332
00bbac68_3783,12235.44680914332
00bbac68_3784,12235.44680914332
00bbac68_3785,12235.44680914332
00bbac68_3786,12235.44680914332
00bbac68_3787,12235.240689182281
00bbac68_3788,12235.44680914332
00bbac68_3789,12235.240689182281
00bbac68_3790,12235.101035502803
00bbac68_3791,12235.101035502803
00bbac68_3792,12235.101035502803
00bbac68_3793,12235.44680914332
00bbac68_3794,12235.298919541801
00bbac68_3795,12235.298919541801
00bbac68_3796,12234.945309989136
00bbac68_3797,12234.739190028098
00bbac68_3798,12234.59953634862
00bbac68_3799,12234.87007681988
00bbac68_3800,12235.017966421397
00bbac68_3801,12235.346514733896
00bbac68_3802,12235.00074109338
00bbac68_3803,12235.346514733896
00bbac68_3804,12235.346514733896
00bbac68_3805,12233.841877830362
00bbac68_3806,12233.799802144513
00bbac68_3807,12233.799802144513
00bbac68_3808,12234.228644866434
00bbac68_3809,12233.882871225918
00bbac68_3810,12234.165634821973
00bbac68_3811,12235.198625132378
00bbac68_3812,12235.44680914332
00bbac68_3813,12235.017966421397
00bbac68_3814,12234.917672011974
00bbac68_3815,12235.00074109338
00bbac68_3816,12235.00074109338
00bbac68_3817,12234.917672011974
00bbac68_3818,12234.917672011974
00bbac68_3819,12235.346514733896
00bbac68_3820,12235.346514733896
00bbac68_3821,12235.346514733896
00bbac68_3822,12235.44680914332
00bbac68_3823,12235.101035502803
00bbac68_3824,12235.322154517225
00bbac68_3825,12235.322154517225
00bbac68_3826,12235.667928157742
00bbac68_3827,12235.667928157742
00bbac68_3828,12235.667928157742
00bbac68_3829,12235.667928157742
00bbac68_3830,12235.667928157742
00bbac68_3831,12235.667928157742
00bbac68_3832,12235.322154517225
00bbac68_3833,12235.23908543582
00bbac68_3834,12235.667928157742
00bbac68_3835,12235.667928157742
00bbac68_3836,12235.667928157742
00bbac68_3837,12235.667928157742
00bbac68_3838,12235.667928157742
00bbac68_3839,12235.667928157742
00bbac68_3840,12235.667928157742
00bbac68_3841,12235.667928157742
00bbac68_3842,12235.667928157742
00bbac68_3843,12235.667928157742
00bbac68_3844,12235.667928157742
00bbac68_3845,12235.667928157742
00bbac68_3846,12235.667928157742
00bbac68_3847,12235.314318605077
00bbac68_3848,12235.314318605077
00bbac68_3849,12235.314318605077
00bbac68_3850,12235.667928157742
00bbac68_3851,12235.667928157742
00bbac68_3852,12235.667928157742
00bbac68_3853,12235.667928157742
00bbac68_3854,12235.667928157742
00bbac68_3855,12235.495120120017
00bbac68_3856,12235.667928157742
00bbac68_3857,12235.667928157742
00bbac68_3858,12235.667928157742
00bbac68_3859,12235.314318605077
00bbac68_3860,12235.314318605077
00bbac68_3861,12233.798608325336
00bbac68_3862,12234.55037010526
00bbac68_3863,12234.55037010526
00bbac68_3864,12233.777823339373
00bbac68_3865,12234.815312306639
00bbac68_3866,12234.555259627732
00bbac68_3867,12234.555259627732
00bbac68_3868,12234.555259627732
00bbac68_3869,12234.55037010526
00bbac68_3870,12234.894258209488
00bbac68_3871,12235.314318605077
00bbac68_3872,12235.314318605077
00bbac68_3873,12235.667928157742
00bbac68_3874,12235.667928157742
00bbac68_3875,12235.667928157742
00bbac68_3876,12235.667928157742
00bbac68_3877,12235.667928157742
00bbac68_3878,12235.667928157742
00bbac68_3879,12235.667928157742
00bbac68_3880,12235.314318605077
00bbac68_3881,12233.798608325336
00bbac68_3882,12234.894258209488
00bbac68_3883,12235.314318605077
00bbac68_3884,12235.314318605077
00bbac68_3885,12235.314318605077
00bbac68_3886,12235.667928157742
00bbac68_3887,12235.314318605077
00bbac68_3888,12234.555259627732
00bbac68_3889,12233.777823339373
00bbac68_3890,12234.894258209488
00bbac68_3891,12234.305211500061
00bbac68_3892,12235.314318605077
00bbac68_3893,12235.314318605077
00bbac68_3894,12235.314318605077
00bbac68_3895,12235.23908543582
00bbac68_3896,12235.322154517225
00bbac68_3897,12235.667928157742
00bbac68_3898,12235.667928157742
00bbac68_3899,12235.667928157742
00bbac68_3900,12235.23908543582
00bbac68_3901,12235.091195834302
00bbac68_3902,12235.520038556224
00bbac68_3903,12235.520038556224
00bbac68_3904,12235.520038556224
00bbac68_3905,12235.520038556224
00bbac68_3906,12233.786079589148
00bbac68_3907,12233.798608325336
00bbac68_3908,12233.777823339373
00bbac68_3909,12233.065144048465
00bbac68_3910,12234.555259627732
00bbac68_3911,12232.4195635918
00bbac68_3912,12232.4195635918
00bbac68_3913,12232.4195635918
00bbac68_3914,12234.555259627732
00bbac68_3915,12234.815312306639
00bbac68_3916,12233.777823339373
00bbac68_3917,12233.777823339373
00bbac68_3918,12233.777823339373
00bbac68_3919,12233.362363630446
00bbac68_3920,12233.798608325336
00bbac68_3921,12234.894258209488
00bbac68_3922,12235.314318605077
00bbac68_3923,12235.314318605077
00bbac68_3924,12235.314318605077
00bbac68_3925,12235.314318605077
00bbac68_3926,12235.314318605077
00bbac68_3927,12235.314318605077
00bbac68_3928,12235.314318605077
00bbac68_3929,12235.314318605077
00bbac68_3930,12235.667928157742
00bbac68_3931,12235.667928157742
00bbac68_3932,12235.667928157742
00bbac68_3933,12235.667928157742
00bbac68_3934,12235.667928157742
00bbac68_3935,12235.667928157742
00bbac68_3936,12235.667928157742
00bbac68_3937,12235.667928157742
00bbac68_3938,12235.314318605077
00bbac68_3939,12235.314318605077
00bbac68_3940,12234.305211500061
00bbac68_3941,12235.091195834302
00bbac68_3942,12234.44371788054
00bbac68_3943,12234.062996844785
00bbac68_3944,12234.13834742433
00bbac68_3945,12234.491839566706
00bbac68_3946,12234.449763880857
00bbac68_3947,12234.872560602462
00bbac68_3948,12235.520038556224
00bbac68_3949,12235.314318605077
00bbac68_3950,12235.23908543582
00bbac68_3951,12235.667928157742
00bbac68_3952,12235.667928157742
00bbac68_3953,12235.667928157742
00bbac68_3954,12235.394825710593
00bbac68_3955,12235.141510567351
00bbac68_3956,12235.141510567351
00bbac68_3957,12235.141510567351
00bbac68_3958,12235.495120120017
00bbac68_3959,12235.667928157742
00bbac68_3960,12235.314318605077
00bbac68_3961,12235.314318605077
00bbac68_3962,12235.314318605077
00bbac68_3963,12235.314318605077
00bbac68_3964,12235.314318605077
00bbac68_3965,12235.667928157742
00bbac68_3966,12235.667928157742
00bbac68_3967,12235.667928157742
00bbac68_3968,12235.667928157742
00bbac68_3969,12235.667928157742
00bbac68_3970,12235.667928157742
00bbac68_3971,12235.667928157742
00bbac68_3972,12235.667928157742
00bbac68_3973,12235.667928157742
00bbac68_3974,12235.667928157742
00bbac68_3975,12235.667928157742
00bbac68_3976,12235.461808196704
00bbac68_3977,12235.461808196704
00bbac68_3978,12235.667928157742
00bbac68_3979,12235.667928157742
00bbac68_3980,12235.667928157742
00bbac68_3981,12235.667928157742
00bbac68_3982,12235.667928157742
00bbac68_3983,12235.667928157742
00bbac68_3984,12235.495120120017
00bbac68_3985,12235.461808196704
00bbac68_3986,12235.667928157742
00bbac68_3987,12235.667928157742
00bbac68_3988,12235.667928157742
00bbac68_3989,12235.667928157742
00bbac68_3990,12235.667928157742
00bbac68_3991,12235.322154517225
00bbac68_3992,12235.23908543582
00bbac68_3993,12235.23908543582
00bbac68_3994,12235.138791026397
00bbac68_3995,12235.138791026397
00bbac68_3996,12235.138791026397
00bbac68_3997,12235.567633748318
00bbac68_3998,12235.567633748318
00bbac68_3999,12235.567633748318
00bbac68_4000,12235.667928157742
00bbac68_4001,12235.667928157742
00bbac68_4002,12235.667928157742
00bbac68_4003,12235.667928157742
00bbac68_4004,12235.667928157742
00bbac68_4005,12235.667928157742
00bbac68_4006,12235.667928157742
00bbac68_4007,12235.667928157742
00bbac68_4008,12235.667928157742
00bbac68_4009,12235.667928157742
00bbac68_4010,12235.667928157742
00bbac68_4011,12235.667928157742
00bbac68_4012,12235.495120120017
00bbac68_4013,12235.049052070077
00bbac68_4014,12235.322154517225
00bbac68_4015,12235.667928157742
00bbac68_4016,12235.667928157742
00bbac68_4017,12235.667928157742
00bbac68_4018,12235.667928157742
00bbac68_4019,12235.322154517225
00bbac68_4020,12235.23908543582
00bbac68_4021,12235.138791026397
00bbac68_4022,12235.221860107802
00bbac68_4023,12235.567633748318
00bbac68_4024,12235.567633748318
00bbac68_4025,12235.667928157742
00bbac68_4026,12235.667928157742
00bbac68_4027,12235.461808196704
00bbac68_4028,12235.667928157742
00bbac68_4029,12235.667928157742
00bbac68_4030,12235.667928157742
00bbac68_4031,12235.667928157742
00bbac68_4032,12235.667928157742
00bbac68_4033,12235.667928157742
00bbac68_4034,12235.636895698206
00bbac68_4035,12235.667928157742
00bbac68_4036,12235.667928157742
00bbac68_4037,12235.667928157742
00bbac68_4038,12235.667928157742
00bbac68_4039,12235.667928157742
00bbac68_4040,12235.667928157742
00bbac68_4041,12235.667928157742
00bbac68_4042,12235.414172937322
00bbac68_4043,12235.414172937322
00bbac68_4044,12235.313878527899
00bbac68_4045,12235.567633748318
00bbac68_4046,12235.567633748318
00bbac68_4047,12235.396947609304
00bbac68_4048,12235.313878527899
00bbac68_4049,12235.313878527899
00bbac68_4050,12235.567633748318
00bbac68_4051,12235.396947609304
00bbac68_4052,12235.567633748318
00bbac68_4053,12235.567633748318
00bbac68_4054,12235.636895698206
00bbac68_4055,12235.497242018728
00bbac68_4056,12235.414172937322
00bbac68_4057,12235.313878527899
00bbac68_4058,12235.667928157742
00bbac68_4059,12235.667928157742
00bbac68_4060,12235.667928157742
00bbac68_4061,12235.667928157742
00bbac68_4062,12235.497242018728
00bbac68_4063,12235.636895698206
00bbac68_4064,12235.667928157742
00bbac68_4065,12235.414172937322
00bbac68_4066,12235.414172937322
00bbac68_4067,12235.667928157742
00bbac68_4068,12235.667928157742
00bbac68_4069,12235.667928157742
00bbac68_4070,12235.636895698206
00bbac68_4071,12235.636895698206
00bbac68_4072,12235.667928157742
00bbac68_4073,12235.667928157742
00bbac68_4074,12235.667928157742
00bbac68_4075,12235.636895698206
00bbac68_4076,12235.636895698206
00bbac68_4077,12235.667928157742
00bbac68_4078,12235.497242018728
00bbac68_4079,12235.414172937322
00bbac68_4080,12235.414172937322
00bbac68_4081,12235.313878527899
00bbac68_4082,12235.313878527899
00bbac68_4083,12235.313878527899
00bbac68_4084,12235.313878527899
00bbac68_4085,12235.536601288783
00bbac68_4086,12235.567633748318
00bbac68_4087,12235.567633748318
00bbac68_4088,12235.667928157742
00bbac68_4089,12235.667928157742
00bbac68_4090,12235.667928157742
00bbac68_4091,12235.667928157742
00bbac68_4092,12235.667928157742
00bbac68_4093,12235.667928157742
00bbac68_4094,12235.667928157742
00bbac68_4095,12235.667928157742
00bbac68_4096,12235.667928157742
00bbac68_4097,12235.667928157742
00bbac68_4098,12235.667928157742
00bbac68_4099,12235.667928157742
00bbac68_4100,12235.667928157742
00bbac68_4101,12235.667928157742
00bbac68_4102,12235.667928157742
00bbac68_4103,12235.667928157742
00bbac68_4104,12235.667928157742
00bbac68_4105,12235.314318605077
00bbac68_4106,12235.314318605077
00bbac68_4107,12235.667928157742
00bbac68_4108,12235.667928157742
00bbac68_4109,12235.314318605077
00bbac68_4110,12235.314318605077
00bbac68_4111,12235.667928157742
00bbac68_4112,12235.314318605077
00bbac68_4113,12235.314318605077
00bbac68_4114,12235.667928157742
00bbac68_4115,12235.667928157742
00bbac68_4116,12235.667928157742
00bbac68_4117,12235.667928157742
00bbac68_4118,12235.667928157742
00bbac68_4119,12235.667928157742
00bbac68_4120,12235.667928157742
00bbac68_4121,12235.667928157742
00bbac68_4122,12235.667928157742
00bbac68_4123,12235.667928157742
00bbac68_4124,12235.667928157742
00bbac68_4125,12235.667928157742
00bbac68_4126,12235.667928157742
00bbac68_4127,12235.667928157742
00bbac68_4128,12235.667928157742
00bbac68_4129,12235.667928157742
00bbac68_4130,12235.667928157742
00bbac68_4131,12235.314318605077
00bbac68_4132,12235.667928157742
00bbac68_4133,12235.667928157742
00bbac68_4134,12235.667928157742
00bbac68_4135,12235.667928157742
00bbac68_4136,12235.667928157742
00bbac68_4137,12235.667928157742
00bbac68_4138,12235.667928157742
00bbac68_4139,12235.463850158263
00bbac68_4140,12235.463850158263
00bbac68_4141,12233.431607340559
00bbac68_4142,12233.777823339373
00bbac68_4143,12234.894258209488
00bbac68_4144,12234.894258209488
00bbac68_4145,12235.314318605077
00bbac68_4146,12235.314318605077
00bbac68_4147,12235.667928157742
00bbac68_4148,12235.667928157742
00bbac68_4149,12235.667928157742
00bbac68_4150,12235.667928157742
00bbac68_4151,12235.667928157742
00bbac68_4152,12235.667928157742
00bbac68_4153,12235.667928157742
00bbac68_4154,12230.940683434916
00bbac68_4155,12230.940683434916
00bbac68_4156,12230.940683434916
00bbac68_4157,12230.940683434916
00bbac68_4158,12230.90965097538
00bbac68_4159,12230.940683434916
00bbac68_4160,12230.940683434916
00bbac68_4161,12230.940683434916
00bbac68_4162,12230.940683434916
00bbac68_4163,12230.940683434916
00bbac68_4164,12230.940683434916
00bbac68_4165,12230.940683434916
00bbac68_4166,12230.940683434916
00bbac68_4167,12230.940683434916
00bbac68_4168,12230.769997295902
00bbac68_4169,12230.769997295902
00bbac68_4170,12230.940683434916
00bbac68_4171,12230.940683434916
00bbac68_4172,12230.940683434916
00bbac68_4173,12230.90965097538
00bbac68_4174,12230.940683434916
00bbac68_4175,12230.940683434916
00bbac68_4176,12230.940683434916
00bbac68_4177,12230.769997295902
00bbac68_4178,12230.686928214496
00bbac68_4179,12230.940683434916
00bbac68_4180,12230.769997295902
00bbac68_4181,12230.769997295902
00bbac68_4182,12230.669702886478
00bbac68_4183,12230.586633805073
00bbac68_4184,12230.586633805073
00bbac68_4185,12230.586633805073
00bbac68_4186,12234.93661915417
00bbac68_4187,12234.93661915417
00bbac68_4188,12234.93661915417
00bbac68_4189,12234.93661915417
00bbac68_4190,12235.207599702608
00bbac68_4191,12235.207599702608
00bbac68_4192,12235.207599702608
00bbac68_4193,12235.207599702608
00bbac68_4194,12234.953844482188
00bbac68_4195,12235.036913563594
00bbac68_4196,12235.207599702608
00bbac68_4197,12235.207599702608
00bbac68_4198,12235.207599702608
00bbac68_4199,12235.207599702608
00bbac68_4200,12234.310328991893
00bbac68_4201,12234.126965501064
00bbac68_4202,12234.126965501064
00bbac68_4203,12234.126965501064
00bbac68_4204,12234.349688261947
00bbac68_4205,12234.380720721483
00bbac68_4206,12234.310328991893
00bbac68_4207,12234.227259910487
00bbac68_4208,12234.227259910487
00bbac68_4209,12234.21003458247
00bbac68_4210,12234.380720721483
00bbac68_4211,12234.380720721483
00bbac68_4212,12234.380720721483
00bbac68_4213,12234.126965501064
00bbac68_4214,12233.009095633603
00bbac68_4215,12233.556279177941
00bbac68_4216,12233.556279177941
00bbac68_4217,12233.545614450077
00bbac68_4218,12233.685647575627
00bbac68_4219,12233.685647575627
00bbac68_4220,12234.227259910487
00bbac68_4221,12234.227259910487
00bbac68_4222,12234.310328991893
00bbac68_4223,12234.21003458247
00bbac68_4224,12234.21003458247
00bbac68_4225,12234.21003458247
00bbac68_4226,12234.21003458247
00bbac68_4227,12234.126965501064
00bbac68_4228,12234.126965501064
00bbac68_4229,12234.21003458247
00bbac68_4230,12234.481015130907
00bbac68_4231,12234.481015130907
00bbac68_4232,12234.481015130907
00bbac68_4233,12234.227259910487
00bbac68_4234,12234.227259910487
00bbac68_4235,12234.44998267137
00bbac68_4236,12234.310328991893
00bbac68_4237,12234.21003458247
00bbac68_4238,12234.126965501064
00bbac68_4239,12234.126965501064
00bbac68_4240,12234.481015130907
00bbac68_4241,12234.310328991893
00bbac68_4242,12234.310328991893
00bbac68_4243,12234.44998267137
00bbac68_4244,12234.310328991893
00bbac68_4245,12234.227259910487
00bbac68_4246,12234.310328991893
00bbac68_4247,12234.481015130907
00bbac68_4248,12234.481015130907
00bbac68_4249,12234.481015130907
00bbac68_4250,12234.44998267137
00bbac68_4251,12234.310328991893
00bbac68_4252,12234.227259910487
00bbac68_4253,12234.126965501064
00bbac68_4254,12234.126965501064
00bbac68_4255,12234.21003458247
00bbac68_4256,12234.380720721483
00bbac68_4257,12234.481015130907
00bbac68_4258,12234.481015130907
00bbac68_4259,12234.481015130907
00bbac68_4260,12234.481015130907
00bbac68_4261,12234.481015130907
00bbac68_4262,12234.481015130907
00bbac68_4263,12234.481015130907
00bbac68_4264,12234.481015130907
00bbac68_4265,12234.227259910487
00bbac68_4266,12234.310328991893
00bbac68_4267,12234.481015130907
00bbac68_4268,12234.481015130907
00bbac68_4269,12234.481015130907
00bbac68_4270,12234.481015130907
00bbac68_4271,12234.481015130907
00bbac68_4272,12234.481015130907
00bbac68_4273,12234.481015130907
00bbac68_4274,12234.481015130907
00bbac68_4275,12234.481015130907
00bbac68_4276,12234.481015130907
00bbac68_4277,12234.127405578241
00bbac68_4278,12234.127405578241
00bbac68_4279,12234.127405578241
00bbac68_4280,12234.127405578241
00bbac68_4281,12234.310328991893
00bbac68_4282,12234.310328991893
00bbac68_4283,12234.310328991893
00bbac68_4284,12234.481015130907
00bbac68_4285,12234.481015130907
00bbac68_4286,12234.481015130907
00bbac68_4287,12234.481015130907
00bbac68_4288,12234.481015130907
00bbac68_4289,12234.481015130907
00bbac68_4290,12234.481015130907
00bbac68_4291,12234.310328991893
00bbac68_4292,12234.310328991893
00bbac68_4293,12234.481015130907
00bbac68_4294,12234.481015130907
00bbac68_4295,12234.481015130907
00bbac68_4296,12234.481015130907
00bbac68_4297,12234.308207093181
00bbac68_4298,12234.481015130907
00bbac68_4299,12234.481015130907
00bbac68_4300,12234.481015130907
00bbac68_4301,12234.481015130907
00bbac68_4302,12234.481015130907
00bbac68_4303,12234.481015130907
00bbac68_4304,12234.481015130907
00bbac68_4305,12234.481015130907
00bbac68_4306,12234.07937030897
00bbac68_4307,12234.162439390375
00bbac68_4308,12234.333125529389
00bbac68_4309,12233.78594198505
00bbac68_4310,12233.78594198505
00bbac68_4311,12232.44302071102
00bbac68_4312,12224.47516572069
00bbac68_4313,12226.278642213098
00bbac68_4314,12224.47516572069
00bbac68_4315,12230.069881140183
00bbac68_4316,12234.127405578241
00bbac68_4317,12234.481015130907
00bbac68_4318,12234.481015130907
00bbac68_4319,12234.481015130907
00bbac68_4320,12234.481015130907
00bbac68_4321,12234.481015130907
00bbac68_4322,12234.481015130907
00bbac68_4323,12234.481015130907
00bbac68_4324,12234.481015130907
00bbac68_4325,12234.481015130907
00bbac68_4326,12234.481015130907
00bbac68_4327,12234.310328991893
00bbac68_4328,12234.481015130907
00bbac68_4329,12234.481015130907
00bbac68_4330,12234.481015130907
00bbac68_4331,12234.44998267137
00bbac68_4332,12234.44998267137
00bbac68_4333,12234.481015130907
00bbac68_4334,12234.481015130907
00bbac68_4335,12234.310328991893
00bbac68_4336,12234.310328991893
00bbac68_4337,12234.310328991893
00bbac68_4338,12234.481015130907
00bbac68_4339,12234.481015130907
00bbac68_4340,12234.481015130907
00bbac68_4341,12234.310328991893
00bbac68_4342,12234.227259910487
00bbac68_4343,12234.481015130907
00bbac68_4344,12234.126965501064
00bbac68_4345,12234.380720721483
00bbac68_4346,12234.126965501064
00bbac68_4347,12234.21003458247
00bbac68_4348,12234.21003458247
00bbac68_4349,12234.126965501064
00bbac68_4350,12234.126965501064
00bbac68_4351,12234.126965501064
00bbac68_4352,12234.21003458247
00bbac68_4353,12234.349688261947
00bbac68_4354,12234.126965501064
00bbac68_4355,12234.21003458247
00bbac68_4356,12234.481015130907
00bbac68_4357,12234.44998267137
00bbac68_4358,12234.310328991893
00bbac68_4359,12234.227259910487
00bbac68_4360,12234.227259910487
00bbac68_4361,12234.349688261947
00bbac68_4362,12234.75069569296
00bbac68_4363,12234.580009553945
00bbac68_4364,12234.49694047254
00bbac68_4365,12234.580009553945
00bbac68_4366,12234.75069569296
00bbac68_4367,12234.75069569296
00bbac68_4368,12234.75069569296
00bbac68_4369,12234.580009553945
00bbac68_4370,12234.719663233423
00bbac68_4371,12235.350456268663
00bbac68_4372,12235.350456268663
00bbac68_4373,12235.17977012965
00bbac68_4374,12235.096701048244
00bbac68_4375,12235.096701048244
00bbac68_4376,12234.99640663882
00bbac68_4377,12234.99640663882
00bbac68_4378,12234.99640663882
00bbac68_4379,12234.99640663882
00bbac68_4380,12234.99640663882
00bbac68_4381,12235.25016185924
00bbac68_4382,12235.25016185924
00bbac68_4383,12235.350456268663
00bbac68_4384,12235.350456268663
00bbac68_4385,12235.350456268663
00bbac68_4386,12235.350456268663
00bbac68_4387,12235.350456268663
00bbac68_4388,12235.350456268663
00bbac68_4389,12235.350456268663
00bbac68_4390,12235.350456268663
00bbac68_4391,12235.350456268663
00bbac68_4392,12235.350456268663
00bbac68_4393,12235.350456268663
00bbac68_4394,12234.996846715998
00bbac68_4395,12235.350456268663
00bbac68_4396,12235.350456268663
00bbac68_4397,12235.350456268663
00bbac68_4398,12235.350456268663
00bbac68_4399,12235.350456268663
00bbac68_4400,12235.350456268663
00bbac68_4401,12235.319423809127
00bbac68_4402,12235.17977012965
00bbac68_4403,12235.350456268663
00bbac68_4404,12235.319423809127
00bbac68_4405,12235.350456268663
00bbac68_4406,12235.350456268663
00bbac68_4407,12235.350456268663
00bbac68_4408,12235.350456268663
00bbac68_4409,12235.350456268663
00bbac68_4410,12235.350456268663
00bbac68_4411,12235.350456268663
00bbac68_4412,12235.350456268663
00bbac68_4413,12235.350456268663
00bbac68_4414,12234.996846715998
00bbac68_4415,12234.996846715998
00bbac68_4416,12234.996846715998
00bbac68_4417,12233.987739610982
00bbac68_4418,12233.481136436258
00bbac68_4419,12234.57678632041
00bbac68_4420,12233.987739610982
00bbac68_4421,12233.987739610982
00bbac68_4422,12233.987739610982
00bbac68_4423,12233.481136436258
00bbac68_4424,12233.460351450294
00bbac68_4425,12233.460351450294
00bbac68_4426,12233.460351450294
00bbac68_4427,12232.335669632104
00bbac68_4428,12232.335669632104
00bbac68_4429,12233.044891741367
00bbac68_4430,12232.992624178023
00bbac68_4431,12234.83861236243
00bbac68_4432,12232.109108990953
00bbac68_4433,12227.97706596406
00bbac68_4434,12228.082380460779
00bbac68_4435,12225.589558877084
00bbac68_4436,12225.589558877084
00bbac68_4437,12228.72364672035
00bbac68_4438,12225.678690218458
00bbac68_4439,12225.678690218458
00bbac68_4440,12225.678690218458
00bbac68_4441,12227.39303536949
00bbac68_4442,12224.889739700777
00bbac68_4443,12226.741370085116
00bbac68_4444,12226.741370085116
00bbac68_4445,12226.741370085116
00bbac68_4446,12226.741370085116
00bbac68_4447,12226.741370085116
00bbac68_4448,12229.067233341868
00bbac68_4449,12234.373478368865
00bbac68_4450,12233.481136436258
00bbac68_4451,12234.57678632041
00bbac68_4452,12233.481136436258
00bbac68_4453,12234.633531047772
00bbac68_4454,12232.614861925646
00bbac68_4455,12229.067233341868
00bbac68_4456,12230.046164888427
00bbac68_4457,12229.067233341868
00bbac68_4458,12232.109108990953
00bbac68_4459,12234.368588846393
00bbac68_4460,12233.044891741367
00bbac68_4461,12233.044891741367
00bbac68_4462,12233.044891741367
00bbac68_4463,12233.481136436258
00bbac68_4464,12233.044891741367
00bbac68_4465,12233.460351450294
00bbac68_4466,12232.335669632104
00bbac68_4467,12234.373478368865
00bbac68_4468,12231.332163898094
00bbac68_4469,12231.332163898094
00bbac68_4470,12232.109108990953
00bbac68_4471,12229.701930861833
00bbac68_4472,12232.722508189898
00bbac68_4473,12233.22826112459
00bbac68_4474,12232.722508189898
00bbac68_4475,12231.945563097039
00bbac68_4476,12234.80637995475
00bbac68_4477,12234.80637995475
00bbac68_4478,12231.945563097039
00bbac68_4479,12229.305004111402
00bbac68_4480,12222.785453997532
00bbac68_4481,12222.085634821226
00bbac68_4482,12222.085634821226
00bbac68_4483,12222.085634821226
00bbac68_4484,12222.085634821226
00bbac68_4485,12222.085634821226
00bbac68_4486,12222.085634821226
00bbac68_4487,12222.874585338906
00bbac68_4488,12226.542273787622
00bbac68_4489,12228.141534408434
00bbac68_4490,12228.141534408434
00bbac68_4491,12224.552548656247
00bbac68_4492,12225.919541840798
00bbac68_4493,12226.401648412313
00bbac68_4494,12229.810757046094
00bbac68_4495,12231.388875876255
00bbac68_4496,12231.388875876255
00bbac68_4497,12231.85400986982
00bbac68_4498,12229.810757046094
00bbac68_4499,12226.263128462317
00bbac68_4500,12227.242060008875
00bbac68_4501,12226.263128462317
00bbac68_4502,12225.278275581228
00bbac68_4503,12222.785453997532
00bbac68_4504,12222.785453997532
00bbac68_4505,12225.278275581228
00bbac68_4506,12226.263128462317
00bbac68_4507,12226.263128462317
00bbac68_4508,12226.263128462317
00bbac68_4509,12226.897825982282
00bbac68_4510,12225.172961084509
00bbac68_4511,12227.407207320093
00bbac68_4512,12225.278275581228
00bbac68_4513,12227.407207320093
00bbac68_4514,12227.407207320093
00bbac68_4515,12226.401648412313
00bbac68_4516,12222.785453997532
00bbac68_4517,12222.785453997532
00bbac68_4518,12222.785453997532
00bbac68_4519,12226.263128462317
00bbac68_4520,12231.388875876255
00bbac68_4521,12230.12953295887
00bbac68_4522,12232.012244223388
00bbac68_4523,12232.012244223388
00bbac68_4524,12232.012244223388
00bbac68_4525,12232.012244223388
00bbac68_4526,12232.012244223388
00bbac68_4527,12232.012244223388
00bbac68_4528,12232.012244223388
00bbac68_4529,12232.012244223388
00bbac68_4530,12232.012244223388
00bbac68_4531,12232.012244223388
00bbac68_4532,12232.012244223388
00bbac68_4533,12232.012244223388
00bbac68_4534,12232.012244223388
00bbac68_4535,12232.0404450974
00bbac68_4536,12231.533841922675
00bbac68_4537,12231.533841922675
00bbac68_4538,12231.097597227785
00bbac68_4539,12231.097597227785
00bbac68_4540,12232.0404450974
00bbac68_4541,12231.166840937898
00bbac68_4542,12231.166840937898
00bbac68_4543,12231.166840937898
00bbac68_4544,12233.049552202416
00bbac68_4545,12233.049552202416
00bbac68_4546,12233.049552202416
00bbac68_4547,12233.049552202416
00bbac68_4548,12231.521313186488
00bbac68_4549,12232.629491806827
00bbac68_4550,12232.0404450974
00bbac68_4551,12232.0404450974
00bbac68_4552,12233.049552202416
00bbac68_4553,12233.049552202416
00bbac68_4554,12233.40316175508
00bbac68_4555,12233.40316175508
00bbac68_4556,12233.40316175508
00bbac68_4557,12233.40316175508
00bbac68_4558,12233.049552202416
00bbac68_4559,12231.166840937898
00bbac68_4560,12231.097597227785
00bbac68_4561,12232.629491806827
00bbac68_4562,12232.629491806827
00bbac68_4563,12231.166840937898
00bbac68_4564,12233.049552202416
00bbac68_4565,12233.40316175508
00bbac68_4566,12233.40316175508
00bbac68_4567,12233.40316175508
00bbac68_4568,12233.40316175508
00bbac68_4569,12233.40316175508
00bbac68_4570,12233.40316175508
00bbac68_4571,12233.40316175508
00bbac68_4572,12233.40316175508
00bbac68_4573,12233.40316175508
00bbac68_4574,12233.40316175508
00bbac68_4575,12233.40316175508
00bbac68_4576,12233.40316175508
00bbac68_4577,12233.40316175508
00bbac68_4578,12233.40316175508
00bbac68_4579,12233.40316175508
00bbac68_4580,12233.049552202416
00bbac68_4581,12233.049552202416
00bbac68_4582,12233.049552202416
00bbac68_4583,12233.049552202416
00bbac68_4584,12233.40316175508
00bbac68_4585,12233.40316175508
00bbac68_4586,12233.40316175508
00bbac68_4587,12233.40316175508
00bbac68_4588,12233.40316175508
00bbac68_4589,12233.40316175508
00bbac68_4590,12233.40316175508
00bbac68_4591,12233.049552202416
00bbac68_4592,12233.049552202416
00bbac68_4593,12233.40316175508
00bbac68_4594,12233.001516933144
00bbac68_4595,12232.354038979382
00bbac68_4596,12232.400571570897
00bbac68_4597,12232.607794199801
00bbac68_4598,12232.227073164046
00bbac68_4599,12232.607794199801
00bbac68_4600,12232.607794199801
00bbac68_4601,12233.049552202416
00bbac68_4602,12233.049552202416
00bbac68_4603,12233.40316175508
00bbac68_4604,12233.40316175508
00bbac68_4605,12233.40316175508
00bbac68_4606,12233.40316175508
00bbac68_4607,12233.40316175508
00bbac68_4608,12233.049552202416
00bbac68_4609,12232.0404450974
00bbac68_4610,12232.629491806827
00bbac68_4611,12231.513056936712
00bbac68_4612,12231.513056936712
00bbac68_4613,12231.521313186488
00bbac68_4614,12233.049552202416
00bbac68_4615,12233.40316175508
00bbac68_4616,12233.40316175508
00bbac68_4617,12233.40316175508
00bbac68_4618,12233.40316175508
00bbac68_4619,12233.049552202416
00bbac68_4620,12233.049552202416
00bbac68_4621,12233.049552202416
00bbac68_4622,12233.049552202416
00bbac68_4623,12231.166840937898
00bbac68_4624,12233.049552202416
00bbac68_4625,12233.049552202416
00bbac68_4626,12233.049552202416
00bbac68_4627,12233.049552202416
00bbac68_4628,12233.049552202416
00bbac68_4629,12233.049552202416
00bbac68_4630,12233.049552202416
00bbac68_4631,12232.0404450974
00bbac68_4632,12231.097597227785
00bbac68_4633,12232.0404450974
00bbac68_4634,12233.049552202416
00bbac68_4635,12233.049552202416
00bbac68_4636,12233.049552202416
00bbac68_4637,12233.40316175508
00bbac68_4638,12233.049552202416
00bbac68_4639,12233.049552202416
00bbac68_4640,12233.049552202416
00bbac68_4641,12231.521313186488
00bbac68_4642,12232.0404450974
00bbac68_4643,12232.629491806827
00bbac68_4644,12233.049552202416
00bbac68_4645,12233.049552202416
00bbac68_4646,12233.049552202416
00bbac68_4647,12233.40316175508
00bbac68_4648,12233.40316175508
00bbac68_4649,12233.40316175508
00bbac68_4650,12233.40316175508
00bbac68_4651,12233.40316175508
00bbac68_4652,12233.40316175508
00bbac68_4653,12233.40316175508
00bbac68_4654,12233.149406534661
00bbac68_4655,12233.40316175508
00bbac68_4656,12233.40316175508
00bbac68_4657,12233.255272153563
00bbac68_4658,12233.255272153563
00bbac68_4659,12231.166840937898
00bbac68_4660,12231.166840937898
00bbac68_4661,12231.166840937898
00bbac68_4662,12233.049552202416
00bbac68_4663,12233.049552202416
00bbac68_4664,12233.049552202416
00bbac68_4665,12233.049552202416
00bbac68_4666,12233.049552202416
00bbac68_4667,12233.049552202416
00bbac68_4668,12233.049552202416
00bbac68_4669,12233.049552202416
00bbac68_4670,12233.40316175508
00bbac68_4671,12233.001516933144
00bbac68_4672,12233.001516933144
00bbac68_4673,12233.255272153563
00bbac68_4674,12233.255272153563
00bbac68_4675,12233.255272153563
00bbac68_4676,12233.40316175508
00bbac68_4677,12233.049552202416
00bbac68_4678,12233.40316175508
00bbac68_4679,12233.40316175508
00bbac68_4680,12233.40316175508
00bbac68_4681,12233.40316175508
00bbac68_4682,12233.40316175508
00bbac68_4683,12233.40316175508
00bbac68_4684,12233.40316175508
00bbac68_4685,12233.40316175508
00bbac68_4686,12233.40316175508
00bbac68_4687,12233.40316175508
00bbac68_4688,12233.40316175508
00bbac68_4689,12227.226328060498
00bbac68_4690,12227.226328060498
00bbac68_4691,12227.226328060498
00bbac68_4692,12227.226328060498
00bbac68_4693,12227.226328060498
00bbac68_4694,12227.226328060498
00bbac68_4695,12227.226328060498
00bbac68_4696,12227.579937613164
00bbac68_4697,12227.579937613164
00bbac68_4698,12227.579937613164
00bbac68_4699,12227.579937613164
00bbac68_4700,12227.226328060498
00bbac68_4701,12227.226328060498
00bbac68_4702,12227.226328060498
00bbac68_4703,12227.226328060498
00bbac68_4704,12227.579937613164
00bbac68_4705,12227.579937613164
00bbac68_4706,12227.226328060498
00bbac68_4707,12227.226328060498
00bbac68_4708,12227.226328060498
00bbac68_4709,12227.226328060498
00bbac68_4710,12227.226328060498
00bbac68_4711,12227.226328060498
00bbac68_4712,12227.226328060498
00bbac68_4713,12227.226328060498
00bbac68_4714,12227.226328060498
00bbac68_4715,12225.34361679598
00bbac68_4716,12225.69808904457
00bbac68_4717,12227.226328060498
00bbac68_4718,12227.579937613164
00bbac68_4719,12227.579937613164
00bbac68_4720,12227.579937613164
00bbac68_4721,12227.579937613164
00bbac68_4722,12227.579937613164
00bbac68_4723,12227.579937613164
00bbac68_4724,12227.226328060498
00bbac68_4725,12229.167024663508
00bbac68_4726,12229.167024663508
00bbac68_4727,12229.167024663508
00bbac68_4728,12228.813415110842
00bbac68_4729,12228.813415110842
00bbac68_4730,12228.813415110842
00bbac68_4731,12228.813415110842
00bbac68_4732,12228.813415110842
00bbac68_4733,12228.813415110842
00bbac68_4734,12228.218196297232
00bbac68_4735,12228.117901887808
00bbac68_4736,12228.371657108228
00bbac68_4737,12228.371657108228
00bbac68_4738,12228.371657108228
00bbac68_4739,12228.371657108228
00bbac68_4740,12228.813415110842
00bbac68_4741,12229.167024663508
00bbac68_4742,12229.167024663508
00bbac68_4743,12228.813415110842
00bbac68_4744,12228.813415110842
00bbac68_4745,12228.813415110842
00bbac68_4746,12228.813415110842
00bbac68_4747,12228.813415110842
00bbac68_4748,12228.813415110842
00bbac68_4749,12228.813415110842
00bbac68_4750,12228.813415110842
00bbac68_4751,12228.813415110842
00bbac68_4752,12228.996338524494
00bbac68_4753,12229.167024663508
00bbac68_4754,12229.167024663508
00bbac68_4755,12229.167024663508
00bbac68_4756,12229.167024663508
00bbac68_4757,12228.813415110842
00bbac68_4758,12228.813415110842
00bbac68_4759,12228.813415110842
00bbac68_4760,12228.813415110842
00bbac68_4761,12228.813415110842
00bbac68_4762,12228.813415110842
00bbac68_4763,12229.167024663508
00bbac68_4764,12229.167024663508
00bbac68_4765,12229.167024663508
00bbac68_4766,12229.167024663508
00bbac68_4767,12229.167024663508
00bbac68_4768,12229.167024663508
00bbac68_4769,12229.167024663508
00bbac68_4770,12229.167024663508
00bbac68_4771,12229.167024663508
00bbac68_4772,12229.167024663508
00bbac68_4773,12229.167024663508
00bbac68_4774,12229.167024663508
00bbac68_4775,12228.996338524494
00bbac68_4776,12229.167024663508
00bbac68_4777,12229.167024663508
00bbac68_4778,12229.167024663508
00bbac68_4779,12229.167024663508
00bbac68_4780,12229.167024663508
00bbac68_4781,12229.167024663508
00bbac68_4782,12229.167024663508
00bbac68_4783,12229.167024663508
00bbac68_4784,12229.167024663508
00bbac68_4785,12229.167024663508
00bbac68_4786,12229.167024663508
00bbac68_4787,12229.167024663508
00bbac68_4788,12228.813415110842
00bbac68_4789,12226.930703846325
00bbac68_4790,12227.80294208604
00bbac68_4791,12226.012438424943
00bbac68_4792,12227.295136452494
00bbac68_4793,12227.80294208604
00bbac68_4794,12228.393354715254
00bbac68_4795,12228.813415110842
00bbac68_4796,12228.813415110842
00bbac68_4797,12228.813415110842
00bbac68_4798,12229.167024663508
00bbac68_4799,12229.167024663508
00bbac68_4800,12229.167024663508
00bbac68_4801,12228.665525509325
00bbac68_4802,12227.655052484522
00bbac68_4803,12227.655052484522
00bbac68_4804,12226.789383517802
00bbac68_4805,12224.726439415275
00bbac68_4806,12227.80294208604
00bbac68_4807,12228.559659890423
00bbac68_4808,12228.76537984157
00bbac68_4809,12229.167024663508
00bbac68_4810,12229.167024663508
00bbac68_4811,12229.167024663508
00bbac68_4812,12229.167024663508
00bbac68_4813,12229.167024663508
00bbac68_4814,12229.167024663508
00bbac68_4815,12229.167024663508
00bbac68_4816,12229.167024663508
00bbac68_4817,12228.218196297232
00bbac68_4818,12228.117901887808
00bbac68_4819,12228.231623982678
00bbac68_4820,12228.231623982678
00bbac68_4821,12228.371657108228
00bbac68_4822,12228.371657108228
00bbac68_4823,12229.167024663508
00bbac68_4824,12229.167024663508
00bbac68_4825,12229.167024663508
00bbac68_4826,12229.167024663508
00bbac68_4827,12229.167024663508
00bbac68_4828,12229.167024663508
00bbac68_4829,12229.167024663508
00bbac68_4830,12229.167024663508
00bbac68_4831,12229.167024663508
00bbac68_4832,12229.167024663508
00bbac68_4833,12229.167024663508
00bbac68_4834,12229.167024663508
00bbac68_4835,12229.167024663508
00bbac68_4836,12229.167024663508
00bbac68_4837,12229.167024663508
00bbac68_4838,12229.167024663508
00bbac68_4839,12229.167024663508
00bbac68_4840,12229.167024663508
00bbac68_4841,12229.167024663508
00bbac68_4842,12229.167024663508
00bbac68_4843,12229.167024663508
00bbac68_4844,12229.167024663508
00bbac68_4845,12229.167024663508
00bbac68_4846,12229.167024663508
00bbac68_4847,12229.167024663508
00bbac68_4848,12229.167024663508
00bbac68_4849,12229.167024663508
00bbac68_4850,12229.167024663508
00bbac68_4851,12229.167024663508
00bbac68_4852,12229.167024663508
00bbac68_4853,12229.167024663508
00bbac68_4854,12229.167024663508
00bbac68_4855,12229.167024663508
00bbac68_4856,12229.167024663508
00bbac68_4857,12229.167024663508
00bbac68_4858,12229.167024663508
00bbac68_4859,12229.167024663508
00bbac68_4860,12229.167024663508
00bbac68_4861,12229.167024663508
00bbac68_4862,12229.167024663508
00bbac68_4863,12229.167024663508
00bbac68_4864,12229.167024663508
00bbac68_4865,12229.167024663508
00bbac68_4866,12229.167024663508
00bbac68_4867,12229.167024663508
00bbac68_4868,12229.167024663508
00bbac68_4869,12229.167024663508
00bbac68_4870,12229.167024663508
00bbac68_4871,12229.167024663508
00bbac68_4872,12229.167024663508
00bbac68_4873,12229.167024663508
00bbac68_4874,12229.135992203972
00bbac68_4875,12228.913269443088
00bbac68_4876,12228.913269443088
00bbac68_4877,12228.996338524494
00bbac68_4878,12229.167024663508
00bbac68_4879,12229.167024663508
00bbac68_4880,12229.167024663508
00bbac68_4881,12229.167024663508
00bbac68_4882,12229.167024663508
00bbac68_4883,12229.167024663508
00bbac68_4884,12229.167024663508
00bbac68_4885,12229.167024663508
00bbac68_4886,12229.167024663508
00bbac68_4887,12229.167024663508
00bbac68_4888,12229.167024663508
00bbac68_4889,12229.167024663508
00bbac68_4890,12229.167024663508
00bbac68_4891,12228.813415110842
00bbac68_4892,12228.813415110842
00bbac68_4893,12228.996338524494
00bbac68_4894,12229.167024663508
00bbac68_4895,12229.167024663508
00bbac68_4896,12229.167024663508
00bbac68_4897,12229.167024663508
00bbac68_4898,12229.167024663508
00bbac68_4899,12229.167024663508
00bbac68_4900,12229.167024663508
00bbac68_4901,12228.813415110842
00bbac68_4902,12228.813415110842
00bbac68_4903,12229.426551711378
00bbac68_4904,12229.426551711378
00bbac68_4905,12229.395519251842
00bbac68_4906,12229.426551711378
00bbac68_4907,12229.426551711378
00bbac68_4908,12229.426551711378
00bbac68_4909,12229.426551711378
00bbac68_4910,12229.426551711378
00bbac68_4911,12229.426551711378
00bbac68_4912,12229.426551711378
00bbac68_4913,12229.426551711378
00bbac68_4914,12229.072942158713
00bbac68_4915,12229.255865572364
00bbac68_4916,12229.02490688944
00bbac68_4917,12229.02490688944
00bbac68_4918,12229.27866210986
00bbac68_4919,12229.27866210986
00bbac68_4920,12229.27866210986
00bbac68_4921,12229.426551711378
00bbac68_4922,12229.426551711378
00bbac68_4923,12229.426551711378
00bbac68_4924,12229.426551711378
00bbac68_4925,12229.426551711378
00bbac68_4926,12228.652881763124
00bbac68_4927,12226.901020964155
00bbac68_4928,12227.554663500365
00bbac68_4929,12226.124075871296
00bbac68_4930,12227.554663500365
00bbac68_4931,12225.58046582701
00bbac68_4932,12229.072942158713
00bbac68_4933,12229.426551711378
00bbac68_4934,12229.426551711378
00bbac68_4935,12229.426551711378
00bbac68_4936,12229.426551711378
00bbac68_4937,12229.426551711378
00bbac68_4938,12229.426551711378
00bbac68_4939,12229.426551711378
00bbac68_4940,12229.426551711378
00bbac68_4941,12229.426551711378
00bbac68_4942,12229.426551711378
00bbac68_4943,12229.426551711378
00bbac68_4944,12229.426551711378
00bbac68_4945,12229.426551711378
00bbac68_4946,12229.426551711378
00bbac68_4947,12229.426551711378
00bbac68_4948,12229.072942158713
00bbac68_4949,12229.072942158713
00bbac68_4950,12229.426551711378
00bbac68_4951,12229.426551711378
00bbac68_4952,12229.426551711378
00bbac68_4953,12229.426551711378
00bbac68_4954,12229.426551711378
00bbac68_4955,12229.072942158713
00bbac68_4956,12229.072942158713
00bbac68_4957,12229.072942158713
00bbac68_4958,12228.652881763124
00bbac68_4959,12228.652881763124
00bbac68_4960,12228.652881763124
00bbac68_4961,12227.544703142785
00bbac68_4962,12229.072942158713
00bbac68_4963,12229.072942158713
00bbac68_4964,12229.072942158713
00bbac68_4965,12229.072942158713
00bbac68_4966,12229.072942158713
00bbac68_4967,12227.120987184082
00bbac68_4968,12228.063835053697
00bbac68_4969,12227.53644689301
00bbac68_4970,12227.53644689301
00bbac68_4971,12226.071292724675
00bbac68_4972,12225.58046582701
00bbac68_4973,12228.06246913391
00bbac68_4974,12228.06246913391
00bbac68_4975,12228.06246913391
00bbac68_4976,12227.53644689301
00bbac68_4977,12227.190230894195
00bbac68_4978,12229.072942158713
00bbac68_4979,12229.072942158713
00bbac68_4980,12229.072942158713
00bbac68_4981,12229.072942158713
00bbac68_4982,12229.072942158713
00bbac68_4983,12228.539597938836
00bbac68_4984,12228.539597938836
00bbac68_4985,12227.120987184082
00bbac68_4986,12226.071292724675
00bbac68_4987,12227.554663500365
00bbac68_4988,12226.981077729411
00bbac68_4989,12227.861394904261
00bbac68_4990,12228.976000986167
00bbac68_4991,12227.084449811402
00bbac68_4992,12227.99463629765
00bbac68_4993,12225.512632990749
00bbac68_4994,12227.468614056748
00bbac68_4995,12227.468614056748
00bbac68_4996,12227.468614056748
00bbac68_4997,12225.512632990749
00bbac68_4998,12227.784358953475
00bbac68_4999,12226.003459888414
00bbac68_5000,12225.512632990749
00bbac68_5001,12225.512632990749
00bbac68_5002,12225.512632990749
00bbac68_5003,12227.99463629765
00bbac68_5004,12227.084449811402
00bbac68_5005,12228.976000986167
00bbac68_5006,12227.99463629765
00bbac68_5007,12225.512632990749
00bbac68_5008,12228.409890508841
00bbac68_5009,12228.66364572926
00bbac68_5010,12228.309596099418
00bbac68_5011,12228.563351319837
00bbac68_5012,12228.563351319837
00bbac68_5013,12228.66364572926
00bbac68_5014,12228.66364572926
00bbac68_5015,12229.005109322452
00bbac68_5016,12229.358718875117
00bbac68_5017,12229.005109322452
00bbac68_5018,12229.005109322452
00bbac68_5019,12229.005109322452
00bbac68_5020,12229.005109322452
00bbac68_5021,12229.005109322452
00bbac68_5022,12229.005109322452
00bbac68_5023,12229.005109322452
00bbac68_5024,12228.585048926863
00bbac68_5025,12227.489399042712
00bbac68_5026,12227.122398057934
00bbac68_5027,12229.005109322452
00bbac68_5028,12229.005109322452
00bbac68_5029,12229.005109322452
00bbac68_5030,12229.005109322452
00bbac68_5031,12229.005109322452
00bbac68_5032,12229.005109322452
00bbac68_5033,12229.358718875117
00bbac68_5034,12229.358718875117
00bbac68_5035,12229.358718875117
00bbac68_5036,12229.005109322452
00bbac68_5037,12229.005109322452
00bbac68_5038,12227.996002217436
00bbac68_5039,12227.996002217436
00bbac68_5040,12225.512632990749
00bbac68_5041,12227.994898305582
00bbac68_5042,12228.676105109986
00bbac68_5043,12222.462587690386
00bbac68_5044,12223.496133730463
00bbac68_5045,12222.462587690386
00bbac68_5046,12222.462587690386
00bbac68_5047,12221.30266754908
00bbac68_5048,12226.002790809145
00bbac68_5049,12228.065734911672
00bbac68_5050,12228.19897630506
00bbac68_5051,12225.71697299816
00bbac68_5052,12227.326738065345
00bbac68_5053,12229.209449329863
00bbac68_5054,12229.563058882528
00bbac68_5055,12229.563058882528
00bbac68_5056,12229.209449329863
00bbac68_5057,12229.209449329863
00bbac68_5058,12228.200342224847
00bbac68_5059,12227.693739050123
00bbac68_5060,12228.789388934274
00bbac68_5061,12227.693739050123
00bbac68_5062,12227.672954064159
00bbac68_5063,12227.672954064159
00bbac68_5064,12227.139609844282
00bbac68_5065,12227.681210313935
00bbac68_5066,12228.200342224847
00bbac68_5067,12227.672954064159
00bbac68_5068,12227.723756759508
00bbac68_5069,12227.723756759508
00bbac68_5070,12227.723756759508
00bbac68_5071,12227.672954064159
00bbac68_5072,12227.693739050123
00bbac68_5073,12227.693739050123
00bbac68_5074,12227.693739050123
00bbac68_5075,12228.200342224847
00bbac68_5076,12227.257494355232
00bbac68_5077,12227.257494355232
00bbac68_5078,12227.681210313935
00bbac68_5079,12227.326738065345
00bbac68_5080,12227.326738065345
00bbac68_5081,12229.209449329863
00bbac68_5082,12229.209449329863
00bbac68_5083,12229.209449329863
00bbac68_5084,12229.209449329863
00bbac68_5085,12229.209449329863
00bbac68_5086,12229.209449329863
00bbac68_5087,12229.209449329863
00bbac68_5088,12229.209449329863
00bbac68_5089,12229.209449329863
00bbac68_5090,12229.209449329863
00bbac68_5091,12229.209449329863
00bbac68_5092,12229.209449329863
00bbac68_5093,12229.563058882528
00bbac68_5094,12229.563058882528
00bbac68_5095,12229.563058882528
00bbac68_5096,12229.209449329863
00bbac68_5097,12229.209449329863
00bbac68_5098,12228.200342224847
00bbac68_5099,12227.693739050123
00bbac68_5100,12228.200342224847
00bbac68_5101,12229.209449329863
00bbac68_5102,12229.209449329863
00bbac68_5103,12229.209449329863
00bbac68_5104,12229.209449329863
00bbac68_5105,12229.16141406059
00bbac68_5106,12229.16141406059
00bbac68_5107,12229.061119651167
00bbac68_5108,12229.144188732573
00bbac68_5109,12229.314874871587
00bbac68_5110,12229.314874871587
00bbac68_5111,12229.41516928101
00bbac68_5112,12229.209449329863
00bbac68_5113,12227.681210313935
00bbac68_5114,12228.789388934274
00bbac68_5115,12227.326738065345
00bbac68_5116,12229.209449329863
00bbac68_5117,12229.209449329863
00bbac68_5118,12229.209449329863
00bbac68_5119,12229.209449329863
00bbac68_5120,12229.209449329863
00bbac68_5121,12229.209449329863
00bbac68_5122,12229.209449329863
00bbac68_5123,12229.209449329863
00bbac68_5124,12229.209449329863
00bbac68_5125,12229.563058882528
00bbac68_5126,12229.563058882528
00bbac68_5127,12229.563058882528
00bbac68_5128,12229.563058882528
00bbac68_5129,12229.209449329863
00bbac68_5130,12229.209449329863
00bbac68_5131,12227.257494355232
00bbac68_5132,12228.789388934274
00bbac68_5133,12229.209449329863
00bbac68_5134,12229.209449329863
00bbac68_5135,12229.209449329863
00bbac68_5136,12229.209449329863
00bbac68_5137,12229.209449329863
00bbac68_5138,12229.209449329863
00bbac68_5139,12229.209449329863
00bbac68_5140,12229.209449329863
00bbac68_5141,12227.326738065345
00bbac68_5142,12227.326738065345
00bbac68_5143,12227.693739050123
00bbac68_5144,12227.672954064159
00bbac68_5145,12227.672954064159
00bbac68_5146,12225.71697299816
00bbac68_5147,12225.71697299816
00bbac68_5148,12225.71697299816
00bbac68_5149,12225.71697299816
00bbac68_5150,12228.177548722542
00bbac68_5151,12228.177548722542
00bbac68_5152,12228.177548722542
00bbac68_5153,12226.221567656543
00bbac68_5154,12226.712394554208
00bbac68_5155,12226.712394554208
00bbac68_5156,12228.703570963444
00bbac68_5157,12229.076082504747
00bbac68_5158,12225.818103787993
00bbac68_5159,12228.604021425239
00bbac68_5160,12229.408475041659
00bbac68_5161,12229.308180632235
00bbac68_5162,12229.561935852655
00bbac68_5163,12229.561935852655
00bbac68_5164,12229.561935852655
00bbac68_5165,12229.662230262078
00bbac68_5166,12230.00369385527
00bbac68_5167,12228.467198589566
00bbac68_5168,12228.051738880638
00bbac68_5169,12229.58363345968
00bbac68_5170,12228.120982590752
00bbac68_5171,12230.00369385527
00bbac68_5172,12230.00369385527
00bbac68_5173,12230.00369385527
00bbac68_5174,12230.00369385527
00bbac68_5175,12230.00369385527
00bbac68_5176,12226.511217523566
00bbac68_5177,12228.782943486292
00bbac68_5178,12226.511217523566
00bbac68_5179,12228.48798357553
00bbac68_5180,12230.00369385527
00bbac68_5181,12230.00369385527
00bbac68_5182,12230.00369385527
00bbac68_5183,12230.00369385527
00bbac68_5184,12230.00369385527
00bbac68_5185,12230.326270948399
00bbac68_5186,12229.408475041659
00bbac68_5187,12229.308180632235
00bbac68_5188,12229.1812148169
00bbac68_5189,12229.862452061356
00bbac68_5190,12229.67588634429
00bbac68_5191,12229.81591946984
00bbac68_5192,12228.721182206751
00bbac68_5193,12228.721182206751
00bbac68_5194,12228.721182206751
00bbac68_5195,12230.257677472455
00bbac68_5196,12230.257677472455
00bbac68_5197,12230.257677472455
00bbac68_5198,12230.61128702512
00bbac68_5199,12230.257677472455
00bbac68_5200,12230.257677472455
00bbac68_5201,12230.257677472455
00bbac68_5202,12230.257677472455
00bbac68_5203,12230.257677472455
00bbac68_5204,12230.257677472455
00bbac68_5205,12228.374966207937
00bbac68_5206,12230.257677472455
00bbac68_5207,12230.209642203183
00bbac68_5208,12229.662458658844
00bbac68_5209,12229.56216424942
00bbac68_5210,12229.81591946984
00bbac68_5211,12229.81591946984
00bbac68_5212,12229.916213879264
00bbac68_5213,12230.209642203183
00bbac68_5214,12230.209642203183
00bbac68_5215,12230.463397423602
00bbac68_5216,12230.463397423602
00bbac68_5217,12230.463397423602
00bbac68_5218,12230.109787870937
00bbac68_5219,12228.721182206751
00bbac68_5220,12228.721182206751
00bbac68_5221,12228.305722497824
00bbac68_5222,12228.721182206751
00bbac68_5223,12228.7719849021
00bbac68_5224,12229.247204447653
00bbac68_5225,12229.619715988956
00bbac68_5226,12229.619715988956
00bbac68_5227,12227.051018951737
00bbac68_5228,12223.184171140585
00bbac68_5229,12225.920509973002
00bbac68_5230,12229.113963054264
00bbac68_5231,12229.619715988956
00bbac68_5232,12229.247204447653
00bbac68_5233,12228.741967192715
00bbac68_5234,12230.257677472455
00bbac68_5235,12230.61128702512
00bbac68_5236,12230.61128702512
00bbac68_5237,12230.61128702512
00bbac68_5238,12230.61128702512
00bbac68_5239,12230.61128702512
00bbac68_5240,12230.257677472455
00bbac68_5241,12229.24857036744
00bbac68_5242,12228.729438456527
00bbac68_5243,12230.257677472455
00bbac68_5244,12230.61128702512
00bbac68_5245,12230.61128702512
00bbac68_5246,12230.61128702512
00bbac68_5247,12230.61128702512
00bbac68_5248,12230.61128702512
00bbac68_5249,12230.257677472455
00bbac68_5250,12228.741967192715
00bbac68_5251,12228.741967192715
00bbac68_5252,12228.305722497824
00bbac68_5253,12228.741967192715
00bbac68_5254,12228.729438456527
00bbac68_5255,12228.729438456527
00bbac68_5256,12230.257677472455
00bbac68_5257,12230.61128702512
00bbac68_5258,12230.61128702512
00bbac68_5259,12230.61128702512
00bbac68_5260,12230.61128702512
00bbac68_5261,12230.61128702512
00bbac68_5262,12230.61128702512
00bbac68_5263,12230.61128702512
00bbac68_5264,12230.61128702512
00bbac68_5265,12230.407209025641
00bbac68_5266,12230.407209025641
00bbac68_5267,12230.61128702512
00bbac68_5268,12230.61128702512
00bbac68_5269,12230.61128702512
00bbac68_5270,12230.3575318047
00bbac68_5271,12230.257237395277
00bbac68_5272,12230.510992615697
00bbac68_5273,12230.61128702512
00bbac68_5274,12230.61128702512
00bbac68_5275,12230.61128702512
00bbac68_5276,12230.61128702512
00bbac68_5277,12230.61128702512
00bbac68_5278,12230.61128702512
00bbac68_5279,12230.61128702512
00bbac68_5280,12230.61128702512
00bbac68_5281,12230.61128702512
00bbac68_5282,12230.61128702512
00bbac68_5283,12230.61128702512
00bbac68_5284,12230.61128702512
00bbac68_5285,12230.61128702512
00bbac68_5286,12230.407209025641
00bbac68_5287,12230.407209025641
00bbac68_5288,12230.077942805243
00bbac68_5289,12230.61128702512
00bbac68_5290,12230.257677472455
00bbac68_5291,12230.257677472455
00bbac68_5292,12230.257677472455
00bbac68_5293,12230.257677472455
00bbac68_5294,12230.61128702512
00bbac68_5295,12230.61128702512
00bbac68_5296,12230.61128702512
00bbac68_5297,12230.61128702512
00bbac68_5298,12230.61128702512
00bbac68_5299,12230.61128702512
00bbac68_5300,12230.257677472455
00bbac68_5301,12230.257677472455
00bbac68_5302,12230.61128702512
00bbac68_5303,12230.257677472455
00bbac68_5304,12230.257677472455
00bbac68_5305,12230.257677472455
00bbac68_5306,12230.257677472455
00bbac68_5307,12230.257677472455
00bbac68_5308,12228.374966207937
00bbac68_5309,12230.257677472455
00bbac68_5310,12230.257677472455
00bbac68_5311,12230.61128702512
00bbac68_5312,12230.61128702512
00bbac68_5313,12230.257677472455
00bbac68_5314,12230.257677472455
00bbac68_5315,12230.257677472455
00bbac68_5316,12230.257677472455
00bbac68_5317,12230.61128702512
00bbac68_5318,12230.61128702512
00bbac68_5319,12230.61128702512
00bbac68_5320,12230.61128702512
00bbac68_5321,12230.61128702512
00bbac68_5322,12230.61128702512
00bbac68_5323,12230.61128702512
00bbac68_5324,12230.61128702512
00bbac68_5325,12230.61128702512
00bbac68_5326,12230.61128702512
00bbac68_5327,12230.61128702512
00bbac68_5328,12230.61128702512
00bbac68_5329,12230.257677472455
00bbac68_5330,12230.257677472455
00bbac68_5331,12228.729438456527
00bbac68_5332,12228.305722497824
00bbac68_5333,12229.837617076866
00bbac68_5334,12230.257677472455
00bbac68_5335,12230.257677472455
00bbac68_5336,12230.257677472455
00bbac68_5337,12230.257677472455
00bbac68_5338,12230.257677472455
00bbac68_5339,12230.257677472455
00bbac68_5340,12230.257677472455
00bbac68_5341,12230.257677472455
00bbac68_5342,12230.257677472455
00bbac68_5343,12230.61128702512
00bbac68_5344,12230.61128702512
00bbac68_5345,12230.61128702512
00bbac68_5346,12230.257677472455
00bbac68_5347,12230.257677472455
00bbac68_5348,12230.61128702512
00bbac68_5349,12230.257677472455
00bbac68_5350,12229.63614655602
00bbac68_5351,12229.989756108685
00bbac68_5352,12229.989756108685
00bbac68_5353,12229.989756108685
00bbac68_5354,12229.989756108685
00bbac68_5355,12229.989756108685
00bbac68_5356,12229.63614655602
00bbac68_5357,12229.63614655602
00bbac68_5358,12229.216086160432
00bbac68_5359,12227.753435291503
00bbac68_5360,12229.63614655602
00bbac68_5361,12229.989756108685
00bbac68_5362,12229.989756108685
00bbac68_5363,12229.989756108685
00bbac68_5364,12229.989756108685
00bbac68_5365,12229.989756108685
00bbac68_5366,12229.989756108685
00bbac68_5367,12229.989756108685
00bbac68_5368,12229.989756108685
00bbac68_5369,12229.989756108685
00bbac68_5370,12229.989756108685
00bbac68_5371,12229.63614655602
00bbac68_5372,12229.63614655602
00bbac68_5373,12229.989756108685
00bbac68_5374,12229.989756108685
00bbac68_5375,12229.989756108685
00bbac68_5376,12229.989756108685
00bbac68_5377,12218.46454527599
00bbac68_5378,12218.46454527599
00bbac68_5379,12218.110935723325
00bbac68_5380,12218.110935723325
00bbac68_5381,12218.46454527599
00bbac68_5382,12218.46454527599
00bbac68_5383,12218.46454527599
00bbac68_5384,12218.46454527599
00bbac68_5385,12218.46454527599
00bbac68_5386,12218.46454527599
00bbac68_5387,12218.110935723325
00bbac68_5388,12218.110935723325
00bbac68_5389,12218.46454527599
00bbac68_5390,12218.46454527599
00bbac68_5391,12218.46454527599
00bbac68_5392,12218.46454527599
00bbac68_5393,12218.46454527599
00bbac68_5394,12218.46454527599
00bbac68_5395,12218.46454527599
00bbac68_5396,12218.110935723325
00bbac68_5397,12218.110935723325
00bbac68_5398,12218.110935723325
00bbac68_5399,12218.110935723325
00bbac68_5400,12218.110935723325
00bbac68_5401,12218.110935723325
00bbac68_5402,12218.110935723325
00bbac68_5403,12218.46454527599
00bbac68_5404,12218.46454527599
00bbac68_5405,12218.46454527599
00bbac68_5406,12218.46454527599
00bbac68_5407,12218.46454527599
00bbac68_5408,12218.46454527599
00bbac68_5409,12218.46454527599
00bbac68_5410,12218.46454527599
00bbac68_5411,12218.46454527599
00bbac68_5412,12218.46454527599
00bbac68_5413,12219.05820151352
00bbac68_5414,12219.05820151352
00bbac68_5415,12219.05820151352
00bbac68_5416,12219.05820151352
00bbac68_5417,12219.05820151352
00bbac68_5418,12219.05820151352
00bbac68_5419,12219.05820151352
00bbac68_5420,12219.05820151352
00bbac68_5421,12219.05820151352
00bbac68_5422,12219.05820151352
00bbac68_5423,12219.05820151352
00bbac68_5424,12219.05820151352
00bbac68_5425,12219.05820151352
00bbac68_5426,12219.05820151352
00bbac68_5427,12219.05820151352
00bbac68_5428,12219.05820151352
00bbac68_5429,12219.05820151352
00bbac68_5430,12219.027169053985
00bbac68_5431,12219.05820151352
00bbac68_5432,12219.05820151352
00bbac68_5433,12219.05820151352
00bbac68_5434,12219.05820151352
00bbac68_5435,12219.05820151352
00bbac68_5436,12219.05820151352
00bbac68_5437,12218.887515374507
00bbac68_5438,12219.027169053985
00bbac68_5439,12219.05820151352
00bbac68_5440,12219.05820151352
00bbac68_5441,12219.05820151352
00bbac68_5442,12218.704591960855
00bbac68_5443,12216.752636986224
00bbac68_5444,12217.483841591878
00bbac68_5445,12218.533905821841
00bbac68_5446,12218.739625772989
00bbac68_5447,12218.739625772989
00bbac68_5448,12219.05820151352
00bbac68_5449,12219.05820151352
00bbac68_5450,12219.05820151352
00bbac68_5451,12219.05820151352
00bbac68_5452,12219.05820151352
00bbac68_5453,12219.05820151352
00bbac68_5454,12219.05820151352
00bbac68_5455,12219.05820151352
00bbac68_5456,12219.05820151352
00bbac68_5457,12219.05820151352
00bbac68_5458,12218.704591960855
00bbac68_5459,12218.704591960855
00bbac68_5460,12216.821880696338
00bbac68_5461,12217.188881681115
00bbac68_5462,12216.752636986224
00bbac68_5463,12216.752636986224
00bbac68_5464,12215.212115629152
00bbac68_5465,12217.168096695152
00bbac68_5466,12215.212115629152
00bbac68_5467,12212.095087160124
00bbac68_5468,12217.694118936053
00bbac68_5469,12217.694118936053
00bbac68_5470,12215.136962809209
00bbac68_5471,12212.095087160124
00bbac68_5472,12211.004919782315
00bbac68_5473,12211.943509727947
00bbac68_5474,12210.358982103562
00bbac68_5475,12208.312473299964
00bbac68_5476,12208.312473299964
00bbac68_5477,12209.370514412101
00bbac68_5478,12210.358982103562
00bbac68_5479,12214.36001771635
00bbac68_5480,12218.704591960855
00bbac68_5481,12218.363088182048
00bbac68_5482,12218.63431423559
00bbac68_5483,12218.63431423559
00bbac68_5484,12218.63431423559
00bbac68_5485,12218.987923788256
00bbac68_5486,12218.987923788256
00bbac68_5487,12218.817237649242
00bbac68_5488,12218.817237649242
00bbac68_5489,12218.817237649242
00bbac68_5490,12218.817237649242
00bbac68_5491,12218.987923788256
00bbac68_5492,12218.987923788256
00bbac68_5493,12218.987923788256
00bbac68_5494,12218.987923788256
00bbac68_5495,12218.987923788256
00bbac68_5496,12218.817237649242
00bbac68_5497,12218.734168567837
00bbac68_5498,12218.817237649242
00bbac68_5499,12218.95689132872
00bbac68_5500,12218.987923788256
00bbac68_5501,12218.987923788256
00bbac68_5502,12218.987923788256
00bbac68_5503,12218.987923788256
00bbac68_5504,12218.987923788256
00bbac68_5505,12218.987923788256
00bbac68_5506,12218.987923788256
00bbac68_5507,12218.987923788256
00bbac68_5508,12218.987923788256
00bbac68_5509,12218.987923788256
00bbac68_5510,12218.987923788256
00bbac68_5511,12218.987923788256
00bbac68_5512,12218.987923788256
00bbac68_5513,12218.987923788256
00bbac68_5514,12218.987923788256
00bbac68_5515,12218.987923788256
00bbac68_5516,12218.987923788256
00bbac68_5517,12218.987923788256
00bbac68_5518,12218.987923788256
00bbac68_5519,12218.987923788256
00bbac68_5520,12218.63431423559
00bbac68_5521,12217.625207130575
00bbac68_5522,12217.097818969887
00bbac68_5523,12217.148621665236
00bbac68_5524,12216.18129116585
00bbac68_5525,12215.066685083944
00bbac68_5526,12215.572438018637
00bbac68_5527,12215.066685083944
00bbac68_5528,12215.066685083944
00bbac68_5529,12215.066685083944
00bbac68_5530,12215.066685083944
00bbac68_5531,12213.168888292636
00bbac68_5532,12212.024809434859
00bbac68_5533,12215.066685083944
00bbac68_5534,12215.572438018637
00bbac68_5535,12215.572438018637
00bbac68_5536,12215.572438018637
00bbac68_5537,12215.066685083944
00bbac68_5538,12212.024809434859
00bbac68_5539,12211.873232002683
00bbac68_5540,12212.996604833768
00bbac68_5541,12209.136893170265
00bbac68_5542,12212.996604833768
00bbac68_5543,12209.136893170265
00bbac68_5544,12210.288704378298
00bbac68_5545,12210.288704378298
00bbac68_5546,12209.136893170265
00bbac68_5547,12209.136893170265
00bbac68_5548,12211.873232002683
00bbac68_5549,12215.066685083944
00bbac68_5550,12217.148621665236
00bbac68_5551,12217.11860395585
00bbac68_5552,12218.63431423559
00bbac68_5553,12218.63431423559
00bbac68_5554,12218.987923788256
00bbac68_5555,12218.987923788256
00bbac68_5556,12218.987923788256
00bbac68_5557,12218.987923788256
00bbac68_5558,12218.63431423559
00bbac68_5559,12218.63431423559
00bbac68_5560,12218.63431423559
00bbac68_5561,12216.751602971073
00bbac68_5562,12218.63431423559
00bbac68_5563,12218.63431423559
00bbac68_5564,12218.987923788256
00bbac68_5565,12218.817237649242
00bbac68_5566,12218.817237649242
00bbac68_5567,12218.987923788256
00bbac68_5568,12218.987923788256
00bbac68_5569,12218.987923788256
00bbac68_5570,12218.987923788256
00bbac68_5571,12218.987923788256
00bbac68_5572,12218.987923788256
00bbac68_5573,12218.987923788256
00bbac68_5574,12218.987923788256
00bbac68_5575,12218.987923788256
00bbac68_5576,12218.987923788256
00bbac68_5577,12218.987923788256
00bbac68_5578,12218.987923788256
00bbac68_5579,12218.979836844914
00bbac68_5580,12218.979836844914
00bbac68_5581,12218.979836844914
00bbac68_5582,12218.626227292249
00bbac68_5583,12218.626227292249
00bbac68_5584,12218.626227292249
00bbac68_5585,12218.626227292249
00bbac68_5586,12218.626227292249
00bbac68_5587,12217.617120187233
00bbac68_5588,12218.20616689666
00bbac68_5589,12217.617120187233
00bbac68_5590,12218.626227292249
00bbac68_5591,12218.626227292249
00bbac68_5592,12218.626227292249
00bbac68_5593,12218.626227292249
00bbac68_5594,12218.979836844914
00bbac68_5595,12218.979836844914
00bbac68_5596,12218.979836844914
00bbac68_5597,12218.979836844914
00bbac68_5598,12218.626227292249
00bbac68_5599,12218.626227292249
00bbac68_5600,12218.626227292249
00bbac68_5601,12216.470194318139
00bbac68_5602,12217.09798827632
00bbac68_5603,12218.626227292249
00bbac68_5604,12218.626227292249
00bbac68_5605,12218.626227292249
00bbac68_5606,12218.626227292249
00bbac68_5607,12218.979836844914
00bbac68_5608,12218.726081624494
00bbac68_5609,12218.979836844914
00bbac68_5610,12218.979836844914
00bbac68_5611,12218.979836844914
00bbac68_5612,12218.979836844914
00bbac68_5613,12218.979836844914
00bbac68_5614,12218.979836844914
00bbac68_5615,12218.215758836643
00bbac68_5616,12218.215758836643
00bbac68_5617,12218.215758836643
00bbac68_5618,12218.215758836643
00bbac68_5619,12218.215758836643
00bbac68_5620,12218.215758836643
00bbac68_5621,12218.215758836643
00bbac68_5622,12218.215758836643
00bbac68_5623,12218.215758836643
00bbac68_5624,12218.045072697629
00bbac68_5625,12218.045072697629
00bbac68_5626,12218.184726377107
00bbac68_5627,12218.045072697629
00bbac68_5628,12218.045072697629
00bbac68_5629,12218.045072697629
00bbac68_5630,12218.045072697629
00bbac68_5631,12218.396460596587
00bbac68_5632,12218.045072697629
00bbac68_5633,12218.142705376167
00bbac68_5634,12218.142705376167
00bbac68_5635,12218.142705376167
00bbac68_5636,12218.142705376167
00bbac68_5637,12218.225774457573
00bbac68_5638,12218.225774457573
00bbac68_5639,12218.142705376167
00bbac68_5640,12218.142705376167
00bbac68_5641,12218.142705376167
00bbac68_5642,12218.225774457573
00bbac68_5643,12218.396460596587
00bbac68_5644,12218.396460596587
00bbac68_5645,12218.396460596587
00bbac68_5646,12218.225774457573
00bbac68_5647,12217.44657245568
00bbac68_5648,12217.44657245568
00bbac68_5649,12217.94888421602
00bbac68_5650,12217.94888421602
00bbac68_5651,12217.979916675557
00bbac68_5652,12217.979916675557
00bbac68_5653,12217.94888421602
00bbac68_5654,12217.979916675557
00bbac68_5655,12217.979916675557
00bbac68_5656,12217.979916675557
00bbac68_5657,12217.979916675557
00bbac68_5658,12217.979916675557
00bbac68_5659,12217.979916675557
00bbac68_5660,12217.979916675557
00bbac68_5661,12217.626307122891
00bbac68_5662,12216.089811857188
00bbac68_5663,12212.380904847663
00bbac68_5664,12208.23260968965
00bbac68_5665,12206.65619099854
00bbac68_5666,12204.601573261667
00bbac68_5667,12204.601573261667
00bbac68_5668,12208.43548028124
00bbac68_5669,12206.648082065265
00bbac68_5670,12205.496270857233
00bbac68_5671,12208.833276263886
00bbac68_5672,12214.432308039815
00bbac68_5673,12216.63290587887
00bbac68_5674,12213.46897951727
00bbac68_5675,12214.984689797011
00bbac68_5676,12212.002294955753
00bbac68_5677,12212.348510954567
00bbac68_5678,12210.329181917841
00bbac68_5679,12212.348510954567
00bbac68_5680,12211.93305124564
00bbac68_5681,12213.885006220271
00bbac68_5682,12213.885006220271
00bbac68_5683,12214.238615772936
00bbac68_5684,12214.238615772936
00bbac68_5685,12214.238615772936
00bbac68_5686,12214.238615772936
00bbac68_5687,12213.984860552517
00bbac68_5688,12213.984860552517
00bbac68_5689,12214.16556231246
00bbac68_5690,12214.41931753288
00bbac68_5691,12214.16556231246
00bbac68_5692,12214.248631393866
00bbac68_5693,12214.16556231246
00bbac68_5694,12214.16556231246
00bbac68_5695,12214.16556231246
00bbac68_5696,12214.16556231246
00bbac68_5697,12214.16556231246
00bbac68_5698,12214.16556231246
00bbac68_5699,12214.16556231246
00bbac68_5700,12214.41931753288
00bbac68_5701,12214.16556231246
00bbac68_5702,12214.16556231246
00bbac68_5703,12214.16556231246
00bbac68_5704,12214.16556231246
00bbac68_5705,12214.16556231246
00bbac68_5706,12214.16556231246
00bbac68_5707,12214.16556231246
00bbac68_5708,12214.41931753288
00bbac68_5709,12214.41931753288
00bbac68_5710,12214.238615772936
00bbac68_5711,12214.067929633922
00bbac68_5712,12213.984860552517
00bbac68_5713,12214.41931753288
00bbac68_5714,12214.41931753288
00bbac68_5715,12214.41931753288
00bbac68_5716,12214.388285073344
00bbac68_5717,12214.238615772936
00bbac68_5718,12214.238615772936
00bbac68_5719,12214.034537773457
00bbac68_5720,12214.238615772936
00bbac68_5721,12214.034537773457
00bbac68_5722,12214.067929633922
00bbac68_5723,12214.067929633922
00bbac68_5724,12214.238615772936
00bbac68_5725,12214.238615772936
00bbac68_5726,12214.238615772936
00bbac68_5727,12214.238615772936
00bbac68_5728,12214.238615772936
00bbac68_5729,12214.238615772936
00bbac68_5730,12214.238615772936
00bbac68_5731,12214.238615772936
00bbac68_5732,12214.238615772936
00bbac68_5733,12214.238615772936
00bbac68_5734,12214.238615772936
00bbac68_5735,12214.238615772936
00bbac68_5736,12214.035945195674
00bbac68_5737,12214.035945195674
00bbac68_5738,12213.81322243479
00bbac68_5739,12214.06697765521
00bbac68_5740,12214.06697765521
00bbac68_5741,12214.06697765521
00bbac68_5742,12214.035945195674
00bbac68_5743,12213.896291516196
00bbac68_5744,12214.035945195674
00bbac68_5745,12213.81322243479
00bbac68_5746,12214.247679415153
00bbac68_5747,12213.993924194734
00bbac68_5748,12213.993924194734
00bbac68_5749,12213.993924194734
00bbac68_5750,12214.247679415153
00bbac68_5751,12213.993924194734
00bbac68_5752,12213.993924194734
00bbac68_5753,12213.993924194734
00bbac68_5754,12213.993924194734
00bbac68_5755,12213.993924194734
00bbac68_5756,12213.993924194734
00bbac68_5757,12214.247679415153
00bbac68_5758,12214.247679415153
00bbac68_5759,12214.247679415153
00bbac68_5760,12213.81322243479
00bbac68_5761,12213.81322243479
00bbac68_5762,12214.06697765521
00bbac68_5763,12214.06697765521
00bbac68_5764,12214.06697765521
00bbac68_5765,12214.49341033514
00bbac68_5766,12214.49341033514
00bbac68_5767,12214.322724196127
00bbac68_5768,12214.239655114721
00bbac68_5769,12214.239655114721
00bbac68_5770,12214.420356874665
00bbac68_5771,12214.50342595607
00bbac68_5772,12214.674112095085
00bbac68_5773,12214.49341033514
00bbac68_5774,12214.49341033514
00bbac68_5775,12214.49341033514
00bbac68_5776,12214.49341033514
00bbac68_5777,12214.322724196127
00bbac68_5778,12214.322724196127
00bbac68_5779,12214.49341033514
00bbac68_5780,12214.49341033514
00bbac68_5781,12214.49341033514
00bbac68_5782,12214.139800782476
00bbac68_5783,12210.583976480046
00bbac68_5784,12210.583976480046
00bbac68_5785,12210.583976480046
00bbac68_5786,12212.72957593113
00bbac68_5787,12210.583976480046
00bbac68_5788,12210.583976480046
00bbac68_5789,12207.249875260342
00bbac68_5790,12205.619642224081
00bbac68_5791,12205.619642224081
00bbac68_5792,12205.619642224081
00bbac68_5793,12203.894777326308
00bbac68_5794,12208.026820353201
00bbac68_5795,12210.583976480046
00bbac68_5796,12209.514106078694
00bbac68_5797,12212.187845807844
00bbac68_5798,12212.603305516772
00bbac68_5799,12212.603305516772
00bbac68_5800,12210.470582153846
00bbac68_5801,12208.532573287894
00bbac68_5802,12208.026820353201
00bbac68_5803,12205.963876250675
00bbac68_5804,12208.026820353201
00bbac68_5805,12209.141426435108
00bbac68_5806,12210.583976480046
00bbac68_5807,12210.583976480046
00bbac68_5808,12210.583976480046
00bbac68_5809,12214.139800782476
00bbac68_5810,12214.139800782476
00bbac68_5811,12214.49341033514
00bbac68_5812,12214.49341033514
00bbac68_5813,12214.49341033514
00bbac68_5814,12214.49341033514
00bbac68_5815,12214.49341033514
00bbac68_5816,12214.49341033514
00bbac68_5817,12214.322724196127
00bbac68_5818,12214.322724196127
00bbac68_5819,12214.49341033514
00bbac68_5820,12214.322724196127
00bbac68_5821,12214.322724196127
00bbac68_5822,12214.462377875605
00bbac68_5823,12214.322724196127
00bbac68_5824,12214.322724196127
00bbac68_5825,12214.322724196127
00bbac68_5826,12214.49341033514
00bbac68_5827,12214.49341033514
00bbac68_5828,12214.235936795407
00bbac68_5829,12214.235936795407
00bbac68_5830,12214.235936795407
00bbac68_5831,12214.235936795407
00bbac68_5832,12214.235936795407
00bbac68_5833,12214.065250656393
00bbac68_5834,12214.162883334931
00bbac68_5835,12214.162883334931
00bbac68_5836,12214.245952416337
00bbac68_5837,12214.235936795407
00bbac68_5838,12214.235936795407
00bbac68_5839,12214.235936795407
00bbac68_5840,12214.065250656393
00bbac68_5841,12214.065250656393
00bbac68_5842,12214.065250656393
00bbac68_5843,12214.065250656393
00bbac68_5844,12214.204904335871
00bbac68_5845,12214.065250656393
00bbac68_5846,12214.065250656393
00bbac68_5847,12214.065250656393
00bbac68_5848,12214.235936795407
00bbac68_5849,12214.235936795407
00bbac68_5850,12214.235936795407
00bbac68_5851,12214.235936795407
00bbac68_5852,12214.204904335871
00bbac68_5853,12214.235936795407
00bbac68_5854,12211.853418553039
00bbac68_5855,12211.853418553039
00bbac68_5856,12211.853418553039
00bbac68_5857,12211.853418553039
00bbac68_5858,12211.853418553039
00bbac68_5859,12211.853418553039
00bbac68_5860,12211.853418553039
00bbac68_5861,12211.822386093503
00bbac68_5862,12211.853418553039
00bbac68_5863,12211.853418553039
00bbac68_5864,12211.853418553039
00bbac68_5865,12211.822386093503
00bbac68_5866,12211.682732414025
00bbac68_5867,12211.822386093503
00bbac68_5868,12211.853418553039
00bbac68_5869,12211.853418553039
00bbac68_5870,12211.853418553039
00bbac68_5871,12211.853418553039
00bbac68_5872,12211.853418553039
00bbac68_5873,12211.853418553039
00bbac68_5874,12211.853418553039
00bbac68_5875,12211.853418553039
00bbac68_5876,12211.853418553039
00bbac68_5877,12211.682732414025
00bbac68_5878,12211.853418553039
00bbac68_5879,12211.853418553039
00bbac68_5880,12211.59966333262
00bbac68_5881,12211.863434173969
00bbac68_5882,12212.034120312983
00bbac68_5883,12211.853418553039
00bbac68_5884,12211.822386093503
00bbac68_5885,12211.59966333262
00bbac68_5886,12211.853418553039
00bbac68_5887,12211.59966333262
00bbac68_5888,12211.780365092563
00bbac68_5889,12212.034120312983
00bbac68_5890,12211.863434173969
00bbac68_5891,12211.556571672898
00bbac68_5892,12211.333848912014
00bbac68_5893,12211.333848912014
00bbac68_5894,12211.556571672898
00bbac68_5895,12211.40690237249
00bbac68_5896,12211.333848912014
00bbac68_5897,12211.236216233476
00bbac68_5898,12211.40690237249
00bbac68_5899,12211.40690237249
00bbac68_5900,12211.40690237249
00bbac68_5901,12211.40690237249
00bbac68_5902,12211.40690237249
00bbac68_5903,12211.40690237249
00bbac68_5904,12211.40690237249
00bbac68_5905,12211.40690237249
00bbac68_5906,12211.40690237249
00bbac68_5907,12211.40690237249
00bbac68_5908,12211.40690237249
00bbac68_5909,12211.40690237249
00bbac68_5910,12211.40690237249
00bbac68_5911,12210.873558152613
00bbac68_5912,12210.519948599947
00bbac68_5913,12210.519948599947
00bbac68_5914,12210.873558152613
00bbac68_5915,12211.40690237249
00bbac68_5916,12211.053292819824
00bbac68_5917,12211.053292819824
00bbac68_5918,12211.053292819824
00bbac68_5919,12209.101337845193
00bbac68_5920,12209.51679755412
00bbac68_5921,12209.51679755412
00bbac68_5922,12209.51679755412
00bbac68_5923,12209.51679755412
00bbac68_5924,12209.51679755412
00bbac68_5925,12207.44255240262
00bbac68_5926,12207.555946728819
00bbac68_5927,12207.555946728819
00bbac68_5928,12202.986423538165
00bbac68_5929,12207.555946728819
00bbac68_5930,12207.555946728819
00bbac68_5931,12207.555946728819
00bbac68_5932,12207.148525548993
00bbac68_5933,12209.109376374296
00bbac68_5934,12209.636764534984
00bbac68_5935,12210.64587164
00bbac68_5936,12210.64587164
00bbac68_5937,12210.64587164
00bbac68_5938,12210.64587164
00bbac68_5939,12210.64587164
00bbac68_5940,12210.64587164
00bbac68_5941,12210.999481192664
00bbac68_5942,12210.64587164
00bbac68_5943,12210.64587164
00bbac68_5944,12210.64587164
00bbac68_5945,12210.999481192664
00bbac68_5946,12210.999481192664
00bbac68_5947,12210.999481192664
00bbac68_5948,12210.999481192664
00bbac68_5949,12210.999481192664
00bbac68_5950,12210.999481192664
00bbac68_5951,12210.64587164
00bbac68_5952,12210.64587164
00bbac68_5953,12209.130161360259
00bbac68_5954,12209.109376374296
00bbac68_5955,12209.636764534984
00bbac68_5956,12210.64587164
00bbac68_5957,12210.64587164
00bbac68_5958,12210.64587164
00bbac68_5959,12210.999481192664
00bbac68_5960,12210.64587164
00bbac68_5961,12210.64587164
00bbac68_5962,12210.64587164
00bbac68_5963,12210.999481192664
00bbac68_5964,12210.999481192664
00bbac68_5965,12210.999481192664
00bbac68_5966,12210.999481192664
00bbac68_5967,12210.999481192664
00bbac68_5968,12210.745725972245
00bbac68_5969,12210.968448733129
00bbac68_5970,12210.999481192664
00bbac68_5971,12210.82879505365
00bbac68_5972,12210.999481192664
00bbac68_5973,12210.999481192664
00bbac68_5974,12205.564964232053
00bbac68_5975,12205.564964232053
00bbac68_5976,12205.564964232053
00bbac68_5977,12205.564964232053
00bbac68_5978,12205.564964232053
00bbac68_5979,12205.564964232053
00bbac68_5980,12205.211354679388
00bbac68_5981,12205.211354679388
00bbac68_5982,12203.68311566346
00bbac68_5983,12205.211354679388
00bbac68_5984,12205.211354679388
00bbac68_5985,12205.564964232053
00bbac68_5986,12205.564964232053
00bbac68_5987,12205.564964232053
00bbac68_5988,12205.564964232053
00bbac68_5989,12205.564964232053
00bbac68_5990,12205.564964232053
00bbac68_5991,12205.564964232053
00bbac68_5992,12205.564964232053
00bbac68_5993,12205.564964232053
00bbac68_5994,12205.564964232053
00bbac68_5995,12205.564964232053
00bbac68_5996,12205.564964232053
00bbac68_5997,12205.564964232053
00bbac68_5998,12205.211354679388
00bbac68_5999,12205.211354679388
00bbac68_6000,12205.211354679388
00bbac68_6001,12203.695644399648
00bbac68_6002,12203.695644399648
00bbac68_6003,12203.68311566346
00bbac68_6004,12204.202247574372
00bbac68_6005,12204.202247574372
00bbac68_6006,12203.32864341487
00bbac68_6007,12205.211354679388
00bbac68_6008,12203.68311566346
00bbac68_6009,12203.259399704757
00bbac68_6010,12203.674859413684
00bbac68_6011,12200.64413818703
00bbac68_6012,12203.674859413684
00bbac68_6013,12204.7912942838
00bbac68_6014,12205.211354679388
00bbac68_6015,12205.211354679388
00bbac68_6016,12205.211354679388
00bbac68_6017,12205.211354679388
00bbac68_6018,12205.211354679388
00bbac68_6019,12205.211354679388
00bbac68_6020,12205.211354679388
00bbac68_6021,12205.211354679388
00bbac68_6022,12205.564964232053
00bbac68_6023,12205.564964232053
00bbac68_6024,12205.564964232053
00bbac68_6025,12205.564964232053
00bbac68_6026,12205.564964232053
00bbac68_6027,12205.211354679388
00bbac68_6028,12205.211354679388
00bbac68_6029,12205.564964232053
00bbac68_6030,12205.564964232053
00bbac68_6031,12205.564964232053
00bbac68_6032,12205.564964232053
00bbac68_6033,12205.564964232053
00bbac68_6034,12205.564964232053
00bbac68_6035,12205.564964232053
00bbac68_6036,12205.564964232053
00bbac68_6037,12205.564964232053
00bbac68_6038,12205.564964232053
00bbac68_6039,12205.211354679388
00bbac68_6040,12205.211354679388
00bbac68_6041,12205.211354679388
00bbac68_6042,12203.32864341487
00bbac68_6043,12203.259399704757
00bbac68_6044,12201.777356559109
00bbac68_6045,12202.425037252091
00bbac68_6046,12203.674859413684
00bbac68_6047,12203.32864341487
00bbac68_6048,12205.211354679388
00bbac68_6049,12205.211354679388
00bbac68_6050,12205.564964232053
00bbac68_6051,12205.211354679388
00bbac68_6052,12203.695644399648
00bbac68_6053,12203.674859413684
00bbac68_6054,12203.695644399648
00bbac68_6055,12203.259399704757
00bbac68_6056,12203.32864341487
00bbac68_6057,12205.211354679388
00bbac68_6058,12205.211354679388
00bbac68_6059,12205.564964232053
00bbac68_6060,12205.564964232053
00bbac68_6061,12205.564964232053
00bbac68_6062,12205.564964232053
00bbac68_6063,12205.564964232053
00bbac68_6064,12205.564964232053
00bbac68_6065,12205.564964232053
00bbac68_6066,12205.564964232053
00bbac68_6067,12205.564964232053
00bbac68_6068,12205.564964232053
00bbac68_6069,12205.564964232053
00bbac68_6070,12205.564964232053
00bbac68_6071,12205.564964232053
00bbac68_6072,12205.564964232053
00bbac68_6073,12205.564964232053
00bbac68_6074,12205.564964232053
00bbac68_6075,12205.564964232053
00bbac68_6076,12205.564964232053
00bbac68_6077,12205.564964232053
00bbac68_6078,12205.564964232053
00bbac68_6079,12205.564964232053
00bbac68_6080,12205.564964232053
00bbac68_6081,12205.564964232053
00bbac68_6082,12205.564964232053
00bbac68_6083,12205.564964232053
00bbac68_6084,12205.564964232053
00bbac68_6085,12205.564964232053
00bbac68_6086,12205.564964232053
00bbac68_6087,12205.533931772517
00bbac68_6088,12205.564964232053
00bbac68_6089,12205.564964232053
00bbac68_6090,12205.564964232053
00bbac68_6091,12205.564964232053
00bbac68_6092,12205.211354679388
00bbac68_6093,12205.211354679388
00bbac68_6094,12205.211354679388
00bbac68_6095,12205.211354679388
00bbac68_6096,12205.211354679388
00bbac68_6097,12205.564964232053
00bbac68_6098,12205.564964232053
00bbac68_6099,12205.564964232053
00bbac68_6100,12205.564964232053
00bbac68_6101,12205.564964232053
00bbac68_6102,12205.564964232053
00bbac68_6103,12205.211354679388
00bbac68_6104,12205.564964232053
00bbac68_6105,12205.564964232053
00bbac68_6106,12205.564964232053
00bbac68_6107,12205.564964232053
00bbac68_6108,12205.564964232053
00bbac68_6109,12205.211354679388
00bbac68_6110,12205.211354679388
00bbac68_6111,12204.202247574372
00bbac68_6112,12204.202247574372
00bbac68_6113,12203.68311566346
00bbac68_6114,12203.32864341487
00bbac68_6115,12205.211354679388
00bbac68_6116,12205.211354679388
00bbac68_6117,12205.211354679388
00bbac68_6118,12205.211354679388
00bbac68_6119,12205.211354679388
00bbac68_6120,12205.211354679388
00bbac68_6121,12205.211354679388
00bbac68_6122,12205.211354679388
00bbac68_6123,12205.564964232053
00bbac68_6124,12205.564964232053
00bbac68_6125,12205.564964232053
00bbac68_6126,12205.564964232053
00bbac68_6127,12205.564964232053
00bbac68_6128,12205.564964232053
00bbac68_6129,12205.564964232053
00bbac68_6130,12205.564964232053
00bbac68_6131,12205.564964232053
00bbac68_6132,12205.564964232053
00bbac68_6133,12205.564964232053
00bbac68_6134,12205.564964232053
00bbac68_6135,12205.564964232053
00bbac68_6136,12205.564964232053
00bbac68_6137,12205.564964232053
00bbac68_6138,12205.564964232053
00bbac68_6139,12205.564964232053
00bbac68_6140,12205.564964232053
00bbac68_6141,12205.564964232053
00bbac68_6142,12205.564964232053
00bbac68_6143,12205.564964232053
00bbac68_6144,12205.211354679388
00bbac68_6145,12205.211354679388
00bbac68_6146,12205.211354679388
00bbac68_6147,12204.7912942838
00bbac68_6148,12204.7912942838
00bbac68_6149,12204.7912942838
00bbac68_6150,12204.7912942838
00bbac68_6151,12203.32864341487
00bbac68_6152,12205.211354679388
00bbac68_6153,12205.211354679388
00bbac68_6154,12204.202247574372
00bbac68_6155,12204.202247574372
00bbac68_6156,12203.674859413684
00bbac68_6157,12203.674859413684
00bbac68_6158,12203.674859413684
00bbac68_6159,12203.259399704757
00bbac68_6160,12203.674859413684
00bbac68_6161,12203.674859413684
00bbac68_6162,12201.777356559109
00bbac68_6163,12203.674859413684
00bbac68_6164,12203.259399704757
00bbac68_6165,12203.259399704757
00bbac68_6166,12200.64413818703
00bbac68_6167,12200.64413818703
00bbac68_6168,12201.37462107613
00bbac68_6169,12201.777356559109
00bbac68_6170,12201.37462107613
00bbac68_6171,12201.488015402329
00bbac68_6172,12198.579285777623
00bbac68_6173,12196.142255458548
00bbac68_6174,12191.826318505337
00bbac68_6175,12192.978129713369
00bbac68_6176,12194.01978468672
00bbac68_6177,12194.01978468672
00bbac68_6178,12203.668903354495
00bbac68_6179,12203.674859413684
00bbac68_6180,12201.37462107613
00bbac68_6181,12201.37462107613
00bbac68_6182,12201.37462107613
00bbac68_6183,12196.520777663663
00bbac68_6184,12201.488015402329
00bbac68_6185,12205.211354679388
00bbac68_6186,12205.211354679388
00bbac68_6187,12205.211354679388
00bbac68_6188,12205.211354679388
00bbac68_6189,12205.211354679388
00bbac68_6190,12205.211354679388
00bbac68_6191,12203.32864341487
00bbac68_6192,12204.202247574372
00bbac68_6193,12204.202247574372
00bbac68_6194,12205.211354679388
00bbac68_6195,12205.211354679388
00bbac68_6196,12205.564964232053
00bbac68_6197,12205.564964232053
00bbac68_6198,12205.564964232053
00bbac68_6199,12205.564964232053
00bbac68_6200,12205.564964232053
00bbac68_6201,12205.564964232053
00bbac68_6202,12205.564964232053
00bbac68_6203,12203.54775479813
00bbac68_6204,12191.826318505337
00bbac68_6205,12198.073532842931
00bbac68_6206,12201.488015402329
00bbac68_6207,12201.777356559109
00bbac68_6208,12205.211354679388
00bbac68_6209,12205.211354679388
00bbac68_6210,12205.564964232053
00bbac68_6211,12205.564964232053
00bbac68_6212,12205.211354679388
00bbac68_6213,12205.211354679388
00bbac68_6214,12205.211354679388
00bbac68_6215,12205.211354679388
00bbac68_6216,12203.695644399648
00bbac68_6217,12204.7912942838
00bbac68_6218,12203.259399704757
00bbac68_6219,12201.777356559109
00bbac68_6220,12201.488015402329
00bbac68_6221,12203.259399704757
00bbac68_6222,12204.202247574372
00bbac68_6223,12205.211354679388
00bbac68_6224,12205.211354679388
00bbac68_6225,12205.211354679388
00bbac68_6226,12205.211354679388
00bbac68_6227,12205.211354679388
00bbac68_6228,12205.211354679388
00bbac68_6229,12205.211354679388
00bbac68_6230,12205.211354679388
00bbac68_6231,12205.211354679388
00bbac68_6232,12205.211354679388
00bbac68_6233,12205.211354679388
00bbac68_6234,12205.393884486373
00bbac68_6235,12205.393884486373
00bbac68_6236,12205.393884486373
00bbac68_6237,12204.384777381358
00bbac68_6238,12203.441929511742
00bbac68_6239,12203.85738922067
00bbac68_6240,12198.761815584608
00bbac68_6241,12198.761815584608
00bbac68_6242,12201.557150883114
00bbac68_6243,12203.85738922067
00bbac68_6244,12201.959886366094
00bbac68_6245,12201.959886366094
00bbac68_6246,12200.826667994015
00bbac68_6247,12201.557150883114
00bbac68_6248,12203.85738922067
00bbac68_6249,12203.441929511742
00bbac68_6250,12204.384777381358
00bbac68_6251,12204.860540266496
00bbac68_6252,12203.511173221856
00bbac68_6253,12201.670545209314
00bbac68_6254,12201.670545209314
00bbac68_6255,12201.670545209314
00bbac68_6256,12201.557150883114
00bbac68_6257,12201.670545209314
00bbac68_6258,12200.826667994015
00bbac68_6259,12199.60170679159
00bbac68_6260,12200.734925163668
00bbac68_6261,12200.734925163668
00bbac68_6262,12200.734925163668
00bbac68_6263,12201.780793723294
00bbac68_6264,12201.780793723294
00bbac68_6265,12201.801578709257
00bbac68_6266,12201.801578709257
00bbac68_6267,12202.308181883982
00bbac68_6268,12203.317288988997
00bbac68_6269,12203.317288988997
00bbac68_6270,12203.317288988997
00bbac68_6271,12203.317288988997
00bbac68_6272,12203.317288988997
00bbac68_6273,12203.317288988997
00bbac68_6274,12203.317288988997
00bbac68_6275,12201.365334014366
00bbac68_6276,12200.332189680688
00bbac68_6277,12200.445584006888
00bbac68_6278,12195.478346268223
00bbac68_6279,12197.536854382182
00bbac68_6280,12197.536854382182
00bbac68_6281,12197.536854382182
00bbac68_6282,12197.03110144749
00bbac68_6283,12192.64807894312
00bbac68_6284,12197.03110144749
00bbac68_6285,12197.536854382182
00bbac68_6286,12197.03110144749
00bbac68_6287,12197.03110144749
00bbac68_6288,12197.03110144749
00bbac68_6289,12195.957397266606
00bbac68_6290,12192.008848312322
00bbac68_6291,12195.478346268223
00bbac68_6292,12201.780793723294
00bbac68_6293,12202.308181883982
00bbac68_6294,12203.317288988997
00bbac68_6295,12203.317288988997
00bbac68_6296,12203.317288988997
00bbac68_6297,12203.317288988997
00bbac68_6298,12203.317288988997
00bbac68_6299,12203.670898541663
00bbac68_6300,12203.670898541663
00bbac68_6301,12203.317288988997
00bbac68_6302,12203.317288988997
00bbac68_6303,12201.365334014366
00bbac68_6304,12201.365334014366
00bbac68_6305,12201.780793723294
00bbac68_6306,12200.445584006888
00bbac68_6307,12202.15294119964
00bbac68_6308,12200.445584006888
00bbac68_6309,12200.332189680688
00bbac68_6310,12201.780793723294
00bbac68_6311,12202.897228593409
00bbac68_6312,12201.43457772448
00bbac68_6313,12202.308181883982
00bbac68_6314,12201.780793723294
00bbac68_6315,12201.156612670597
00bbac68_6316,12201.156612670597
00bbac68_6317,12200.332189680688
00bbac68_6318,12200.332189680688
00bbac68_6319,12200.734925163668
00bbac68_6320,12201.365334014366
00bbac68_6321,12201.365334014366
00bbac68_6322,12202.897228593409
00bbac68_6323,12202.308181883982
00bbac68_6324,12201.801578709257
00bbac68_6325,12201.780793723294
00bbac68_6326,12200.445584006888
00bbac68_6327,12197.03110144749
00bbac68_6328,12194.120892516548
00bbac68_6329,12194.120892516548
00bbac68_6330,12194.62392331837
00bbac68_6331,12197.03110144749
00bbac68_6332,12195.478346268223
00bbac68_6333,12195.478346268223
00bbac68_6334,12202.15294119964
00bbac68_6335,12200.445584006888
00bbac68_6336,12200.332189680688
00bbac68_6337,12200.734925163668
00bbac68_6338,12201.43457772448
00bbac68_6339,12203.317288988997
00bbac68_6340,12203.317288988997
00bbac68_6341,12203.317288988997
00bbac68_6342,12203.305127194984
00bbac68_6343,12203.305127194984
00bbac68_6344,12201.353172220353
00bbac68_6345,12200.320027886675
00bbac68_6346,12202.140779405627
00bbac68_6347,12195.46618447421
00bbac68_6348,12200.433422212875
00bbac68_6349,12201.76863192928
00bbac68_6350,12201.422415930467
00bbac68_6351,12203.305127194984
00bbac68_6352,12203.305127194984
00bbac68_6353,12203.305127194984
00bbac68_6354,12203.305127194984
00bbac68_6355,12203.305127194984
00bbac68_6356,12203.305127194984
00bbac68_6357,12201.789416915244
00bbac68_6358,12200.433422212875
00bbac68_6359,12197.52469258817
00bbac68_6360,12197.018939653477
00bbac68_6361,12194.108730722535
00bbac68_6362,12194.108730722535
00bbac68_6363,12197.018939653477
00bbac68_6364,12200.433422212875
00bbac68_6365,12201.76863192928
00bbac68_6366,12202.885066799396
00bbac68_6367,12203.305127194984
00bbac68_6368,12203.305127194984
00bbac68_6369,12203.305127194984
00bbac68_6370,12203.305127194984
00bbac68_6371,12203.305127194984
00bbac68_6372,12203.305127194984
00bbac68_6373,12203.305127194984
00bbac68_6374,12203.40498152723
00bbac68_6375,12203.257091925712
00bbac68_6376,12203.65873674765
00bbac68_6377,12203.65873674765
00bbac68_6378,12203.510847146132
00bbac68_6379,12203.510847146132
00bbac68_6380,12201.353172220353
00bbac68_6381,12200.433422212875
00bbac68_6382,12200.433422212875
00bbac68_6383,12200.433422212875
00bbac68_6384,12202.140779405627
00bbac68_6385,12197.52469258817
00bbac68_6386,12195.46618447421
00bbac68_6387,12197.52469258817
00bbac68_6388,12197.52469258817
00bbac68_6389,12200.320027886675
00bbac68_6390,12201.789416915244
00bbac68_6391,12201.353172220353
00bbac68_6392,12201.76863192928
00bbac68_6393,12200.320027886675
00bbac68_6394,12197.52469258817
00bbac68_6395,12197.52469258817
00bbac68_6396,12197.52469258817
00bbac68_6397,12200.433422212875
00bbac68_6398,12203.305127194984
00bbac68_6399,12203.305127194984
00bbac68_6400,12203.305127194984
00bbac68_6401,12203.305127194984
00bbac68_6402,12203.305127194984
00bbac68_6403,12203.305127194984
00bbac68_6404,12201.76863192928
00bbac68_6405,12201.76863192928
00bbac68_6406,12201.76863192928
00bbac68_6407,12200.433422212875
00bbac68_6408,12195.46618447421
00bbac68_6409,12197.52469258817
00bbac68_6410,12197.52469258817
00bbac68_6411,12195.46618447421
00bbac68_6412,12200.433422212875
00bbac68_6413,12200.320027886675
00bbac68_6414,12201.76863192928
00bbac68_6415,12201.144450876584
00bbac68_6416,12200.433422212875
00bbac68_6417,12195.46618447421
00bbac68_6418,12203.12620513393
00bbac68_6419,12203.340161007118
00bbac68_6420,12203.488050608636
00bbac68_6421,12203.65873674765
00bbac68_6422,12203.65873674765
00bbac68_6423,12203.65873674765
00bbac68_6424,12203.65873674765
00bbac68_6425,12203.65873674765
00bbac68_6426,12203.65873674765
00bbac68_6427,12203.65873674765
00bbac68_6428,12203.305127194984
00bbac68_6429,12203.305127194984
00bbac68_6430,12203.305127194984
00bbac68_6431,12203.305127194984
00bbac68_6432,12203.305127194984
00bbac68_6433,12203.305127194984
00bbac68_6434,12203.305127194984
00bbac68_6435,12203.305127194984
00bbac68_6436,12203.305127194984
00bbac68_6437,12203.305127194984
00bbac68_6438,12203.305127194984
00bbac68_6439,12203.305127194984
00bbac68_6440,12203.65873674765
00bbac68_6441,12203.65873674765
00bbac68_6442,12203.65873674765
00bbac68_6443,12203.65873674765
00bbac68_6444,12203.65873674765
00bbac68_6445,12203.65873674765
00bbac68_6446,12203.65873674765
00bbac68_6447,12203.65873674765
00bbac68_6448,12203.305127194984
00bbac68_6449,12203.305127194984
00bbac68_6450,12203.65873674765
00bbac68_6451,12203.65873674765
00bbac68_6452,12203.65873674765
00bbac68_6453,12203.305127194984
00bbac68_6454,12203.627704288114
00bbac68_6455,12203.305127194984
00bbac68_6456,12203.305127194984
00bbac68_6457,12203.65873674765
00bbac68_6458,12203.65873674765
00bbac68_6459,12203.305127194984
00bbac68_6460,12203.305127194984
00bbac68_6461,12203.305127194984
00bbac68_6462,12203.305127194984
00bbac68_6463,12202.442520109871
00bbac68_6464,12202.088047861282
00bbac68_6465,12202.442520109871
00bbac68_6466,12202.961652020784
00bbac68_6467,12202.961652020784
00bbac68_6468,12203.9707591258
00bbac68_6469,12203.9707591258
00bbac68_6470,12203.9707591258
00bbac68_6471,12203.784395910081
00bbac68_6472,12203.784395910081
00bbac68_6473,12203.784395910081
00bbac68_6474,12203.784395910081
00bbac68_6475,12203.784395910081
00bbac68_6476,12203.784395910081
00bbac68_6477,12203.784395910081
00bbac68_6478,12204.138005462746
00bbac68_6479,12203.784395910081
00bbac68_6480,12203.784395910081
00bbac68_6481,12203.784395910081
00bbac68_6482,12203.784395910081
00bbac68_6483,12203.784395910081
00bbac68_6484,12201.901684645563
00bbac68_6485,12202.256156894153
00bbac68_6486,12203.784395910081
00bbac68_6487,12203.784395910081
00bbac68_6488,12203.784395910081
00bbac68_6489,12204.138005462746
00bbac68_6490,12204.138005462746
00bbac68_6491,12203.784395910081
00bbac68_6492,12203.784395910081
00bbac68_6493,12203.784395910081
00bbac68_6494,12203.784395910081
00bbac68_6495,12201.901684645563
00bbac68_6496,12202.26868563034
00bbac68_6497,12202.26868563034
00bbac68_6498,12202.775288805065
00bbac68_6499,12203.784395910081
00bbac68_6500,12203.784395910081
00bbac68_6501,12204.138005462746
00bbac68_6502,12204.138005462746
00bbac68_6503,12203.784395910081
00bbac68_6504,12203.784395910081
00bbac68_6505,12203.784395910081
00bbac68_6506,12203.784395910081
00bbac68_6507,12203.784395910081
00bbac68_6508,12203.784395910081
00bbac68_6509,12202.256156894153
00bbac68_6510,12202.775288805065
00bbac68_6511,12202.616303885077
00bbac68_6512,12202.616303885077
00bbac68_6513,12203.711953769229
00bbac68_6514,12202.180059190187
00bbac68_6515,12201.549650339488
00bbac68_6516,12202.595518899114
00bbac68_6517,12202.595518899114
00bbac68_6518,12202.595518899114
00bbac68_6519,12203.122907059802
00bbac68_6520,12202.2493029003
00bbac68_6521,12203.122907059802
00bbac68_6522,12202.2493029003
00bbac68_6523,12204.132014164818
00bbac68_6524,12202.60377514889
00bbac68_6525,12202.180059190187
00bbac68_6526,12201.146914856508
00bbac68_6527,12201.146914856508
00bbac68_6528,12201.146914856508
00bbac68_6529,12200.41643196741
00bbac68_6530,12202.180059190187
00bbac68_6531,12204.132014164818
00bbac68_6532,12204.132014164818
00bbac68_6533,12202.616303885077
00bbac68_6534,12202.616303885077
00bbac68_6535,12203.122907059802
00bbac68_6536,12202.2493029003
00bbac68_6537,12202.2493029003
00bbac68_6538,12204.132014164818
00bbac68_6539,12204.132014164818
00bbac68_6540,12202.60377514889
00bbac68_6541,12202.595518899114
00bbac68_6542,12202.595518899114
00bbac68_6543,12202.595518899114
00bbac68_6544,12202.595518899114
00bbac68_6545,12202.180059190187
00bbac68_6546,12202.616303885077
00bbac68_6547,12202.616303885077
00bbac68_6548,12202.595518899114
00bbac68_6549,12201.971337846417
00bbac68_6550,12202.595518899114
00bbac68_6551,12202.616303885077
00bbac68_6552,12204.132014164818
00bbac68_6553,12204.132014164818
00bbac68_6554,12204.132014164818
00bbac68_6555,12204.132014164818
00bbac68_6556,12204.132014164818
00bbac68_6557,12204.132014164818
00bbac68_6558,12204.132014164818
00bbac68_6559,12204.485623717483
00bbac68_6560,12204.485623717483
00bbac68_6561,12204.485623717483
00bbac68_6562,12204.132014164818
00bbac68_6563,12202.180059190187
00bbac68_6564,12201.146914856508
00bbac68_6565,12197.076169614238
00bbac68_6566,12192.187394175176
00bbac68_6567,12196.570416679546
00bbac68_6568,12197.076169614238
00bbac68_6569,12197.076169614238
00bbac68_6570,12196.293071444043
00bbac68_6571,12201.260309182708
00bbac68_6572,12202.595518899114
00bbac68_6573,12202.2493029003
00bbac68_6574,12204.132014164818
00bbac68_6575,12204.485623717483
00bbac68_6576,12204.485623717483
00bbac68_6577,12204.485623717483
00bbac68_6578,12204.485623717483
00bbac68_6579,12204.132014164818
00bbac68_6580,12204.132014164818
00bbac68_6581,12202.616303885077
00bbac68_6582,12202.595518899114
00bbac68_6583,12201.971337846417
00bbac68_6584,12201.260309182708
00bbac68_6585,12201.260309182708
00bbac68_6586,12201.549650339488
00bbac68_6587,12202.595518899114
00bbac68_6588,12202.2493029003
00bbac68_6589,12204.132014164818
00bbac68_6590,12204.132014164818
00bbac68_6591,12204.485623717483
00bbac68_6592,12204.485623717483
00bbac68_6593,12204.132014164818
00bbac68_6594,12204.132014164818
00bbac68_6595,12204.132014164818
00bbac68_6596,12202.2493029003
00bbac68_6597,12202.595518899114
00bbac68_6598,12201.146914856508
00bbac68_6599,12201.549650339488
00bbac68_6600,12201.549650339488
00bbac68_6601,12202.616303885077
00bbac68_6602,12204.132014164818
00bbac68_6603,12204.132014164818
00bbac68_6604,12204.132014164818
00bbac68_6605,12204.132014164818
00bbac68_6606,12204.132014164818
00bbac68_6607,12204.132014164818
00bbac68_6608,12203.122907059802
00bbac68_6609,12202.2493029003
00bbac68_6610,12204.132014164818
00bbac68_6611,12204.132014164818
00bbac68_6612,12204.132014164818
00bbac68_6613,12204.132014164818
00bbac68_6614,12204.132014164818
00bbac68_6615,12204.132014164818
00bbac68_6616,12204.132014164818
00bbac68_6617,12204.132014164818
00bbac68_6618,12204.485623717483
00bbac68_6619,12204.485623717483
00bbac68_6620,12204.485623717483
00bbac68_6621,12204.485623717483
00bbac68_6622,12204.485623717483
00bbac68_6623,12204.132014164818
00bbac68_6624,12204.132014164818
00bbac68_6625,12204.132014164818
00bbac68_6626,12204.132014164818
00bbac68_6627,12204.132014164818
00bbac68_6628,12204.132014164818
00bbac68_6629,12204.132014164818
00bbac68_6630,12204.485623717483
00bbac68_6631,12204.485623717483
00bbac68_6632,12204.485623717483
00bbac68_6633,12204.485623717483
00bbac68_6634,12204.485623717483
00bbac68_6635,12204.485623717483
00bbac68_6636,12204.485623717483
00bbac68_6637,12204.454591257947
00bbac68_6638,12204.485623717483
00bbac68_6639,12204.485623717483
00bbac68_6640,12204.485623717483
00bbac68_6641,12204.485623717483
00bbac68_6642,12204.485623717483
00bbac68_6643,12204.485623717483
00bbac68_6644,12204.485623717483
00bbac68_6645,12204.314937578469
00bbac68_6646,12204.485623717483
00bbac68_6647,12204.485623717483
00bbac68_6648,12204.314937578469
00bbac68_6649,12204.485623717483
00bbac68_6650,12204.485623717483
00bbac68_6651,12204.485623717483
00bbac68_6652,12204.485623717483
00bbac68_6653,12204.132014164818
00bbac68_6654,12204.132014164818
00bbac68_6655,12204.132014164818
00bbac68_6656,12204.485623717483
00bbac68_6657,12204.485623717483
00bbac68_6658,12204.485623717483
00bbac68_6659,12204.454591257947
00bbac68_6660,12204.485623717483
00bbac68_6661,12204.485623717483
00bbac68_6662,12204.485623717483
00bbac68_6663,12204.485623717483
00bbac68_6664,12204.485623717483
00bbac68_6665,12204.231868497063
00bbac68_6666,12204.314937578469
00bbac68_6667,12204.485623717483
00bbac68_6668,12204.485623717483
00bbac68_6669,12204.485623717483
00bbac68_6670,12205.039267509736
00bbac68_6671,12205.039267509736
00bbac68_6672,12205.039267509736
00bbac68_6673,12204.868581370722
00bbac68_6674,12205.039267509736
00bbac68_6675,12205.039267509736
00bbac68_6676,12205.039267509736
00bbac68_6677,12205.039267509736
00bbac68_6678,12205.039267509736
00bbac68_6679,12205.039267509736
00bbac68_6680,12205.039267509736
00bbac68_6681,12205.039267509736
00bbac68_6682,12205.0082350502
00bbac68_6683,12205.039267509736
00bbac68_6684,12205.039267509736
00bbac68_6685,12205.039267509736
00bbac68_6686,12205.039267509736
00bbac68_6687,12204.68565795707
00bbac68_6688,12204.68565795707
00bbac68_6689,12204.68565795707
00bbac68_6690,12204.782291446669
00bbac68_6691,12204.193244737242
00bbac68_6692,12204.782291446669
00bbac68_6693,12203.31964057774
00bbac68_6694,12205.202351842257
00bbac68_6695,12205.202351842257
00bbac68_6696,12205.202351842257
00bbac68_6697,12205.202351842257
00bbac68_6698,12205.202351842257
00bbac68_6699,12205.555961394923
00bbac68_6700,12205.555961394923
00bbac68_6701,12205.555961394923
00bbac68_6702,12205.555961394923
00bbac68_6703,12205.555961394923
00bbac68_6704,12205.555961394923
00bbac68_6705,12205.555961394923
00bbac68_6706,12205.555961394923
00bbac68_6707,12205.555961394923
00bbac68_6708,12205.555961394923
00bbac68_6709,12205.555961394923
00bbac68_6710,12205.555961394923
00bbac68_6711,12205.555961394923
00bbac68_6712,12205.555961394923
00bbac68_6713,12205.555961394923
00bbac68_6714,12205.555961394923
00bbac68_6715,12205.385275255909
00bbac68_6716,12205.524928935387
00bbac68_6717,12205.555961394923
00bbac68_6718,12205.555961394923
00bbac68_6719,12205.555961394923
00bbac68_6720,12205.555961394923
00bbac68_6721,12205.202351842257
00bbac68_6722,12205.555961394923
00bbac68_6723,12205.555961394923
00bbac68_6724,12205.555961394923
00bbac68_6725,12205.555961394923
00bbac68_6726,12205.555961394923
00bbac68_6727,12205.555961394923
00bbac68_6728,12205.858069257345
00bbac68_6729,12205.858069257345
00bbac68_6730,12205.858069257345
00bbac68_6731,12205.858069257345
00bbac68_6732,12205.858069257345
00bbac68_6733,12205.858069257345
00bbac68_6734,12205.858069257345
00bbac68_6735,12205.858069257345
00bbac68_6736,12205.858069257345
00bbac68_6737,12205.858069257345
00bbac68_6738,12205.858069257345
00bbac68_6739,12205.858069257345
00bbac68_6740,12205.858069257345
00bbac68_6741,12205.858069257345
00bbac68_6742,12205.687383118331
00bbac68_6743,12205.604314036926
00bbac68_6744,12205.858069257345
00bbac68_6745,12205.858069257345
00bbac68_6746,12205.858069257345
00bbac68_6747,12205.687383118331
00bbac68_6748,12205.687383118331
00bbac68_6749,12205.687383118331
00bbac68_6750,12205.604314036926
00bbac68_6751,12205.868084878275
00bbac68_6752,12205.858069257345
00bbac68_6753,12205.687383118331
00bbac68_6754,12205.78501579687
00bbac68_6755,12205.78501579687
00bbac68_6756,12205.78501579687
00bbac68_6757,12205.868084878275
00bbac68_6758,12205.868084878275
00bbac68_6759,12205.868084878275
00bbac68_6760,12205.78501579687
00bbac68_6761,12205.858069257345
00bbac68_6762,12205.858069257345
00bbac68_6763,12205.858069257345
00bbac68_6764,12205.858069257345
00bbac68_6765,12205.82703679781
00bbac68_6766,12205.858069257345
00bbac68_6767,12205.858069257345
00bbac68_6768,12205.858069257345
00bbac68_6769,12205.687383118331
00bbac68_6770,12205.82703679781
00bbac68_6771,12205.858069257345
00bbac68_6772,12205.858069257345
00bbac68_6773,12205.858069257345
00bbac68_6774,12205.858069257345
00bbac68_6775,12205.858069257345
00bbac68_6776,12205.858069257345
00bbac68_6777,12205.858069257345
00bbac68_6778,12205.858069257345
00bbac68_6779,12205.858069257345
00bbac68_6780,12205.858069257345
00bbac68_6781,12205.858069257345
00bbac68_6782,12205.858069257345
00bbac68_6783,12205.858069257345
00bbac68_6784,12205.858069257345
00bbac68_6785,12205.858069257345
00bbac68_6786,12205.858069257345
00bbac68_6787,12205.858069257345
00bbac68_6788,12205.858069257345
00bbac68_6789,12205.50445970468
00bbac68_6790,12205.50445970468
00bbac68_6791,12205.50445970468
00bbac68_6792,12205.50445970468
00bbac68_6793,12205.50445970468
00bbac68_6794,12205.858069257345
00bbac68_6795,12205.858069257345
00bbac68_6796,12205.858069257345
00bbac68_6797,12205.858069257345
00bbac68_6798,12205.858069257345
00bbac68_6799,12205.858069257345
00bbac68_6800,12205.858069257345
00bbac68_6801,12205.858069257345
00bbac68_6802,12205.50445970468
00bbac68_6803,12205.858069257345
00bbac68_6804,12205.858069257345
00bbac68_6805,12205.50445970468
00bbac68_6806,12205.858069257345
00bbac68_6807,12205.858069257345
00bbac68_6808,12205.858069257345
00bbac68_6809,12205.858069257345
00bbac68_6810,12205.858069257345
00bbac68_6811,12205.858069257345
00bbac68_6812,12205.858069257345
00bbac68_6813,12205.858069257345
00bbac68_6814,12205.858069257345
00bbac68_6815,12205.858069257345
00bbac68_6816,12205.858069257345
00bbac68_6817,12205.858069257345
00bbac68_6818,12205.858069257345
00bbac68_6819,12205.858069257345
00bbac68_6820,12205.858069257345
00bbac68_6821,12205.858069257345
00bbac68_6822,12205.858069257345
00bbac68_6823,12205.50445970468
00bbac68_6824,12205.858069257345
00bbac68_6825,12205.50445970468
00bbac68_6826,12205.50445970468
00bbac68_6827,12205.50445970468
00bbac68_6828,12205.50445970468
00bbac68_6829,12203.967964438976
00bbac68_6830,12203.967964438976
00bbac68_6831,12202.225805480104
00bbac68_6832,12201.336448071765
00bbac68_6833,12203.967964438976
00bbac68_6834,12203.98874942494
00bbac68_6835,12203.976220688752
00bbac68_6836,12205.50445970468
00bbac68_6837,12205.50445970468
00bbac68_6838,12205.50445970468
00bbac68_6839,12203.621748440162
00bbac68_6840,12203.98874942494
00bbac68_6841,12202.266453584682
00bbac68_6842,12197.624690398234
00bbac68_6843,12196.510084316327
00bbac68_6844,12201.449842397964
00bbac68_6845,12201.449842397964
00bbac68_6846,12201.092587108025
00bbac68_6847,12203.621748440162
00bbac68_6848,12205.50445970468
00bbac68_6849,12205.858069257345
00bbac68_6850,12205.858069257345
00bbac68_6851,12205.858069257345
00bbac68_6852,12205.858069257345
00bbac68_6853,12205.858069257345
00bbac68_6854,12205.858069257345
00bbac68_6855,12205.604314036926
00bbac68_6856,12205.604314036926
00bbac68_6857,12205.858069257345
00bbac68_6858,12205.858069257345
00bbac68_6859,12205.858069257345
00bbac68_6860,12205.858069257345
00bbac68_6861,12205.858069257345
00bbac68_6862,12205.858069257345
00bbac68_6863,12205.858069257345
00bbac68_6864,12205.858069257345
00bbac68_6865,12205.858069257345
00bbac68_6866,12205.858069257345
00bbac68_6867,12205.858069257345
00bbac68_6868,12206.150719402385
00bbac68_6869,12206.150719402385
00bbac68_6870,12206.150719402385
00bbac68_6871,12206.150719402385
00bbac68_6872,12206.150719402385
00bbac68_6873,12208.393114583636
00bbac68_6874,12208.393114583636
00bbac68_6875,12208.393114583636
00bbac68_6876,12208.393114583636
00bbac68_6877,12208.393114583636
00bbac68_6878,12208.393114583636
00bbac68_6879,12208.393114583636
00bbac68_6880,12208.393114583636
00bbac68_6881,12208.393114583636
00bbac68_6882,12208.393114583636
00bbac68_6883,12208.393114583636
00bbac68_6884,12208.393114583636
00bbac68_6885,12208.393114583636
00bbac68_6886,12208.393114583636
00bbac68_6887,12208.393114583636
00bbac68_6888,12208.393114583636
00bbac68_6889,12208.393114583636
00bbac68_6890,12208.393114583636
00bbac68_6891,12208.393114583636
00bbac68_6892,12208.393114583636
00bbac68_6893,12208.393114583636
00bbac68_6894,12208.393114583636
00bbac68_6895,12208.03950503097
00bbac68_6896,12208.03950503097
00bbac68_6897,12208.03950503097
00bbac68_6898,12208.03950503097
00bbac68_6899,12208.03950503097
00bbac68_6900,12208.03950503097
00bbac68_6901,12208.03950503097
00bbac68_6902,12208.03950503097
00bbac68_6903,12208.03950503097
00bbac68_6904,12206.52379475123
00bbac68_6905,12206.503009765267
00bbac68_6906,12206.503009765267
00bbac68_6907,12206.08755005634
00bbac68_6908,12206.156793766453
00bbac68_6909,12208.03950503097
00bbac68_6910,12208.393114583636
00bbac68_6911,12208.393114583636
00bbac68_6912,12208.393114583636
00bbac68_6913,12208.393114583636
00bbac68_6914,12208.03950503097
00bbac68_6915,12208.03950503097
00bbac68_6916,12208.03950503097
00bbac68_6917,12208.393114583636
00bbac68_6918,12208.393114583636
00bbac68_6919,12208.393114583636
00bbac68_6920,12208.393114583636
00bbac68_6921,12208.03950503097
00bbac68_6922,12207.030397925955
00bbac68_6923,12206.156793766453
00bbac68_6924,12208.03950503097
00bbac68_6925,12208.03950503097
00bbac68_6926,12208.03950503097
00bbac68_6927,12208.393114583636
00bbac68_6928,12208.393114583636
00bbac68_6929,12208.393114583636
00bbac68_6930,12208.393114583636
00bbac68_6931,12208.393114583636
00bbac68_6932,12208.393114583636
00bbac68_6933,12208.03950503097
00bbac68_6934,12208.073720736082
00bbac68_6935,12208.073720736082
00bbac68_6936,12208.073720736082
00bbac68_6937,12208.073720736082
00bbac68_6938,12208.073720736082
00bbac68_6939,12208.073720736082
00bbac68_6940,12206.537225470378
00bbac68_6941,12204.795066511506
00bbac68_6942,12206.537225470378
00bbac68_6943,12206.537225470378
00bbac68_6944,12206.537225470378
00bbac68_6945,12207.064613631066
00bbac68_6946,12208.073720736082
00bbac68_6947,12208.073720736082
00bbac68_6948,12208.427330288747
00bbac68_6949,12208.427330288747
00bbac68_6950,12208.427330288747
00bbac68_6951,12208.427330288747
00bbac68_6952,12208.073720736082
00bbac68_6953,12208.073720736082
00bbac68_6954,12206.12176576145
00bbac68_6955,12205.57198763905
00bbac68_6956,12205.68538196525
00bbac68_6957,12205.68538196525
00bbac68_6958,12206.537225470378
00bbac68_6959,12207.064613631066
00bbac68_6960,12208.073720736082
00bbac68_6961,12208.073720736082
00bbac68_6962,12208.073720736082
00bbac68_6963,12208.073720736082
00bbac68_6964,12208.073720736082
00bbac68_6965,12208.073720736082
00bbac68_6966,12208.073720736082
00bbac68_6967,12208.427330288747
00bbac68_6968,12208.427330288747
00bbac68_6969,12208.427330288747
00bbac68_6970,12208.427330288747
00bbac68_6971,12208.427330288747
00bbac68_6972,12208.427330288747
00bbac68_6973,12208.073720736082
00bbac68_6974,12208.427330288747
00bbac68_6975,12208.427330288747
00bbac68_6976,12208.073720736082
00bbac68_6977,12208.427330288747
00bbac68_6978,12208.427330288747
00bbac68_6979,12208.427330288747
00bbac68_6980,12208.427330288747
00bbac68_6981,12208.427330288747
00bbac68_6982,12208.427330288747
00bbac68_6983,12208.427330288747
00bbac68_6984,12208.427330288747
00bbac68_6985,12208.427330288747
00bbac68_6986,12208.427330288747
00bbac68_6987,12208.427330288747
00bbac68_6988,12208.396297829211
00bbac68_6989,12208.256644149733
00bbac68_6990,12208.396297829211
00bbac68_6991,12208.396297829211
00bbac68_6992,12208.173575068327
00bbac68_6993,12208.309526773137
00bbac68_6994,12208.392595854542
00bbac68_6995,12208.396297829211
00bbac68_6996,12208.563281993556
00bbac68_6997,12208.427330288747
00bbac68_6998,12208.256644149733
00bbac68_6999,12208.173575068327
00bbac68_7000,12208.392595854542
00bbac68_7001,12208.256644149733
00bbac68_7002,12208.392595854542
00bbac68_7003,12208.392595854542
00bbac68_7004,12208.396297829211
00bbac68_7005,12208.256644149733
00bbac68_7006,12208.173575068327
00bbac68_7007,12208.309526773137
00bbac68_7008,12208.309526773137
00bbac68_7009,12208.309526773137
00bbac68_7010,12208.309526773137
00bbac68_7011,12208.563281993556
00bbac68_7012,12208.309526773137
00bbac68_7013,12208.392595854542
00bbac68_7014,12208.563281993556
00bbac68_7015,12208.392595854542
00bbac68_7016,12208.309526773137
00bbac68_7017,12208.427330288747
00bbac68_7018,12208.427330288747
00bbac68_7019,12208.427330288747
00bbac68_7020,12208.427330288747
00bbac68_7021,12208.427330288747
00bbac68_7022,12208.427330288747
00bbac68_7023,12208.427330288747
00bbac68_7024,12208.427330288747
00bbac68_7025,12208.427330288747
00bbac68_7026,12208.427330288747
00bbac68_7027,12208.427330288747
00bbac68_7028,12208.427330288747
00bbac68_7029,12208.427330288747
00bbac68_7030,12208.427330288747
00bbac68_7031,12208.073720736082
00bbac68_7032,12208.073720736082
00bbac68_7033,12208.073720736082
00bbac68_7034,12207.064613631066
00bbac68_7035,12207.653660340493
00bbac68_7036,12207.653660340493
00bbac68_7037,12208.073720736082
00bbac68_7038,12208.073720736082
00bbac68_7039,12208.173575068327
00bbac68_7040,12208.427330288747
00bbac68_7041,12208.427330288747
00bbac68_7042,12208.427330288747
00bbac68_7043,12208.279440687229
00bbac68_7044,12207.869642736603
00bbac68_7045,12208.427330288747
00bbac68_7046,12208.427330288747
00bbac68_7047,12208.427330288747
00bbac68_7048,12208.427330288747
00bbac68_7049,12208.427330288747
00bbac68_7050,12208.427330288747
00bbac68_7051,12208.427330288747
00bbac68_7052,12208.427330288747
00bbac68_7053,12208.427330288747
00bbac68_7054,12208.427330288747
00bbac68_7055,12208.427330288747
00bbac68_7056,12208.427330288747
00bbac68_7057,12208.427330288747
00bbac68_7058,12208.427330288747
00bbac68_7059,12208.427330288747
00bbac68_7060,12208.073720736082
00bbac68_7061,12208.073720736082
00bbac68_7062,12206.191009471564
00bbac68_7063,12207.064613631066
00bbac68_7064,12208.073720736082
00bbac68_7065,12208.073720736082
00bbac68_7066,12208.073720736082
00bbac68_7067,12208.427330288747
00bbac68_7068,12208.427330288747
00bbac68_7069,12208.427330288747
00bbac68_7070,12208.427330288747
00bbac68_7071,12208.427330288747
00bbac68_7072,12208.427330288747
00bbac68_7073,12208.427330288747
00bbac68_7074,12208.427330288747
00bbac68_7075,12208.073720736082
00bbac68_7076,12208.073720736082
00bbac68_7077,12208.073720736082
00bbac68_7078,12208.073720736082
00bbac68_7079,12207.064613631066
00bbac68_7080,12206.191009471564
00bbac68_7081,12206.545481720153
00bbac68_7082,12207.653660340493
00bbac68_7083,12206.191009471564
00bbac68_7084,12208.073720736082
00bbac68_7085,12208.073720736082
00bbac68_7086,12208.427330288747
00bbac68_7087,12208.427330288747
00bbac68_7088,12208.427330288747
00bbac68_7089,12208.427330288747
00bbac68_7090,12208.427330288747
00bbac68_7091,12208.427330288747
00bbac68_7092,12208.427330288747
00bbac68_7093,12208.427330288747
00bbac68_7094,12208.427330288747
00bbac68_7095,12208.256644149733
00bbac68_7096,12208.256644149733
00bbac68_7097,12208.427330288747
00bbac68_7098,12208.427330288747
00bbac68_7099,12208.427330288747
00bbac68_7100,12208.427330288747
00bbac68_7101,12208.427330288747
00bbac68_7102,12208.427330288747
00bbac68_7103,12208.427330288747
00bbac68_7104,12208.427330288747
00bbac68_7105,12208.256644149733
00bbac68_7106,12208.46229670263
00bbac68_7107,12208.427330288747
00bbac68_7108,12208.256644149733
00bbac68_7109,12208.938268230228
00bbac68_7110,12208.938268230228
00bbac68_7111,12208.938268230228
00bbac68_7112,12208.938268230228
00bbac68_7113,12208.256644149733
00bbac68_7114,12208.427330288747
00bbac68_7115,12208.427330288747
00bbac68_7116,12208.427330288747
00bbac68_7117,12208.427330288747
00bbac68_7118,12208.46229670263
00bbac68_7119,12209.143920783124
00bbac68_7120,12209.108954369241
00bbac68_7121,12209.143920783124
00bbac68_7122,12208.938268230228
00bbac68_7123,12208.938268230228
00bbac68_7124,12208.938268230228
00bbac68_7125,12208.938268230228
00bbac68_7126,12208.427330288747
00bbac68_7127,12208.46229670263
00bbac68_7128,12208.75869203213
00bbac68_7129,12208.75869203213
00bbac68_7130,12208.929378171144
00bbac68_7131,12209.611002251639
00bbac68_7132,12208.929378171144
00bbac68_7133,12208.929378171144
00bbac68_7134,12208.929378171144
00bbac68_7135,12208.898345711608
00bbac68_7136,12208.898345711608
00bbac68_7137,12208.929378171144
00bbac68_7138,12208.964344585027
00bbac68_7139,12208.75869203213
00bbac68_7140,12208.75869203213
00bbac68_7141,12209.645968665522
00bbac68_7142,12209.440316112625
00bbac68_7143,12209.440316112625
00bbac68_7144,12209.440316112625
00bbac68_7145,12208.929378171144
00bbac68_7146,12208.929378171144
00bbac68_7147,12208.929378171144
00bbac68_7148,12208.929378171144
00bbac68_7149,12208.929378171144
00bbac68_7150,12208.964344585027
00bbac68_7151,12208.898345711608
00bbac68_7152,12208.929378171144
00bbac68_7153,12208.75869203213
00bbac68_7154,12208.75869203213
00bbac68_7155,12208.898345711608
00bbac68_7156,12208.75869203213
00bbac68_7157,12208.75869203213
00bbac68_7158,12208.929378171144
00bbac68_7159,12208.929378171144
00bbac68_7160,12208.929378171144
00bbac68_7161,12208.929378171144
00bbac68_7162,12208.575768618479
00bbac68_7163,12208.575768618479
00bbac68_7164,12206.693057353961
00bbac68_7165,12208.575768618479
00bbac68_7166,12208.575768618479
00bbac68_7167,12208.575768618479
00bbac68_7168,12208.575768618479
00bbac68_7169,12208.575768618479
00bbac68_7170,12208.575768618479
00bbac68_7171,12208.575768618479
00bbac68_7172,12208.575768618479
00bbac68_7173,12208.575768618479
00bbac68_7174,12208.575768618479
00bbac68_7175,12208.575768618479
00bbac68_7176,12206.693057353961
00bbac68_7177,12206.623813643848
00bbac68_7178,12205.297114393903
00bbac68_7179,12207.039273352775
00bbac68_7180,12207.039273352775
00bbac68_7181,12207.039273352775
00bbac68_7182,12206.074035521448
00bbac68_7183,12206.187429847647
00bbac68_7184,12201.753424700702
00bbac68_7185,12201.24767176601
00bbac68_7186,12200.173967585126
00bbac68_7187,12199.5525949842
00bbac68_7188,12195.605177370015
00bbac68_7189,12195.605177370015
00bbac68_7190,12195.605177370015
00bbac68_7191,12198.337462835068
00bbac68_7192,12198.337462835068
00bbac68_7193,12200.173967585126
00bbac68_7194,12198.337462835068
00bbac68_7195,12201.24767176601
00bbac68_7196,12198.337462835068
00bbac68_7197,12200.173967585126
00bbac68_7198,12200.173967585126
00bbac68_7199,12195.605177370015
00bbac68_7200,12196.765097511321
00bbac68_7201,12196.756988578047
00bbac68_7202,12195.605177370015
00bbac68_7203,12198.337462835068
00bbac68_7204,12200.173967585126
00bbac68_7205,12199.316394381627
00bbac68_7206,12196.86464926164
00bbac68_7207,12198.337462835068
00bbac68_7208,12201.24767176601
00bbac68_7209,12206.187429847647
00bbac68_7210,12205.830174557708
00bbac68_7211,12207.039273352775
00bbac68_7212,12206.623813643848
00bbac68_7213,12206.623813643848
00bbac68_7214,12207.039273352775
00bbac68_7215,12206.187429847647
00bbac68_7216,12200.970326530507
00bbac68_7217,12207.644921461924
00bbac68_7218,12206.187429847647
00bbac68_7219,12205.297114393903
00bbac68_7220,12207.039273352775
00bbac68_7221,12208.15570822289
00bbac68_7222,12206.693057353961
00bbac68_7223,12208.575768618479
00bbac68_7224,12208.575768618479
00bbac68_7225,12208.575768618479
00bbac68_7226,12208.929378171144
00bbac68_7227,12208.929378171144
00bbac68_7228,12208.929378171144
00bbac68_7229,12208.929378171144
00bbac68_7230,12208.929378171144
00bbac68_7231,12208.929378171144
00bbac68_7232,12208.929378171144
00bbac68_7233,12208.929378171144
00bbac68_7234,12208.929378171144
00bbac68_7235,12208.929378171144
00bbac68_7236,12208.929378171144
00bbac68_7237,12208.898345711608
00bbac68_7238,12208.929378171144
00bbac68_7239,12208.929378171144
00bbac68_7240,12208.929378171144
00bbac68_7241,12208.964344585027
00bbac68_7242,12208.964344585027
00bbac68_7243,12209.645968665522
00bbac68_7244,12209.611002251639
00bbac68_7245,12209.579969792103
00bbac68_7246,12209.611002251639
00bbac68_7247,12208.929378171144
00bbac68_7248,12208.929378171144
00bbac68_7249,12208.929378171144
00bbac68_7250,12208.929378171144
00bbac68_7251,12208.929378171144
00bbac68_7252,12208.929378171144
00bbac68_7253,12208.929378171144
00bbac68_7254,12208.964344585027
00bbac68_7255,12208.964344585027
00bbac68_7256,12208.964344585027
00bbac68_7257,12209.645968665522
00bbac68_7258,12209.611002251639
00bbac68_7259,12209.440316112625
00bbac68_7260,12209.611002251639
00bbac68_7261,12208.929378171144
00bbac68_7262,12208.75869203213
00bbac68_7263,12208.964344585027
00bbac68_7264,12208.75869203213
00bbac68_7265,12208.75869203213
00bbac68_7266,12209.645968665522
00bbac68_7267,12209.645968665522
00bbac68_7268,12209.645968665522
00bbac68_7269,12209.611002251639
00bbac68_7270,12209.611002251639
00bbac68_7271,12209.645968665522
00bbac68_7272,12209.645968665522
00bbac68_7273,12209.579969792103
00bbac68_7274,12209.440316112625
00bbac68_7275,12209.645968665522
00bbac68_7276,12209.645968665522
00bbac68_7277,12209.611002251639
00bbac68_7278,12209.579969792103
00bbac68_7279,12209.440316112625
00bbac68_7280,12208.964344585027
00bbac68_7281,12209.645968665522
00bbac68_7282,12209.645968665522
00bbac68_7283,12209.645968665522
00bbac68_7284,12209.645968665522
00bbac68_7285,12209.611002251639
00bbac68_7286,12209.645968665522
00bbac68_7287,12209.645968665522
00bbac68_7288,12209.440316112625
00bbac68_7289,12208.929378171144
00bbac68_7290,12208.929378171144
00bbac68_7291,12208.929378171144
00bbac68_7292,12208.964344585027
00bbac68_7293,12208.929378171144
00bbac68_7294,12208.929378171144
00bbac68_7295,12208.898345711608
00bbac68_7296,12209.645968665522
00bbac68_7297,12209.645968665522
00bbac68_7298,12209.440316112625
00bbac68_7299,12209.611002251639
00bbac68_7300,12208.929378171144
00bbac68_7301,12208.929378171144
00bbac68_7302,12208.929378171144
00bbac68_7303,12208.929378171144
00bbac68_7304,12208.75869203213
00bbac68_7305,12208.75869203213
00bbac68_7306,12208.929378171144
00bbac68_7307,12208.929378171144
00bbac68_7308,12208.929378171144
00bbac68_7309,12208.929378171144
00bbac68_7310,12208.929378171144
00bbac68_7311,12208.929378171144
00bbac68_7312,12208.929378171144
00bbac68_7313,12208.929378171144
00bbac68_7314,12208.929378171144
00bbac68_7315,12208.929378171144
00bbac68_7316,12208.964344585027
00bbac68_7317,12208.75869203213
00bbac68_7318,12208.75869203213
00bbac68_7319,12209.645968665522
00bbac68_7320,12209.645968665522
00bbac68_7321,12209.645968665522
00bbac68_7322,12209.611002251639
00bbac68_7323,12208.929378171144
00bbac68_7324,12208.929378171144
00bbac68_7325,12208.929378171144
00bbac68_7326,12208.929378171144
00bbac68_7327,12208.929378171144
00bbac68_7328,12208.75869203213
00bbac68_7329,12208.929378171144
00bbac68_7330,12208.964344585027
00bbac68_7331,12209.645968665522
00bbac68_7332,12209.645968665522
00bbac68_7333,12209.645968665522
00bbac68_7334,12209.611002251639
00bbac68_7335,12209.611002251639
00bbac68_7336,12208.929378171144
00bbac68_7337,12208.929378171144
00bbac68_7338,12208.929378171144
00bbac68_7339,12208.929378171144
00bbac68_7340,12208.929378171144
00bbac68_7341,12208.929378171144
00bbac68_7342,12208.929378171144
00bbac68_7343,12208.929378171144
00bbac68_7344,12208.575768618479
00bbac68_7345,12208.575768618479
00bbac68_7346,12208.575768618479
00bbac68_7347,12208.929378171144
00bbac68_7348,12208.929378171144
00bbac68_7349,12208.929378171144
00bbac68_7350,12208.75869203213
00bbac68_7351,12208.964344585027
00bbac68_7352,12208.929378171144
00bbac68_7353,12209.645968665522
00bbac68_7354,12209.440316112625
00bbac68_7355,12209.440316112625
00bbac68_7356,12209.645968665522
00bbac68_7357,12209.645968665522
00bbac68_7358,12209.611002251639
00bbac68_7359,12209.440316112625
00bbac68_7360,12209.440316112625
00bbac68_7361,12209.440316112625
00bbac68_7362,12208.75869203213
00bbac68_7363,12209.645968665522
00bbac68_7364,12209.645968665522
00bbac68_7365,12209.440316112625
00bbac68_7366,12209.579969792103
00bbac68_7367,12208.898345711608
00bbac68_7368,12208.929378171144
00bbac68_7369,12208.929378171144
00bbac68_7370,12208.929378171144
00bbac68_7371,12208.75869203213
00bbac68_7372,12208.964344585027
00bbac68_7373,12208.75869203213
00bbac68_7374,12208.898345711608
00bbac68_7375,12208.898345711608
00bbac68_7376,12208.929378171144
00bbac68_7377,12208.929378171144
00bbac68_7378,12208.929378171144
00bbac68_7379,12208.929378171144
00bbac68_7380,12208.929378171144
00bbac68_7381,12208.929378171144
00bbac68_7382,12208.964344585027
00bbac68_7383,12208.964344585027
00bbac68_7384,12208.964344585027
00bbac68_7385,12209.645968665522
00bbac68_7386,12209.440316112625
00bbac68_7387,12209.440316112625
00bbac68_7388,12209.440316112625
00bbac68_7389,12209.645968665522
00bbac68_7390,12209.645968665522
00bbac68_7391,12209.611002251639
00bbac68_7392,12209.611002251639
00bbac68_7393,12208.929378171144
00bbac68_7394,12208.75869203213
00bbac68_7395,12208.964344585027
00bbac68_7396,12208.964344585027
00bbac68_7397,12209.645968665522
00bbac68_7398,12209.645968665522
00bbac68_7399,12209.645968665522
00bbac68_7400,12209.645968665522
00bbac68_7401,12209.611002251639
00bbac68_7402,12209.579969792103
00bbac68_7403,12209.611002251639
00bbac68_7404,12209.287704398097
00bbac68_7405,12210.174981031489
00bbac68_7406,12210.174981031489
00bbac68_7407,12210.174981031489
00bbac68_7408,12210.174981031489
00bbac68_7409,12210.174981031489
00bbac68_7410,12210.140014617606
00bbac68_7411,12210.174981031489
00bbac68_7412,12210.174981031489
00bbac68_7413,12210.174981031489
00bbac68_7414,12210.174981031489
00bbac68_7415,12210.174981031489
00bbac68_7416,12210.174981031489
00bbac68_7417,12210.174981031489
00bbac68_7418,12210.174981031489
00bbac68_7419,12210.174981031489
00bbac68_7420,12210.174981031489
00bbac68_7421,12210.174981031489
00bbac68_7422,12210.140014617606
00bbac68_7423,12210.174981031489
00bbac68_7424,12210.174981031489
00bbac68_7425,12210.174981031489
00bbac68_7426,12210.174981031489
00bbac68_7427,12210.174981031489
00bbac68_7428,12210.174981031489
00bbac68_7429,12210.140014617606
00bbac68_7430,12209.969328478592
00bbac68_7431,12209.969328478592
00bbac68_7432,12210.174981031489
00bbac68_7433,12210.174981031489
00bbac68_7434,12210.174981031489
00bbac68_7435,12210.174981031489
00bbac68_7436,12210.174981031489
00bbac68_7437,12210.174981031489
00bbac68_7438,12210.174981031489
00bbac68_7439,12210.174981031489
00bbac68_7440,12210.174981031489
00bbac68_7441,12210.174981031489
00bbac68_7442,12210.174981031489
00bbac68_7443,12210.174981031489
00bbac68_7444,12210.174981031489
00bbac68_7445,12210.140014617606
00bbac68_7446,12210.174981031489
00bbac68_7447,12210.174981031489
00bbac68_7448,12209.969328478592
00bbac68_7449,12209.287704398097
00bbac68_7450,12210.140014617606
00bbac68_7451,12209.287704398097
00bbac68_7452,12209.493356950994
00bbac68_7453,12209.458390537111
00bbac68_7454,12209.287704398097
00bbac68_7455,12210.174981031489
00bbac68_7456,12210.174981031489
00bbac68_7457,12209.969328478592
00bbac68_7458,12210.140014617606
00bbac68_7459,12210.140014617606
00bbac68_7460,12209.310500935593
00bbac68_7461,12209.458390537111
00bbac68_7462,12209.458390537111
00bbac68_7463,12209.458390537111
00bbac68_7464,12209.458390537111
00bbac68_7465,12209.458390537111
00bbac68_7466,12209.458390537111
00bbac68_7467,12209.458390537111
00bbac68_7468,12209.458390537111
00bbac68_7469,12209.458390537111
00bbac68_7470,12209.458390537111
00bbac68_7471,12209.458390537111
00bbac68_7472,12209.458390537111
00bbac68_7473,12209.104780984446
00bbac68_7474,12209.104780984446
00bbac68_7475,12209.104780984446
00bbac68_7476,12209.104780984446
00bbac68_7477,12209.104780984446
00bbac68_7478,12209.104780984446
00bbac68_7479,12209.104780984446
00bbac68_7480,12209.104780984446
00bbac68_7481,12209.104780984446
00bbac68_7482,12209.458390537111
00bbac68_7483,12209.104780984446
00bbac68_7484,12209.104780984446
00bbac68_7485,12208.684720588857
00bbac68_7486,12207.568285718742
00bbac68_7487,12201.860024921429
00bbac68_7488,12198.859128528167
00bbac68_7489,12199.229119026917
00bbac68_7490,12195.864476502236
00bbac68_7491,12198.706563266003
00bbac68_7492,12197.1868949531
00bbac68_7493,12196.035083745068
00bbac68_7494,12196.035083745068
00bbac68_7495,12196.035083745068
00bbac68_7496,12197.195003886374
00bbac68_7497,12194.806435390099
00bbac68_7498,12195.864476502236
00bbac68_7499,12194.806435390099
00bbac68_7500,12194.806435390099
00bbac68_7501,12197.1868949531
00bbac68_7502,12199.74630075668
00bbac68_7503,12202.137370156932
00bbac68_7504,12202.643123091624
00bbac68_7505,12207.077128238569
00bbac68_7506,12207.077128238569
00bbac68_7507,12207.077128238569
00bbac68_7508,12207.077128238569
00bbac68_7509,12207.893739425286
00bbac68_7510,12202.643123091624
00bbac68_7511,12202.643123091624
00bbac68_7512,12199.730192027811
00bbac68_7513,12198.767369210122
00bbac68_7514,12202.137370156932
00bbac68_7515,12207.589070704706
00bbac68_7516,12207.589070704706
00bbac68_7517,12209.104780984446
00bbac68_7518,12209.458390537111
00bbac68_7519,12209.458390537111
00bbac68_7520,12209.458390537111
00bbac68_7521,12209.458390537111
00bbac68_7522,12209.458390537111
00bbac68_7523,12209.458390537111
00bbac68_7524,12209.104780984446
00bbac68_7525,12209.104780984446
00bbac68_7526,12209.104780984446
00bbac68_7527,12209.104780984446
00bbac68_7528,12209.458390537111
00bbac68_7529,12209.104780984446
00bbac68_7530,12209.104780984446
00bbac68_7531,12209.104780984446
00bbac68_7532,12209.104780984446
00bbac68_7533,12209.104780984446
00bbac68_7534,12209.458390537111
00bbac68_7535,12209.458390537111
00bbac68_7536,12209.458390537111
00bbac68_7537,12209.458390537111
00bbac68_7538,12209.458390537111
00bbac68_7539,12209.287704398097
00bbac68_7540,12209.493356950994
00bbac68_7541,12209.493356950994
00bbac68_7542,12209.458390537111
00bbac68_7543,12209.458390537111
00bbac68_7544,12209.458390537111
00bbac68_7545,12209.458390537111
00bbac68_7546,12209.458390537111
00bbac68_7547,12209.427358077575
00bbac68_7548,12209.223280078097
00bbac68_7549,12209.458390537111
00bbac68_7550,12209.458390537111
00bbac68_7551,12209.493356950994
00bbac68_7552,12209.493356950994
00bbac68_7553,12210.140014617606
00bbac68_7554,12210.174981031489
00bbac68_7555,12210.174981031489
00bbac68_7556,12210.174981031489
00bbac68_7557,12210.174981031489
00bbac68_7558,12210.174981031489
00e12e8b_2083,11606.568745391114
00e12e8b_2084,11606.568745391114
00e12e8b_2085,11606.568745391114
00e12e8b_2086,11606.568745391114
00e12e8b_2087,11606.568745391114
00e12e8b_2088,11606.568745391114
00e12e8b_2089,11606.568745391114
00e12e8b_2090,11606.568745391114
00e12e8b_2091,11606.568745391114
00e12e8b_2092,11606.568745391114
00e12e8b_2093,11606.568745391114
00e12e8b_2094,11606.568745391114
00e12e8b_2095,11606.568745391114
00e12e8b_2096,11606.568745391114
00e12e8b_2097,11606.568745391114
00e12e8b_2098,11606.568745391114
00e12e8b_2099,11606.568745391114
00e12e8b_2100,11606.568745391114
00e12e8b_2101,11606.568745391114
00e12e8b_2102,11606.568745391114
00e12e8b_2103,11606.568745391114
00e12e8b_2104,11606.568745391114
00e12e8b_2105,11606.568745391114
00e12e8b_2106,11606.568745391114
00e12e8b_2107,11606.568745391114
00e12e8b_2108,11606.568745391114
00e12e8b_2109,11606.568745391114
00e12e8b_2110,11606.916282914219
00e12e8b_2111,11605.798526745162
00e12e8b_2112,11603.26129864626
00e12e8b_2113,11602.01444276091
00e12e8b_2114,11601.425891139526
00e12e8b_2115,11600.684478121368
00e12e8b_2116,11600.684478121368
00e12e8b_2117,11600.35848357158
00e12e8b_2118,11600.35848357158
00e12e8b_2119,11600.684478121368
00e12e8b_2120,11601.425891139526
00e12e8b_2121,11602.01444276091
00e12e8b_2122,11603.042210749685
00e12e8b_2123,11603.743424470733
00e12e8b_2124,11603.995975270025
00e12e8b_2125,11604.252250616311
00e12e8b_2126,11605.798526745162
00e12e8b_2127,11605.798526745162
00e12e8b_2128,11605.798526745162
00e12e8b_2129,11605.798526745162
00e12e8b_2130,11605.798526745162
00e12e8b_2131,11603.995975270025
00e12e8b_2132,11603.701781567848
00e12e8b_2133,11602.50664761643
00e12e8b_2134,11603.26129864626
00e12e8b_2135,11603.26129864626
00e12e8b_2136,11603.743424470733
00e12e8b_2137,11604.252250616311
00e12e8b_2138,11605.798526745162
00e12e8b_2139,11605.798526745162
00e12e8b_2140,11605.798526745162
00e12e8b_2141,11605.913170281174
00e12e8b_2142,11605.913170281174
00e12e8b_2143,11606.369698974586
00e12e8b_2144,11606.671487940588
00e12e8b_2145,11606.916282914219
00e12e8b_2146,11606.797350221881
00e12e8b_2147,11606.797350221881
00e12e8b_2148,11606.568745391114
00e12e8b_2149,11606.568745391114
00e12e8b_2150,11606.568745391114
00e12e8b_2151,11606.568745391114
00e12e8b_2152,11606.568745391114
00e12e8b_2153,11606.568745391114
00e12e8b_2154,11606.568745391114
00e12e8b_2155,11606.568745391114
00e12e8b_2156,11606.568745391114
00e12e8b_2157,11606.568745391114
00e12e8b_2158,11606.568745391114
00e12e8b_2159,11606.568745391114
00e12e8b_2160,11606.568745391114
00e12e8b_2161,11606.568745391114
00e12e8b_2162,11606.568745391114
00e12e8b_2163,11606.568745391114
00e12e8b_2164,11606.568745391114
00e12e8b_2165,11606.568745391114
00e12e8b_2166,11606.568745391114
00e12e8b_2167,11606.568745391114
00e12e8b_2168,11606.568745391114
00e12e8b_2169,11606.568745391114
00e12e8b_2170,11606.568745391114
00e12e8b_2171,11606.568745391114
00e12e8b_2172,11606.568745391114
00e12e8b_2173,11606.568745391114
00e12e8b_2174,11606.568745391114
00e12e8b_2175,11606.568745391114
00e12e8b_2176,11606.568745391114
00e12e8b_2177,11606.568745391114
00e12e8b_2178,11606.568745391114
00e12e8b_2179,11606.568745391114
00e12e8b_2180,11606.568745391114
00e12e8b_2181,11606.568745391114
00e12e8b_2182,11606.568745391114
00e12e8b_2183,11606.568745391114
00e12e8b_2184,11606.568745391114
00e12e8b_2185,11606.568745391114
00e12e8b_2186,11606.568745391114
00e12e8b_2187,11606.568745391114
00e12e8b_2188,11606.568745391114
00e12e8b_2189,11606.568745391114
00e12e8b_2190,11606.568745391114
00e12e8b_2191,11606.568745391114
00e12e8b_2192,11606.568745391114
00e12e8b_2193,11606.568745391114
00e12e8b_2194,11606.568745391114
00e12e8b_2195,11606.59420984617
00e12e8b_2196,11606.59420984617
00e12e8b_2197,11606.59420984617
00e12e8b_2198,11606.59420984617
00e12e8b_2199,11606.59420984617
00e12e8b_2200,11606.59420984617
00e12e8b_2201,11606.59420984617
00e12e8b_2202,11606.59420984617
00e12e8b_2203,11606.59420984617
00e12e8b_2204,11606.59420984617
00e12e8b_2205,11606.59420984617
00e12e8b_2206,11606.59420984617
00e12e8b_2207,11606.59420984617
00e12e8b_2208,11606.59420984617
00e12e8b_2209,11606.59420984617
00e12e8b_2210,11606.59420984617
00e12e8b_2211,11606.59420984617
00e12e8b_2212,11606.59420984617
00e12e8b_2213,11606.59420984617
00e12e8b_2214,11606.59420984617
00e12e8b_2215,11606.59420984617
00e12e8b_2216,11606.59420984617
00e12e8b_2217,11606.59420984617
00e12e8b_2218,11606.59420984617
00e12e8b_2219,11606.59420984617
00e12e8b_2220,11606.59420984617
00e12e8b_2221,11606.59420984617
00e12e8b_2222,11606.59420984617
00e12e8b_2223,11606.59420984617
00e12e8b_2224,11606.59420984617
00e12e8b_2225,11606.59420984617
00e12e8b_2226,11606.59420984617
00e12e8b_2227,11606.59420984617
00e12e8b_2228,11606.59420984617
00e12e8b_2229,11606.59420984617
00e12e8b_2230,11606.822814676936
00e12e8b_2231,11606.941747369274
00e12e8b_2232,11606.696952395643
00e12e8b_2233,11606.39516342964
00e12e8b_2234,11605.823991200217
00e12e8b_2235,11605.823991200217
00e12e8b_2236,11605.823991200217
00e12e8b_2237,11605.823991200217
00e12e8b_2238,11605.823991200217
00e12e8b_2239,11605.938634736229
00e12e8b_2240,11606.39516342964
00e12e8b_2241,11606.696952395643
00e12e8b_2242,11606.696952395643
00e12e8b_2243,11606.822814676936
00e12e8b_2244,11606.822814676936
00e12e8b_2245,11606.59420984617
00e12e8b_2246,11606.59420984617
00e12e8b_2247,11606.59420984617
00e12e8b_2248,11606.59420984617
00e12e8b_2249,11606.59420984617
00e12e8b_2250,11606.59420984617
00e12e8b_2251,11606.59420984617
00e12e8b_2252,11606.59420984617
00e12e8b_2253,11606.59420984617
00e12e8b_2254,11606.59420984617
00e12e8b_2255,11606.59420984617
00e12e8b_2256,11606.59420984617
00e12e8b_2257,11606.59420984617
00e12e8b_2258,11606.59420984617
00e12e8b_2259,11606.59420984617
00e12e8b_2260,11606.59420984617
00e12e8b_2261,11606.59420984617
00e12e8b_2262,11606.59420984617
00e12e8b_2263,11606.59420984617
00e12e8b_2264,11606.59420984617
00e12e8b_2265,11606.59420984617
00e12e8b_2266,11606.59420984617
00e12e8b_2267,11606.59420984617
00e12e8b_2268,11606.59420984617
00e12e8b_2269,11606.59420984617
00e12e8b_2270,11606.59420984617
00e12e8b_2271,11606.59420984617
00e12e8b_2272,11606.59420984617
00e12e8b_2273,11606.52048715482
00e12e8b_2274,11606.52048715482
00e12e8b_2275,11606.52048715482
00e12e8b_2276,11606.52048715482
00e12e8b_2277,11606.52048715482
00e12e8b_2278,11606.52048715482
00e12e8b_2279,11606.52048715482
00e12e8b_2280,11606.52048715482
00e12e8b_2281,11606.52048715482
00e12e8b_2282,11606.52048715482
00e12e8b_2283,11606.52048715482
00e12e8b_2284,11606.52048715482
00e12e8b_2285,11606.52048715482
00e12e8b_2286,11606.52048715482
00e12e8b_2287,11606.52048715482
00e12e8b_2288,11606.52048715482
00e12e8b_2289,11606.52048715482
00e12e8b_2290,11606.52048715482
00e12e8b_2291,11606.52048715482
00e12e8b_2292,11606.52048715482
00e12e8b_2293,11606.52048715482
00e12e8b_2294,11606.52048715482
00e12e8b_2295,11606.52048715482
00e12e8b_2296,11606.52048715482
00e12e8b_2297,11606.52048715482
00e12e8b_2298,11606.52048715482
00e12e8b_2299,11606.52048715482
00e12e8b_2300,11606.52048715482
00e12e8b_2301,11606.52048715482
00e12e8b_2302,11606.52048715482
00e12e8b_2303,11606.52048715482
00e12e8b_2304,11606.52048715482
00e12e8b_2305,11606.651980405604
00e12e8b_2306,11606.651980405604
00e12e8b_2307,11606.651980405604
00e12e8b_2308,11606.651980405604
00e12e8b_2309,11606.651980405604
00e12e8b_2310,11606.651980405604
00e12e8b_2311,11606.651980405604
00e12e8b_2312,11606.651980405604
00e12e8b_2313,11606.651980405604
00e12e8b_2314,11606.651980405604
00e12e8b_2315,11606.651980405604
00e12e8b_2316,11606.651980405604
00e12e8b_2317,11606.651980405604
00e12e8b_2318,11606.651980405604
00e12e8b_2319,11606.651980405604
00e12e8b_2320,11606.651980405604
00e12e8b_2321,11606.651980405604
00e12e8b_2322,11606.651980405604
00e12e8b_2323,11606.651980405604
00e12e8b_2324,11607.328629986509
00e12e8b_2325,11607.328629986509
00e12e8b_2326,11607.328629986509
00e12e8b_2327,11607.328629986509
00e12e8b_2328,11607.328629986509
00e12e8b_2329,11607.328629986509
00e12e8b_2330,11607.328629986509
00e12e8b_2331,11607.328629986509
00e12e8b_2332,11607.328629986509
00e12e8b_2333,11607.328629986509
00e12e8b_2334,11607.328629986509
00e12e8b_2335,11607.328629986509
00e12e8b_2336,11607.328629986509
00e12e8b_2337,11607.328629986509
00e12e8b_2338,11607.328629986509
00e12e8b_2339,11607.328629986509
00e12e8b_2340,11607.328629986509
00e12e8b_2341,11607.328629986509
00e12e8b_2342,11607.328629986509
00e12e8b_2343,11607.328629986509
00e12e8b_2344,11607.328629986509
00e12e8b_2345,11607.328629986509
00e12e8b_2346,11607.328629986509
00e12e8b_2347,11607.328629986509
00e12e8b_2348,11607.328629986509
00e12e8b_2349,11607.328629986509
00e12e8b_2350,11607.328629986509
00e12e8b_2351,11607.328629986509
00e12e8b_2352,11607.328629986509
00e12e8b_2353,11607.328629986509
00e12e8b_2354,11607.328629986509
00e12e8b_2355,11607.328629986509
00e12e8b_2356,11607.328629986509
00e12e8b_2357,11607.328629986509
00e12e8b_2358,11607.328629986509
00e12e8b_2359,11607.328629986509
00e12e8b_2360,11607.328629986509
00e12e8b_2361,11607.328629986509
00e12e8b_2362,11607.328629986509
00e12e8b_2363,11607.328629986509
00e12e8b_2364,11607.328629986509
00e12e8b_2365,11607.328629986509
00e12e8b_2366,11607.328629986509
00e12e8b_2367,11607.328629986509
00e12e8b_2368,11607.328629986509
00e12e8b_2369,11607.328629986509
00e12e8b_2370,11607.328629986509
00e12e8b_2371,11607.328629986509
00e12e8b_2372,11607.328629986509
00e12e8b_2373,11607.328629986509
00e12e8b_2374,11607.328629986509
00e12e8b_2375,11607.328629986509
00e12e8b_2376,11607.328629986509
00e12e8b_2377,11607.328629986509
00e12e8b_2378,11607.328629986509
00e12e8b_2379,11607.328629986509
00e12e8b_2380,11607.328629986509
00e12e8b_2381,11607.328629986509
00e12e8b_2382,11607.328629986509
00e12e8b_2383,11607.328629986509
00e12e8b_2384,11607.328629986509
00e12e8b_2385,11607.328629986509
00e12e8b_2386,11607.328629986509
00e12e8b_2387,11607.328629986509
00e12e8b_2388,11607.328629986509
00e12e8b_2389,11607.328629986509
00e12e8b_2390,11607.328629986509
00e12e8b_2391,11607.328629986509
00e12e8b_2392,11607.328629986509
00e12e8b_2393,11607.328629986509
00e12e8b_2394,11607.328629986509
00e12e8b_2395,11607.328629986509
00e12e8b_2396,11607.328629986509
00e12e8b_2397,11607.328629986509
00e12e8b_2398,11607.328629986509
00e12e8b_2399,11607.328629986509
00e12e8b_2400,11607.328629986509
00e12e8b_2401,11607.328629986509
00e12e8b_2402,11607.328629986509
00e12e8b_2403,11607.328629986509
00e12e8b_2404,11607.328629986509
00e12e8b_2405,11607.328629986509
00e12e8b_2406,11607.328629986509
00e12e8b_2407,11607.328629986509
00e12e8b_2408,11607.328629986509
00e12e8b_2409,11607.328629986509
00e12e8b_2410,11607.328629986509
00e12e8b_2411,11607.328629986509
00e12e8b_2412,11607.328629986509
00e12e8b_2413,11607.328629986509
00e12e8b_2414,11607.328629986509
00e12e8b_2415,11607.328629986509
00e12e8b_2416,11607.328629986509
00e12e8b_2417,11607.328629986509
00e12e8b_2418,11607.328629986509
00e12e8b_2419,11607.328629986509
00e12e8b_2420,11607.328629986509
00e12e8b_2421,11607.328629986509
00e12e8b_2422,11607.328629986509
00e12e8b_2423,11607.328629986509
00e12e8b_2424,11607.328629986509
00e12e8b_2425,11607.328629986509
00e12e8b_2426,11607.328629986509
00e12e8b_2427,11607.328629986509
00e12e8b_2428,11607.328629986509
00e12e8b_2429,11607.328629986509
00e12e8b_2430,11607.328629986509
00e12e8b_2431,11607.328629986509
00e12e8b_2432,11607.328629986509
00e12e8b_2433,11607.328629986509
00e12e8b_2434,11607.328629986509
00e12e8b_2435,11607.328629986509
00e12e8b_2436,11607.328629986509
00e12e8b_2437,11607.328629986509
00e12e8b_2438,11607.328629986509
00e12e8b_2439,11607.328629986509
00e12e8b_2440,11607.328629986509
00e12e8b_2441,11607.328629986509
00e12e8b_2442,11607.328629986509
00e12e8b_2443,11607.328629986509
00e12e8b_2444,11607.328629986509
00e12e8b_2445,11607.328629986509
00e12e8b_2446,11607.328629986509
00e12e8b_2447,11607.328629986509
00e12e8b_2448,11607.328629986509
00e12e8b_2449,11607.328629986509
00e12e8b_2450,11607.328629986509
00e12e8b_2451,11607.328629986509
00e12e8b_2452,11607.328629986509
00e12e8b_2453,11607.328629986509
00e12e8b_2454,11607.328629986509
00e12e8b_2455,11607.328629986509
00e12e8b_2456,11607.328629986509
00e12e8b_2457,11607.328629986509
00e12e8b_2458,11607.328629986509
00e12e8b_2459,11607.328629986509
00e12e8b_2460,11607.328629986509
00e12e8b_2461,11607.328629986509
00e12e8b_2462,11607.328629986509
00e12e8b_2463,11607.328629986509
00e12e8b_2464,11607.328629986509
00e12e8b_2465,11607.328629986509
00e12e8b_2466,11607.328629986509
00e12e8b_2467,11607.328629986509
00e12e8b_2468,11607.328629986509
00e12e8b_2469,11607.328629986509
00e12e8b_2470,11607.328629986509
00e12e8b_2471,11607.328629986509
00e12e8b_2472,11607.328629986509
00e12e8b_2473,11607.328629986509
00e12e8b_2474,11607.328629986509
00e12e8b_2475,11607.328629986509
00e12e8b_2476,11607.328629986509
00e12e8b_2477,11607.328629986509
00e12e8b_2478,11607.328629986509
00e12e8b_2479,11607.328629986509
00e12e8b_2480,11607.328629986509
00e12e8b_2481,11607.328629986509
00e12e8b_2482,11607.328629986509
00e12e8b_2483,11607.328629986509
00e12e8b_2484,11607.429101924565
00e12e8b_2485,11607.429101924565
00e12e8b_2486,11607.429101924565
00e12e8b_2487,11607.429101924565
00e12e8b_2488,11607.429101924565
00e12e8b_2489,11607.429101924565
00e12e8b_2490,11607.429101924565
00e12e8b_2491,11607.429101924565
00e12e8b_2492,11607.429101924565
00e12e8b_2493,11607.429101924565
00e12e8b_2494,11607.429101924565
00e12e8b_2495,11607.429101924565
00e12e8b_2496,11607.429101924565
00e12e8b_2497,11607.429101924565
00e12e8b_2498,11607.429101924565
00e12e8b_2499,11607.429101924565
00e12e8b_2500,11607.429101924565
00e12e8b_2501,11607.429101924565
00e12e8b_2502,11607.429101924565
00e12e8b_2503,11607.429101924565
00e12e8b_2504,11607.429101924565
00e12e8b_2505,11607.429101924565
00e12e8b_2506,11607.429101924565
00e12e8b_2507,11607.429101924565
00e12e8b_2508,11607.657706755332
00e12e8b_2509,11607.77663944767
00e12e8b_2510,11607.531844474039
00e12e8b_2511,11607.230055508036
00e12e8b_2512,11607.531844474039
00e12e8b_2513,11607.230055508036
00e12e8b_2514,11607.531844474039
00e12e8b_2515,11607.531844474039
00e12e8b_2516,11607.531844474039
00e12e8b_2517,11607.230055508036
00e12e8b_2518,11607.230055508036
00e12e8b_2519,11606.773526814624
00e12e8b_2520,11606.773526814624
00e12e8b_2521,11607.230055508036
00e12e8b_2522,11607.230055508036
00e12e8b_2523,11607.531844474039
00e12e8b_2524,11607.77663944767
00e12e8b_2525,11607.77663944767
00e12e8b_2526,11607.531844474039
00e12e8b_2527,11607.230055508036
00e12e8b_2528,11607.230055508036
00e12e8b_2529,11607.230055508036
00e12e8b_2530,11607.230055508036
00e12e8b_2531,11607.531844474039
00e12e8b_2532,11607.531844474039
00e12e8b_2533,11607.77663944767
00e12e8b_2534,11607.77663944767
00e12e8b_2535,11607.77663944767
00e12e8b_2536,11607.657706755332
00e12e8b_2537,11607.429101924565
00e12e8b_2538,11607.429101924565
00e12e8b_2539,11607.429101924565
00e12e8b_2540,11607.429101924565
00e12e8b_2541,11607.657706755332
00e12e8b_2542,11607.657706755332
00e12e8b_2543,11607.429101924565
00e12e8b_2544,11607.429101924565
00e12e8b_2545,11607.429101924565
00e12e8b_2546,11607.429101924565
00e12e8b_2547,11607.429101924565
00e12e8b_2548,11607.429101924565
00e12e8b_2549,11607.429101924565
00e12e8b_2550,11607.429101924565
00e12e8b_2551,11607.429101924565
00e12e8b_2552,11607.429101924565
00e12e8b_2553,11607.429101924565
00e12e8b_2554,11607.429101924565
00e12e8b_2555,11607.429101924565
00e12e8b_2556,11607.429101924565
00e12e8b_2557,11607.429101924565
00e12e8b_2558,11607.429101924565
00e12e8b_2559,11607.429101924565
00e12e8b_2560,11607.429101924565
00e12e8b_2561,11607.429101924565
00e12e8b_2562,11607.429101924565
00e12e8b_2563,11607.429101924565
00e12e8b_2564,11607.429101924565
00e12e8b_2565,11607.429101924565
00e12e8b_2566,11607.429101924565
00e12e8b_2567,11607.429101924565
00e12e8b_2568,11607.429101924565
00e12e8b_2569,11607.429101924565
00e12e8b_2570,11607.429101924565
00e12e8b_2571,11607.429101924565
00e12e8b_2572,11607.429101924565
00e12e8b_2573,11607.429101924565
00e12e8b_2574,11607.429101924565
00e12e8b_2575,11607.429101924565
00e12e8b_2576,11607.429101924565
00e12e8b_2577,11607.429101924565
00e12e8b_2578,11607.429101924565
00e12e8b_2579,11607.429101924565
00e12e8b_2580,11607.429101924565
00e12e8b_2581,11607.429101924565
00e12e8b_2582,11607.429101924565
00e12e8b_2583,11607.429101924565
00e12e8b_2584,11607.429101924565
00e12e8b_2585,11607.429101924565
00e12e8b_2586,11607.429101924565
00e12e8b_2587,11607.429101924565
00e12e8b_2588,11607.429101924565
00e12e8b_2589,11607.429101924565
00e12e8b_2590,11607.429101924565
00e12e8b_2591,11607.429101924565
00e12e8b_2592,11607.429101924565
00e12e8b_2593,11607.429101924565
00e12e8b_2594,11607.429101924565
00e12e8b_2595,11607.429101924565
00e12e8b_2596,11607.429101924565
00e12e8b_2597,11607.429101924565
00e12e8b_2598,11607.429101924565
00e12e8b_2599,11607.429101924565
00e12e8b_2600,11607.429101924565
00e12e8b_2601,11607.429101924565
00e12e8b_2602,11607.429101924565
00e12e8b_2603,11607.429101924565
00e12e8b_2604,11607.429101924565
00e12e8b_2605,11607.429101924565
00e12e8b_2606,11607.429101924565
00e12e8b_2607,11607.429101924565
00e12e8b_2608,11607.429101924565
00e12e8b_2609,11607.429101924565
00e12e8b_2610,11607.429101924565
00e12e8b_2611,11607.429101924565
00e12e8b_2612,11607.429101924565
00e12e8b_2613,11607.429101924565
00e12e8b_2614,11607.429101924565
00e12e8b_2615,11607.429101924565
00e12e8b_2616,11607.429101924565
00e12e8b_2617,11607.429101924565
00e12e8b_2618,11607.429101924565
00e12e8b_2619,11607.429101924565
00e12e8b_2620,11607.429101924565
00e12e8b_2621,11607.429101924565
00e12e8b_2622,11607.429101924565
00e12e8b_2623,11607.429101924565
00e12e8b_2624,11607.429101924565
00e12e8b_2625,11607.429101924565
00e12e8b_2626,11607.429101924565
00e12e8b_2627,11607.429101924565
00e12e8b_2628,11607.429101924565
00e12e8b_2629,11607.429101924565
00e12e8b_2630,11607.429101924565
00e12e8b_2631,11607.429101924565
00e12e8b_2632,11607.429101924565
00e12e8b_2633,11607.429101924565
00e12e8b_2634,11607.429101924565
00e12e8b_2635,11607.429101924565
00e12e8b_2636,11607.429101924565
00e12e8b_2637,11607.429101924565
00e12e8b_2638,11607.429101924565
00e12e8b_2639,11607.429101924565
00e12e8b_2640,11607.657706755332
00e12e8b_2641,11607.657706755332
00e12e8b_2642,11607.657706755332
00e12e8b_2643,11607.77663944767
00e12e8b_2644,11607.77663944767
00e12e8b_2645,11607.657706755332
00e12e8b_2646,11607.77663944767
00e12e8b_2647,11607.77663944767
00e12e8b_2648,11607.531844474039
00e12e8b_2649,11607.531844474039
00e12e8b_2650,11607.230055508036
00e12e8b_2651,11606.773526814624
00e12e8b_2652,11606.773526814624
00e12e8b_2653,11607.230055508036
00e12e8b_2654,11607.230055508036
00e12e8b_2655,11607.230055508036
00e12e8b_2656,11607.230055508036
00e12e8b_2657,11607.230055508036
00e12e8b_2658,11606.773526814624
00e12e8b_2659,11606.773526814624
00e12e8b_2660,11607.230055508036
00e12e8b_2661,11607.230055508036
00e12e8b_2662,11606.773526814624
00e12e8b_2663,11606.773526814624
00e12e8b_2664,11607.230055508036
00e12e8b_2665,11607.531844474039
00e12e8b_2666,11607.531844474039
00e12e8b_2667,11607.77663944767
00e12e8b_2668,11607.657706755332
00e12e8b_2669,11607.393744801315
00e12e8b_2670,11607.622349632082
00e12e8b_2671,11607.622349632082
00e12e8b_2672,11607.393744801315
00e12e8b_2673,11607.393744801315
00e12e8b_2674,11607.393744801315
00e12e8b_2675,11607.393744801315
00e12e8b_2676,11607.393744801315
00e12e8b_2677,11607.393744801315
00e12e8b_2678,11607.393744801315
00e12e8b_2679,11607.393744801315
00e12e8b_2680,11607.393744801315
00e12e8b_2681,11607.314517184288
00e12e8b_2682,11607.314517184288
00e12e8b_2683,11607.314517184288
00e12e8b_2684,11607.314517184288
00e12e8b_2685,11607.314517184288
00e12e8b_2686,11607.314517184288
00e12e8b_2687,11607.314517184288
00e12e8b_2688,11607.314517184288
00e12e8b_2689,11607.314517184288
00e12e8b_2690,11607.314517184288
00e12e8b_2691,11607.314517184288
00e12e8b_2692,11607.314517184288
00e12e8b_2693,11607.314517184288
00e12e8b_2694,11607.314517184288
00e12e8b_2695,11607.314517184288
00e12e8b_2696,11607.314517184288
00e12e8b_2697,11607.314517184288
00e12e8b_2698,11607.314517184288
00e12e8b_2699,11607.314517184288
00e12e8b_2700,11607.314517184288
00e12e8b_2701,11607.314517184288
00e12e8b_2702,11607.314517184288
00e12e8b_2703,11607.314517184288
00e12e8b_2704,11607.314517184288
00e12e8b_2705,11607.314517184288
00e12e8b_2706,11607.314517184288
00e12e8b_2707,11607.314517184288
00e12e8b_2708,11607.314517184288
00e12e8b_2709,11607.314517184288
00e12e8b_2710,11607.314517184288
00e12e8b_2711,11607.314517184288
00e12e8b_2712,11607.314517184288
00e12e8b_2713,11607.314517184288
00e12e8b_2714,11607.314517184288
00e12e8b_2715,11607.314517184288
00e12e8b_2716,11607.314517184288
00e12e8b_2717,11607.314517184288
00e12e8b_2718,11607.314517184288
00e12e8b_2719,11607.314517184288
00e12e8b_2720,11607.314517184288
00e12e8b_2721,11607.314517184288
00e12e8b_2722,11607.314517184288
00e12e8b_2723,11607.314517184288
00e12e8b_2724,11607.314517184288
00e12e8b_2725,11607.314517184288
00e12e8b_2726,11607.314517184288
00e12e8b_2727,11607.314517184288
00e12e8b_2728,11607.314517184288
00e12e8b_2729,11607.314517184288
00e12e8b_2730,11607.314517184288
00e12e8b_2731,11607.314517184288
00e12e8b_2732,11607.314517184288
00e12e8b_2733,11607.314517184288
00e12e8b_2734,11607.314517184288
00e12e8b_2735,11607.314517184288
00e12e8b_2736,11607.314517184288
00e12e8b_2737,11607.314517184288
00e12e8b_2738,11607.314517184288
00e12e8b_2739,11607.314517184288
00e12e8b_2740,11607.314517184288
00e12e8b_2741,11607.314517184288
00e12e8b_2742,11607.314517184288
00e12e8b_2743,11607.314517184288
00e12e8b_2744,11607.314517184288
00e12e8b_2745,11607.314517184288
00e12e8b_2746,11607.314517184288
00e12e8b_2747,11607.314517184288
00e12e8b_2748,11607.314517184288
00e12e8b_2749,11607.314517184288
00e12e8b_2750,11607.314517184288
00e12e8b_2751,11607.314517184288
00e12e8b_2752,11607.314517184288
00e12e8b_2753,11607.314517184288
00e12e8b_2754,11607.314517184288
00e12e8b_2755,11607.314517184288
00e12e8b_2756,11607.314517184288
00e12e8b_2757,11607.314517184288
00e12e8b_2758,11607.314517184288
00e12e8b_2759,11607.314517184288
00e12e8b_2760,11607.314517184288
00e12e8b_2761,11607.314517184288
00e12e8b_2762,11607.314517184288
00e12e8b_2763,11607.314517184288
00e12e8b_2764,11607.314517184288
00e12e8b_2765,11607.314517184288
00e12e8b_2766,11607.314517184288
00e12e8b_2767,11607.314517184288
00e12e8b_2768,11607.314517184288
00e12e8b_2769,11607.314517184288
00e12e8b_2770,11607.314517184288
00e12e8b_2771,11607.314517184288
00e12e8b_2772,11607.314517184288
00e12e8b_2773,11607.314517184288
00e12e8b_2774,11607.314517184288
00e12e8b_2775,11607.314517184288
00e12e8b_2776,11607.314517184288
00e12e8b_2777,11607.314517184288
00e12e8b_2778,11607.314517184288
00e12e8b_2779,11607.314517184288
00e12e8b_2780,11607.314517184288
00e12e8b_2781,11607.314517184288
00e12e8b_2782,11607.314517184288
00e12e8b_2783,11607.314517184288
00e12e8b_2784,11607.314517184288
00e12e8b_2785,11607.314517184288
00e12e8b_2786,11607.314517184288
00e12e8b_2787,11607.314517184288
00e12e8b_2788,11607.314517184288
00e12e8b_2789,11607.314517184288
00e12e8b_2790,11607.314517184288
00e12e8b_2791,11607.314517184288
00e12e8b_2792,11607.314517184288
00e12e8b_2793,11607.314517184288
00e12e8b_2794,11607.314517184288
00e12e8b_2795,11607.314517184288
00e12e8b_2796,11607.314517184288
00e12e8b_2797,11607.314517184288
00e12e8b_2798,11607.314517184288
00e12e8b_2799,11607.314517184288
00e12e8b_2800,11607.314517184288
00e12e8b_2801,11607.314517184288
00e12e8b_2802,11607.314517184288
00e12e8b_2803,11607.314517184288
00e12e8b_2804,11607.314517184288
00e12e8b_2805,11607.124780250546
00e12e8b_2806,11607.124780250546
00e12e8b_2807,11607.124780250546
00e12e8b_2808,11607.124780250546
00e12e8b_2809,11607.124780250546
00e12e8b_2810,11607.124780250546
00e12e8b_2811,11607.124780250546
00e12e8b_2812,11607.124780250546
00e12e8b_2813,11607.124780250546
00e12e8b_2814,11607.124780250546
00e12e8b_2815,11607.124780250546
00e12e8b_2816,11607.124780250546
00e12e8b_2817,11607.124780250546
00e12e8b_2818,11607.124780250546
00e12e8b_2819,11607.124780250546
00e12e8b_2820,11607.124780250546
00e12e8b_2821,11607.124780250546
00e12e8b_2822,11607.124780250546
00e12e8b_2823,11607.124780250546
00e12e8b_2824,11607.124780250546
00e12e8b_2825,11607.124780250546
00e12e8b_2826,11607.124780250546
00e12e8b_2827,11607.124780250546
00e12e8b_2828,11607.124780250546
00e12e8b_2829,11607.124780250546
00e12e8b_2830,11607.124780250546
00e12e8b_2831,11607.124780250546
00e12e8b_2832,11607.124780250546
00e12e8b_2833,11607.124780250546
00e12e8b_2834,11607.124780250546
00e12e8b_2835,11607.124780250546
00e12e8b_2836,11607.124780250546
00e12e8b_2837,11607.124780250546
00e12e8b_2838,11607.124780250546
00e12e8b_2839,11607.124780250546
00e12e8b_2840,11607.124780250546
00e12e8b_2841,11607.124780250546
00e12e8b_2842,11607.124780250546
00e12e8b_2843,11607.124780250546
00e12e8b_2844,11607.124780250546
00e12e8b_2845,11607.124780250546
00e12e8b_2846,11607.124780250546
00e12e8b_2847,11607.124780250546
00e12e8b_2848,11607.124780250546
00e12e8b_2849,11607.124780250546
00e12e8b_2850,11607.124780250546
00e12e8b_2851,11607.124780250546
00e12e8b_2852,11607.124780250546
00e12e8b_2853,11607.124780250546
00e12e8b_2854,11607.124780250546
00e12e8b_2855,11607.124780250546
00e12e8b_2856,11607.124780250546
00e12e8b_2857,11607.124780250546
00e12e8b_2858,11607.124780250546
00e12e8b_2859,11607.124780250546
00e12e8b_2860,11607.124780250546
00e12e8b_2861,11607.124780250546
00e12e8b_2862,11607.124780250546
00e12e8b_2863,11607.124780250546
00e12e8b_2864,11607.124780250546
00e12e8b_2865,11607.124780250546
00e12e8b_2866,11607.124780250546
00e12e8b_2867,11607.124780250546
00e12e8b_2868,11607.124780250546
00e12e8b_2869,11607.124780250546
00e12e8b_2870,11607.124780250546
00e12e8b_2871,11607.124780250546
00e12e8b_2872,11607.353385081313
00e12e8b_2873,11607.353385081313
00e12e8b_2874,11607.47231777365
00e12e8b_2875,11607.47231777365
00e12e8b_2876,11607.47231777365
00e12e8b_2877,11607.22752280002
00e12e8b_2878,11607.22752280002
00e12e8b_2879,11607.22752280002
00e12e8b_2880,11607.22752280002
00e12e8b_2881,11607.22752280002
00e12e8b_2882,11607.47231777365
00e12e8b_2883,11607.47231777365
00e12e8b_2884,11607.47231777365
00e12e8b_2885,11607.353385081313
00e12e8b_2886,11607.124780250546
00e12e8b_2887,11607.353385081313
00e12e8b_2888,11607.353385081313
00e12e8b_2889,11607.353385081313
00e12e8b_2890,11607.124780250546
00e12e8b_2891,11607.124780250546
00e12e8b_2892,11607.124780250546
00e12e8b_2893,11607.124780250546
00e12e8b_2894,11607.124780250546
00e12e8b_2895,11607.124780250546
00e12e8b_2896,11607.124780250546
00e12e8b_2897,11607.124780250546
00e12e8b_2898,11607.124780250546
00e12e8b_2899,11607.124780250546
00e12e8b_2900,11607.124780250546
00e12e8b_2901,11607.124780250546
00e12e8b_2902,11607.124780250546
00e12e8b_2903,11607.124780250546
00e12e8b_2904,11607.124780250546
00e12e8b_2905,11607.124780250546
00e12e8b_2906,11607.124780250546
00e12e8b_2907,11607.124780250546
00e12e8b_2908,11607.124780250546
00e12e8b_2909,11607.124780250546
00e12e8b_2910,11607.124780250546
00e12e8b_2911,11607.124780250546
00e12e8b_2912,11607.124780250546
00e12e8b_2913,11607.124780250546
00e12e8b_2914,11607.124780250546
00e12e8b_2915,11607.124780250546
00e12e8b_2916,11607.124780250546
00e12e8b_2917,11607.124780250546
00e12e8b_2918,11607.124780250546
00e12e8b_2919,11607.124780250546
00e12e8b_2920,11607.124780250546
00e12e8b_2921,11607.124780250546
00e12e8b_2922,11607.124780250546
00e12e8b_2923,11607.124780250546
00e12e8b_2924,11607.124780250546
00e12e8b_2925,11607.124780250546
00e12e8b_2926,11607.124780250546
00e12e8b_2927,11607.124780250546
00e12e8b_2928,11607.124780250546
00e12e8b_2929,11607.124780250546
00e12e8b_2930,11607.124780250546
00e12e8b_2931,11607.124780250546
00e12e8b_2932,11607.124780250546
00e12e8b_2933,11607.124780250546
00e12e8b_2934,11607.124780250546
00e12e8b_2935,11607.124780250546
00e12e8b_2936,11607.124780250546
00e12e8b_2937,11607.124780250546
00e12e8b_2938,11607.124780250546
00e12e8b_2939,11607.124780250546
00e12e8b_2940,11607.124780250546
00e12e8b_2941,11607.124780250546
00e12e8b_2942,11607.124780250546
00e12e8b_2943,11607.124780250546
00e12e8b_2944,11607.124780250546
00e12e8b_2945,11607.124780250546
00e12e8b_2946,11607.124780250546
00e12e8b_2947,11607.124780250546
00e12e8b_2948,11607.124780250546
00e12e8b_2949,11607.124780250546
00e12e8b_2950,11607.124780250546
00e12e8b_2951,11607.124780250546
00e12e8b_2952,11607.124780250546
00e12e8b_2953,11607.124780250546
00e12e8b_2954,11607.124780250546
00e12e8b_2955,11607.124780250546
00e12e8b_2956,11607.124780250546
00e12e8b_2957,11607.124780250546
00e12e8b_2958,11607.124780250546
00e12e8b_2959,11607.124780250546
00e12e8b_2960,11607.124780250546
00e12e8b_2961,11607.124780250546
00e12e8b_2962,11607.124780250546
00e12e8b_2963,11607.124780250546
00e12e8b_2964,11607.124780250546
00e12e8b_2965,11607.124780250546
00e12e8b_2966,11607.124780250546
00e12e8b_2967,11607.124780250546
00e12e8b_2968,11607.124780250546
00e12e8b_2969,11607.124780250546
00e12e8b_2970,11607.124780250546
00e12e8b_2971,11607.124780250546
00e12e8b_2972,11607.124780250546
00e12e8b_2973,11607.124780250546
00e12e8b_2974,11607.124780250546
00e12e8b_2975,11607.124780250546
00e12e8b_2976,11607.124780250546
00e12e8b_2977,11607.124780250546
00e12e8b_2978,11607.124780250546
00e12e8b_2979,11607.124780250546
00e12e8b_2980,11607.124780250546
00e12e8b_2981,11607.124780250546
00e12e8b_2982,11607.124780250546
00e12e8b_2983,11607.124780250546
00e12e8b_2984,11607.124780250546
00e12e8b_2985,11607.124780250546
00e12e8b_2986,11607.124780250546
00e12e8b_2987,11607.124780250546
00e12e8b_2988,11607.124780250546
00e12e8b_2989,11606.903041057974
00e12e8b_2990,11606.903041057974
00e12e8b_2991,11606.903041057974
00e12e8b_2992,11606.903041057974
00e12e8b_2993,11606.903041057974
00e12e8b_2994,11606.903041057974
00e12e8b_2995,11606.903041057974
00e12e8b_2996,11606.903041057974
00e12e8b_2997,11606.903041057974
00e12e8b_2998,11606.903041057974
00e12e8b_2999,11606.903041057974
00e12e8b_3000,11606.903041057974
00e12e8b_3001,11606.903041057974
00e12e8b_3002,11606.903041057974
00e12e8b_3003,11606.903041057974
00e12e8b_3004,11606.903041057974
00e12e8b_3005,11606.903041057974
00e12e8b_3006,11606.903041057974
00e12e8b_3007,11606.903041057974
00e12e8b_3008,11606.903041057974
00e12e8b_3009,11606.903041057974
00e12e8b_3010,11606.903041057974
00e12e8b_3011,11606.903041057974
00e12e8b_3012,11606.903041057974
00e12e8b_3013,11606.903041057974
00e12e8b_3014,11606.903041057974
00e12e8b_3015,11606.903041057974
00e12e8b_3016,11606.903041057974
00e12e8b_3017,11606.903041057974
00e12e8b_3018,11606.903041057974
00e12e8b_3019,11606.903041057974
00e12e8b_3020,11606.903041057974
00e12e8b_3021,11606.903041057974
00e12e8b_3022,11606.903041057974
00e12e8b_3023,11606.903041057974
00e12e8b_3024,11606.903041057974
00e12e8b_3025,11606.903041057974
00e12e8b_3026,11606.903041057974
00e12e8b_3027,11606.903041057974
00e12e8b_3028,11606.903041057974
00e12e8b_3029,11606.903041057974
00e12e8b_3030,11607.131645888741
00e12e8b_3031,11607.250578581079
00e12e8b_3032,11607.250578581079
00e12e8b_3033,11607.250578581079
00e12e8b_3034,11607.005783607448
00e12e8b_3035,11607.005783607448
00e12e8b_3036,11606.703994641446
00e12e8b_3037,11606.247465948034
00e12e8b_3038,11606.247465948034
00e12e8b_3039,11606.703994641446
00e12e8b_3040,11606.780187750512
00e12e8b_3041,11606.906050031805
00e12e8b_3042,11606.906050031805
00e12e8b_3043,11606.677445201038
00e12e8b_3044,11606.677445201038
00e12e8b_3045,11606.677445201038
00e12e8b_3046,11606.677445201038
00e12e8b_3047,11606.677445201038
00e12e8b_3048,11606.677445201038
00e12e8b_3049,11606.677445201038
00e12e8b_3050,11606.677445201038
00e12e8b_3051,11606.677445201038
00e12e8b_3052,11606.677445201038
00e12e8b_3053,11606.677445201038
00e12e8b_3054,11606.677445201038
00e12e8b_3055,11606.677445201038
00e12e8b_3056,11606.677445201038
00e12e8b_3057,11606.677445201038
00e12e8b_3058,11606.677445201038
00e12e8b_3059,11606.677445201038
00e12e8b_3060,11606.677445201038
00e12e8b_3061,11606.677445201038
00e12e8b_3062,11606.677445201038
00e12e8b_3063,11606.677445201038
00e12e8b_3064,11606.677445201038
00e12e8b_3065,11606.677445201038
00e12e8b_3066,11606.677445201038
00e12e8b_3067,11606.677445201038
00e12e8b_3068,11606.677445201038
00e12e8b_3069,11606.677445201038
00e12e8b_3070,11606.677445201038
00e12e8b_3071,11606.677445201038
00e12e8b_3072,11606.677445201038
00e12e8b_3073,11606.677445201038
00e12e8b_3074,11606.677445201038
00e12e8b_3075,11606.677445201038
00e12e8b_3076,11606.677445201038
00e12e8b_3077,11606.677445201038
00e12e8b_3078,11606.677445201038
00e12e8b_3079,11606.677445201038
00e12e8b_3080,11606.677445201038
00e12e8b_3081,11606.677445201038
00e12e8b_3082,11606.677445201038
00e12e8b_3083,11606.677445201038
00e12e8b_3084,11606.677445201038
00e12e8b_3085,11606.677445201038
00e12e8b_3086,11606.677445201038
00e12e8b_3087,11606.677445201038
00e12e8b_3088,11606.677445201038
00e12e8b_3089,11606.677445201038
00e12e8b_3090,11606.677445201038
00e12e8b_3091,11606.677445201038
00e12e8b_3092,11606.677445201038
00e12e8b_3093,11606.677445201038
00e12e8b_3094,11606.677445201038
00e12e8b_3095,11606.677445201038
00e12e8b_3096,11606.677445201038
00e12e8b_3097,11606.677445201038
00e12e8b_3098,11606.677445201038
00e12e8b_3099,11606.677445201038
00e12e8b_3100,11606.677445201038
00e12e8b_3101,11606.677445201038
00e12e8b_3102,11606.677445201038
00e12e8b_3103,11606.677445201038
00e12e8b_3104,11606.677445201038
00e12e8b_3105,11606.677445201038
00e12e8b_3106,11606.677445201038
00e12e8b_3107,11606.677445201038
00e12e8b_3108,11606.677445201038
00e12e8b_3109,11606.677445201038
00e12e8b_3110,11606.677445201038
00e12e8b_3111,11606.677445201038
00e12e8b_3112,11606.677445201038
00e12e8b_3113,11606.677445201038
00e12e8b_3114,11606.677445201038
00e12e8b_3115,11606.677445201038
00e12e8b_3116,11606.677445201038
00e12e8b_3117,11606.677445201038
00e12e8b_3118,11606.677445201038
00e12e8b_3119,11606.677445201038
00e12e8b_3120,11606.677445201038
00e12e8b_3121,11606.677445201038
00e12e8b_3122,11606.677445201038
00e12e8b_3123,11606.677445201038
00e12e8b_3124,11606.677445201038
00e12e8b_3125,11606.677445201038
00e12e8b_3126,11606.677445201038
00e12e8b_3127,11606.677445201038
00e12e8b_3128,11606.677445201038
00e12e8b_3129,11606.677445201038
00e12e8b_3130,11606.677445201038
00e12e8b_3131,11606.677445201038
00e12e8b_3132,11606.677445201038
00e12e8b_3133,11606.677445201038
00e12e8b_3134,11606.677445201038
00e12e8b_3135,11606.677445201038
00e12e8b_3136,11606.677445201038
00e12e8b_3137,11606.677445201038
00e12e8b_3138,11606.677445201038
00e12e8b_3139,11606.677445201038
00e12e8b_3140,11606.677445201038
00e12e8b_3141,11606.677445201038
00e12e8b_3142,11606.677445201038
00e12e8b_3143,11606.677445201038
00e12e8b_3144,11606.677445201038
00e12e8b_3145,11606.677445201038
00e12e8b_3146,11606.677445201038
00e12e8b_3147,11606.677445201038
00e12e8b_3148,11606.677445201038
00e12e8b_3149,11606.677445201038
00e12e8b_3150,11606.677445201038
00e12e8b_3151,11606.677445201038
00e12e8b_3152,11606.677445201038
00e12e8b_3153,11606.677445201038
00e12e8b_3154,11606.677445201038
00e12e8b_3155,11606.677445201038
00e12e8b_3156,11606.677445201038
00e12e8b_3157,11606.677445201038
00e12e8b_3158,11606.677445201038
00e12e8b_3159,11606.677445201038
00e12e8b_3160,11606.677445201038
00e12e8b_3161,11606.677445201038
00e12e8b_3162,11606.677445201038
00e12e8b_3163,11606.677445201038
00e12e8b_3164,11606.677445201038
00e12e8b_3165,11606.677445201038
00e12e8b_3166,11606.677445201038
00e12e8b_3167,11606.677445201038
00e12e8b_3168,11606.677445201038
00e12e8b_3169,11606.677445201038
00e12e8b_3170,11606.677445201038
00e12e8b_3171,11606.677445201038
00e12e8b_3172,11606.677445201038
00e12e8b_3173,11606.677445201038
00e12e8b_3174,11606.677445201038
00e12e8b_3175,11606.677445201038
00e12e8b_3176,11606.677445201038
00e12e8b_3177,11606.677445201038
00e12e8b_3178,11606.677445201038
00e12e8b_3179,11606.677445201038
00e12e8b_3180,11606.677445201038
00e12e8b_3181,11606.677445201038
00e12e8b_3182,11606.677445201038
00e12e8b_3183,11606.677445201038
00e12e8b_3184,11606.677445201038
00e12e8b_3185,11606.677445201038
00e12e8b_3186,11606.677445201038
00e12e8b_3187,11606.677445201038
00e12e8b_3188,11606.677445201038
00e12e8b_3189,11606.677445201038
00e12e8b_3190,11606.677445201038
00e12e8b_3191,11606.677445201038
00e12e8b_3192,11606.677445201038
00e12e8b_3193,11606.677445201038
00e12e8b_3194,11606.677445201038
00e12e8b_3195,11606.677445201038
00e12e8b_3196,11606.677445201038
00e12e8b_3197,11606.677445201038
00e12e8b_3198,11606.677445201038
00e12e8b_3199,11606.677445201038
00e12e8b_3200,11606.677445201038
00e12e8b_3201,11606.677445201038
00e12e8b_3202,11606.677445201038
00e12e8b_3203,11606.677445201038
00e12e8b_3204,11606.677445201038
00e12e8b_3205,11606.677445201038
00e12e8b_3206,11606.677445201038
00e12e8b_3207,11606.677445201038
00e12e8b_3208,11606.677445201038
00e12e8b_3209,11606.677445201038
00e12e8b_3210,11606.677445201038
00e12e8b_3211,11606.677445201038
00e12e8b_3212,11606.677445201038
00e12e8b_3213,11606.677445201038
00e12e8b_3214,11606.715764646357
00e12e8b_3215,11606.715764646357
00e12e8b_3216,11606.715764646357
00e12e8b_3217,11606.715764646357
00e12e8b_3218,11606.715764646357
00e12e8b_3219,11606.715764646357
00e12e8b_3220,11606.715764646357
00e12e8b_3221,11606.715764646357
00e12e8b_3222,11606.715764646357
00e12e8b_3223,11606.715764646357
00e12e8b_3224,11606.715764646357
00e12e8b_3225,11606.715764646357
00e12e8b_3226,11606.715764646357
00e12e8b_3227,11606.715764646357
00e12e8b_3228,11606.715764646357
00e12e8b_3229,11606.715764646357
00e12e8b_3230,11606.715764646357
00e12e8b_3231,11606.715764646357
00e12e8b_3232,11606.715764646357
00e12e8b_3233,11606.715764646357
00e12e8b_3234,11606.715764646357
00e12e8b_3235,11606.715764646357
00e12e8b_3236,11606.944369477123
00e12e8b_3237,11606.516718229828
00e12e8b_3238,11605.945546000405
00e12e8b_3239,11605.945546000405
00e12e8b_3240,11605.945546000405
00e12e8b_3241,11606.060189536416
00e12e8b_3242,11606.516718229828
00e12e8b_3243,11606.81850719583
00e12e8b_3244,11607.063302169461
00e12e8b_3245,11606.944369477123
00e12e8b_3246,11606.715764646357
00e12e8b_3247,11606.715764646357
00e12e8b_3248,11606.715764646357
00e12e8b_3249,11606.715764646357
00e12e8b_3250,11606.715764646357
00e12e8b_3251,11606.715764646357
00e12e8b_3252,11606.715764646357
00e12e8b_3253,11606.715764646357
00e12e8b_3254,11606.715764646357
00e12e8b_3255,11606.715764646357
00e12e8b_3256,11606.715764646357
00e12e8b_3257,11606.715764646357
00e12e8b_3258,11606.715764646357
00e12e8b_3259,11606.715764646357
00e12e8b_3260,11606.715764646357
00e12e8b_3261,11606.715764646357
00e12e8b_3262,11606.715764646357
00e12e8b_3263,11606.715764646357
00e12e8b_3264,11606.715764646357
00e12e8b_3265,11606.715764646357
00e12e8b_3266,11606.715764646357
00e12e8b_3267,11606.715764646357
00e12e8b_3268,11606.715764646357
00e12e8b_3269,11606.715764646357
00e12e8b_3270,11606.715764646357
00e12e8b_3271,11606.715764646357
00e12e8b_3272,11606.715764646357
00e12e8b_3273,11606.715764646357
00e12e8b_3274,11606.715764646357
00e12e8b_3275,11606.715764646357
00e12e8b_3276,11606.715764646357
00e12e8b_3277,11606.715764646357
00e12e8b_3278,11606.715764646357
00e12e8b_3279,11606.715764646357
00e12e8b_3280,11606.715764646357
00e12e8b_3281,11606.715764646357
00e12e8b_3282,11606.715764646357
00e12e8b_3283,11606.715764646357
00e12e8b_3284,11606.715764646357
00e12e8b_3285,11606.715764646357
00e12e8b_3286,11606.715764646357
00e12e8b_3287,11606.715764646357
00e12e8b_3288,11606.715764646357
00e12e8b_3289,11606.715764646357
00e12e8b_3290,11606.715764646357
00e12e8b_3291,11606.715764646357
00e12e8b_3292,11606.715764646357
00e12e8b_3293,11606.715764646357
00e12e8b_3294,11606.715764646357
00e12e8b_3295,11606.715764646357
00e12e8b_3296,11606.715764646357
00e12e8b_3297,11606.715764646357
00e12e8b_3298,11606.715764646357
00e12e8b_3299,11606.715764646357
00e12e8b_3300,11606.715764646357
00e12e8b_3301,11606.715764646357
00e12e8b_3302,11606.715764646357
00e12e8b_3303,11606.715764646357
00e12e8b_3304,11606.715764646357
00e12e8b_3305,11606.715764646357
00e12e8b_3306,11606.715764646357
00e12e8b_3307,11606.715764646357
00e12e8b_3308,11606.715764646357
00e12e8b_3309,11606.715764646357
00e12e8b_3310,11606.715764646357
00e12e8b_3311,11606.715764646357
00e12e8b_3312,11606.715764646357
00e12e8b_3313,11606.715764646357
00e12e8b_3314,11606.715764646357
00e12e8b_3315,11606.715764646357
00e12e8b_3316,11606.715764646357
00e12e8b_3317,11606.715764646357
00e12e8b_3318,11606.715764646357
00e12e8b_3319,11606.715764646357
00e12e8b_3320,11606.715764646357
00e12e8b_3321,11606.715764646357
00e12e8b_3322,11606.715764646357
00e12e8b_3323,11606.715764646357
00e12e8b_3324,11606.715764646357
00e12e8b_3325,11606.715764646357
00e12e8b_3326,11606.715764646357
00e12e8b_3327,11606.715764646357
00e12e8b_3328,11606.715764646357
00e12e8b_3329,11606.715764646357
00e12e8b_3330,11606.715764646357
00e12e8b_3331,11606.715764646357
00e12e8b_3332,11606.715764646357
00e12e8b_3333,11606.715764646357
00e12e8b_3334,11606.715764646357
00e12e8b_3335,11606.715764646357
00e12e8b_3336,11606.715764646357
00e12e8b_3337,11606.715764646357
00e12e8b_3338,11606.715764646357
00e12e8b_3339,11606.715764646357
00e12e8b_3340,11606.715764646357
00e12e8b_3341,11606.715764646357
00e12e8b_3342,11606.715764646357
00e12e8b_3343,11606.715764646357
00e12e8b_3344,11606.715764646357
00e12e8b_3345,11606.715764646357
00e12e8b_3346,11606.715764646357
00e12e8b_3347,11606.715764646357
00e12e8b_3348,11606.715764646357
00e12e8b_3349,11606.715764646357
00e12e8b_3350,11606.715764646357
00e12e8b_3351,11606.715764646357
00e12e8b_3352,11606.715764646357
00e12e8b_3353,11606.715764646357
00e12e8b_3354,11606.715764646357
00e12e8b_3355,11606.715764646357
00e12e8b_3356,11606.715764646357
00e12e8b_3357,11606.715764646357
00e12e8b_3358,11606.715764646357
00e12e8b_3359,11606.715764646357
00e12e8b_3360,11606.715764646357
00e12e8b_3361,11606.715764646357
00e12e8b_3362,11606.715764646357
00e12e8b_3363,11606.715764646357
00e12e8b_3364,11606.715764646357
00e12e8b_3365,11606.715764646357
00e12e8b_3366,11606.715764646357
00e12e8b_3367,11606.715764646357
00e12e8b_3368,11606.715764646357
00e12e8b_3369,11606.715764646357
00e12e8b_3370,11606.715764646357
00e12e8b_3371,11606.715764646357
00e12e8b_3372,11606.715764646357
00e12e8b_3373,11606.715764646357
00e12e8b_3374,11606.715764646357
00e12e8b_3375,11606.715764646357
00e12e8b_3376,11606.715764646357
00e12e8b_3377,11606.715764646357
00e12e8b_3378,11606.715764646357
00e12e8b_3379,11606.715764646357
00e12e8b_3380,11606.715764646357
00e12e8b_3381,11606.715764646357
00e12e8b_3382,11606.715764646357
00e12e8b_3383,11606.715764646357
00e12e8b_3384,11606.715764646357
00e12e8b_3385,11606.715764646357
00e12e8b_3386,11606.715764646357
00e12e8b_3387,11606.715764646357
00e12e8b_3388,11606.715764646357
00e12e8b_3389,11606.715764646357
00e12e8b_3390,11606.715764646357
00e12e8b_3391,11606.715764646357
00e12e8b_3392,11606.715764646357
00e12e8b_3393,11606.715764646357
00e12e8b_3394,11606.715764646357
00e12e8b_3395,11606.715764646357
00e12e8b_3396,11606.715764646357
00e12e8b_3397,11606.715764646357
00e12e8b_3398,11606.715764646357
00e12e8b_3399,11606.715764646357
00e12e8b_3400,11606.715764646357
00e12e8b_3401,11606.715764646357
00e12e8b_3402,11606.715764646357
00e12e8b_3403,11606.715764646357
00e12e8b_3404,11606.715764646357
00e12e8b_3405,11606.715764646357
00e12e8b_3406,11606.715764646357
00e12e8b_3407,11606.715764646357
00e12e8b_3408,11606.681688231127
00e12e8b_3409,11606.681688231127
00e12e8b_3410,11606.681688231127
00e12e8b_3411,11606.681688231127
00e12e8b_3412,11606.681688231127
00e12e8b_3413,11606.681688231127
00e12e8b_3414,11606.681688231127
00e12e8b_3415,11606.681688231127
00e12e8b_3416,11606.681688231127
00e12e8b_3417,11606.681688231127
00e12e8b_3418,11606.681688231127
00e12e8b_3419,11606.681688231127
00e12e8b_3420,11606.681688231127
00e12e8b_3421,11606.681688231127
00e12e8b_3422,11606.681688231127
00e12e8b_3423,11606.681688231127
00e12e8b_3424,11606.681688231127
00e12e8b_3425,11606.681688231127
00e12e8b_3426,11606.681688231127
00e12e8b_3427,11606.681688231127
00e12e8b_3428,11606.681688231127
00e12e8b_3429,11606.681688231127
00e12e8b_3430,11606.681688231127
00e12e8b_3431,11606.681688231127
00e12e8b_3432,11606.681688231127
00e12e8b_3433,11606.681688231127
00e12e8b_3434,11606.681688231127
00e12e8b_3435,11606.681688231127
00e12e8b_3436,11606.681688231127
00e12e8b_3437,11606.681688231127
00e12e8b_3438,11606.681688231127
00e12e8b_3439,11606.681688231127
00e12e8b_3440,11606.681688231127
00e12e8b_3441,11606.681688231127
00e12e8b_3442,11606.681688231127
00e12e8b_3443,11606.681688231127
00e12e8b_3444,11606.681688231127
00e12e8b_3445,11606.681688231127
00e12e8b_3446,11606.681688231127
00e12e8b_3447,11606.681688231127
00e12e8b_3448,11606.681688231127
00e12e8b_3449,11606.681688231127
00e12e8b_3450,11606.681688231127
00e12e8b_3451,11606.681688231127
00e12e8b_3452,11606.681688231127
00e12e8b_3453,11606.681688231127
00e12e8b_3454,11606.681688231127
00e12e8b_3455,11606.681688231127
00e12e8b_3456,11606.681688231127
00e12e8b_3457,11606.681688231127
00e12e8b_3458,11606.681688231127
00e12e8b_3459,11606.681688231127
00e12e8b_3460,11606.681688231127
00e12e8b_3461,11606.681688231127
00e12e8b_3462,11606.681688231127
00e12e8b_3463,11606.681688231127
00e12e8b_3464,11606.681688231127
00e12e8b_3465,11606.681688231127
00e12e8b_3466,11606.681688231127
00e12e8b_3467,11606.681688231127
00e12e8b_3468,11606.681688231127
00e12e8b_3469,11606.681688231127
00e12e8b_3470,11606.681688231127
00e12e8b_3471,11606.681688231127
00e12e8b_3472,11606.681688231127
00e12e8b_3473,11606.681688231127
00e12e8b_3474,11606.681688231127
00e12e8b_3475,11606.681688231127
00e12e8b_3476,11606.681688231127
00e12e8b_3477,11606.681688231127
00e12e8b_3478,11606.681688231127
00e12e8b_3479,11606.681688231127
00e12e8b_3480,11606.681688231127
00e12e8b_3481,11606.681688231127
00e12e8b_3482,11606.681688231127
00e12e8b_3483,11606.681688231127
00e12e8b_3484,11606.681688231127
00e12e8b_3485,11606.681688231127
00e12e8b_3486,11606.681688231127
00e12e8b_3487,11606.681688231127
00e12e8b_3488,11606.681688231127
00e12e8b_3489,11606.681688231127
00e12e8b_3490,11606.681688231127
00e12e8b_3491,11606.681688231127
00e12e8b_3492,11606.681688231127
00e12e8b_3493,11606.681688231127
00e12e8b_3494,11606.681688231127
00e12e8b_3495,11606.681688231127
00e12e8b_3496,11606.681688231127
00e12e8b_3497,11606.681688231127
00e12e8b_3498,11606.681688231127
00e12e8b_3499,11606.681688231127
00e12e8b_3500,11606.681688231127
00e12e8b_3501,11606.651494856487
00e12e8b_3502,11606.681688231127
00e12e8b_3503,11606.681688231127
00e12e8b_3504,11606.681688231127
00e12e8b_3505,11606.681688231127
00e12e8b_3506,11606.681688231127
00e12e8b_3507,11606.681688231127
00e12e8b_3508,11606.681688231127
00e12e8b_3509,11606.681688231127
00e12e8b_3510,11606.681688231127
00e12e8b_3511,11606.681688231127
00e12e8b_3512,11606.681688231127
00e12e8b_3513,11606.681688231127
00e12e8b_3514,11606.681688231127
00e12e8b_3515,11606.681688231127
00e12e8b_3516,11606.681688231127
00e12e8b_3517,11606.681688231127
00e12e8b_3518,11606.681688231127
00e12e8b_3519,11606.681688231127
00e12e8b_3520,11606.681688231127
00e12e8b_3521,11605.971543960275
00e12e8b_3522,11605.971543960275
00e12e8b_3523,11605.971543960275
00e12e8b_3524,11605.971543960275
00e12e8b_3525,11605.971543960275
00e12e8b_3526,11605.971543960275
00e12e8b_3527,11605.971543960275
00e12e8b_3528,11605.971543960275
00e12e8b_3529,11605.971543960275
00e12e8b_3530,11605.971543960275
00e12e8b_3531,11605.971543960275
00e12e8b_3532,11605.971543960275
00e12e8b_3533,11605.971543960275
00e12e8b_3534,11605.971543960275
00e12e8b_3535,11605.971543960275
00e12e8b_3536,11605.971543960275
00e12e8b_3537,11605.971543960275
00e12e8b_3538,11605.971543960275
00e12e8b_3539,11605.971543960275
00e12e8b_3540,11605.971543960275
00e12e8b_3541,11605.971543960275
00e12e8b_3542,11605.971543960275
00e12e8b_3543,11605.971543960275
00e12e8b_3544,11605.971543960275
00e12e8b_3545,11605.971543960275
00e12e8b_3546,11605.971543960275
00e12e8b_3547,11605.971543960275
00e12e8b_3548,11605.971543960275
00e12e8b_3549,11605.971543960275
00e12e8b_3550,11605.971543960275
00e12e8b_3551,11605.971543960275
00e12e8b_3552,11605.971543960275
00e12e8b_3553,11605.971543960275
00e12e8b_3554,11605.971543960275
00e12e8b_3555,11605.971543960275
00e12e8b_3556,11605.971543960275
00e12e8b_3557,11605.971543960275
00e12e8b_3558,11605.971543960275
00e12e8b_3559,11605.971543960275
00e12e8b_3560,11605.971543960275
00e12e8b_3561,11605.971543960275
00e12e8b_3562,11605.971543960275
00e12e8b_3563,11605.971543960275
00e12e8b_3564,11605.971543960275
00e12e8b_3565,11605.971543960275
00e12e8b_3566,11605.971543960275
00e12e8b_3567,11605.971543960275
00e12e8b_3568,11605.971543960275
00e12e8b_3569,11605.971543960275
00e12e8b_3570,11605.971543960275
00e12e8b_3571,11605.971543960275
00e12e8b_3572,11605.971543960275
00e12e8b_3573,11605.971543960275
00e12e8b_3574,11605.971543960275
00e12e8b_3575,11605.971543960275
00e12e8b_3576,11605.971543960275
00e12e8b_3577,11605.971543960275
00e12e8b_3578,11605.971543960275
00e12e8b_3579,11605.971543960275
00e12e8b_3580,11605.971543960275
00e12e8b_3581,11605.971543960275
00e12e8b_3582,11605.971543960275
00e12e8b_3583,11605.971543960275
00e12e8b_3584,11605.971543960275
00e12e8b_3585,11605.284271395594
00e12e8b_3586,11605.284271395594
00e12e8b_3587,11605.284271395594
00e12e8b_3588,11605.284271395594
00e12e8b_3589,11605.284271395594
00e12e8b_3590,11605.284271395594
00e12e8b_3591,11605.284271395594
00e12e8b_3592,11605.284271395594
00e12e8b_3593,11605.129967986102
00e12e8b_3594,11605.129967986102
00e12e8b_3595,11605.129967986102
00e12e8b_3596,11605.129967986102
00e12e8b_3597,11605.129967986102
00e12e8b_3598,11605.162812505381
00e12e8b_3599,11605.281745197719
00e12e8b_3600,11605.72422278877
00e12e8b_3601,11605.72422278877
00e12e8b_3602,11604.965905129355
00e12e8b_3603,11604.965905129355
00e12e8b_3604,11604.885338008573
00e12e8b_3605,11603.502524144775
00e12e8b_3606,11601.615612294901
00e12e8b_3607,11601.06383466
00e12e8b_3608,11601.06383466
00e12e8b_3609,11600.9336004217
00e12e8b_3610,11600.9336004217
00e12e8b_3611,11600.9336004217
00e12e8b_3612,11601.607503361627
00e12e8b_3613,11601.607503361627
00e12e8b_3614,11601.615612294901
00e12e8b_3615,11601.683356901596
00e12e8b_3616,11602.196054983011
00e12e8b_3617,11602.67806890826
00e12e8b_3618,11602.67806890826
00e12e8b_3619,11602.655835487076
00e12e8b_3620,11601.683356901596
00e12e8b_3621,11601.607503361627
00e12e8b_3622,11601.607503361627
00e12e8b_3623,11601.607503361627
00e12e8b_3624,11601.607503361627
00e12e8b_3625,11601.607503361627
00e12e8b_3626,11601.607503361627
00e12e8b_3627,11601.607503361627
00e12e8b_3628,11600.9336004217
00e12e8b_3629,11599.633266265873
00e12e8b_3630,11599.833442121084
00e12e8b_3631,11600.015010884727
00e12e8b_3632,11600.015010884727
00e12e8b_3633,11600.015010884727
00e12e8b_3634,11600.015010884727
00e12e8b_3635,11600.015010884727
00e12e8b_3636,11600.015010884727
00e12e8b_3637,11600.015010884727
00e12e8b_3638,11600.015010884727
00e12e8b_3639,11600.015010884727
00e12e8b_3640,11600.015010884727
00e12e8b_3641,11600.015010884727
00e12e8b_3642,11600.015010884727
00e12e8b_3643,11600.015010884727
00e12e8b_3644,11599.65359618135
00e12e8b_3645,11599.65359618135
00e12e8b_3646,11599.768555627
00e12e8b_3647,11600.015010884727
00e12e8b_3648,11600.015010884727
00e12e8b_3649,11600.015010884727
00e12e8b_3650,11600.015010884727
00e12e8b_3651,11600.015010884727
00e12e8b_3652,11599.942939814122
00e12e8b_3653,11601.115169185343
00e12e8b_3654,11602.377623746654
00e12e8b_3655,11603.684092908417
00e12e8b_3656,11604.885338008573
00e12e8b_3657,11605.72422278877
00e12e8b_3658,11605.157768144529
00e12e8b_3659,11605.038835452191
00e12e8b_3660,11605.005990932912
00e12e8b_3661,11605.005990932912
00e12e8b_3662,11605.005990932912
00e12e8b_3663,11605.005990932912
00e12e8b_3664,11605.038835452191
00e12e8b_3665,11605.600245735579
00e12e8b_3666,11604.841928076165
00e12e8b_3667,11604.761360955383
00e12e8b_3668,11603.518472952343
00e12e8b_3669,11603.560115855227
00e12e8b_3670,11603.811690299506
00e12e8b_3671,11604.841928076165
00e12e8b_3672,11605.157768144529
00e12e8b_3673,11605.005990932912
00e12e8b_3674,11605.005990932912
00e12e8b_3675,11605.005990932912
00e12e8b_3676,11605.005990932912
00e12e8b_3677,11605.005990932912
00e12e8b_3678,11605.005990932912
00e12e8b_3679,11604.837102257134
00e12e8b_3680,11604.837102257134
00e12e8b_3681,11604.837102257134
00e12e8b_3682,11604.837102257134
00e12e8b_3683,11604.837102257134
00e12e8b_3684,11604.837102257134
00e12e8b_3685,11604.837102257134
00e12e8b_3686,11604.837102257134
00e12e8b_3687,11604.837102257134
00e12e8b_3688,11604.837102257134
00e12e8b_3689,11604.837102257134
00e12e8b_3690,11604.837102257134
00e12e8b_3691,11604.837102257134
00e12e8b_3692,11604.837102257134
00e12e8b_3693,11604.837102257134
00e12e8b_3694,11604.837102257134
00e12e8b_3695,11604.837102257134
00e12e8b_3696,11604.837102257134
00e12e8b_3697,11604.837102257134
00e12e8b_3698,11604.837102257134
00e12e8b_3699,11604.869946776413
00e12e8b_3700,11604.837102257134
00e12e8b_3701,11604.837102257134
00e12e8b_3702,11604.837102257134
00e12e8b_3703,11604.837102257134
00e12e8b_3704,11604.837102257134
00e12e8b_3705,11604.837102257134
00e12e8b_3706,11604.837102257134
00e12e8b_3707,11604.837102257134
00e12e8b_3708,11604.837102257134
00e12e8b_3709,11604.837102257134
00e12e8b_3710,11604.837102257134
00e12e8b_3711,11604.837102257134
00e12e8b_3712,11604.837102257134
00e12e8b_3713,11604.837102257134
00e12e8b_3714,11604.837102257134
00e12e8b_3715,11604.837102257134
00e12e8b_3716,11604.837102257134
00e12e8b_3717,11604.837102257134
00e12e8b_3718,11604.869946776413
00e12e8b_3719,11605.129568093798
00e12e8b_3720,11603.349584276564
00e12e8b_3721,11602.532610032094
00e12e8b_3722,11602.040405176574
00e12e8b_3723,11602.040405176574
00e12e8b_3724,11601.52770709516
00e12e8b_3725,11602.50018568064
00e12e8b_3726,11601.459962488465
00e12e8b_3727,11602.522419101824
00e12e8b_3728,11602.532610032094
00e12e8b_3729,11603.022992652423
00e12e8b_3730,11603.022992652423
00e12e8b_3731,11603.02977000172
00e12e8b_3732,11603.022992652423
00e12e8b_3733,11603.02977000172
00e12e8b_3734,11603.391227179449
00e12e8b_3735,11604.231938881916
00e12e8b_3736,11604.231938881916
00e12e8b_3737,11604.231938881916
00e12e8b_3738,11604.231938881916
00e12e8b_3739,11604.231938881916
00e12e8b_3740,11604.231938881916
00e12e8b_3741,11604.231938881916
00e12e8b_3742,11604.312506002698
00e12e8b_3743,11604.76903469611
00e12e8b_3744,11604.312506002698
00e12e8b_3745,11604.231938881916
00e12e8b_3746,11603.28226822604
00e12e8b_3747,11604.231938881916
00e12e8b_3748,11604.231938881916
00e12e8b_3749,11605.070823662112
00e12e8b_3750,11604.628346071062
00e12e8b_3751,11604.476769610796
00e12e8b_3752,11604.476769610796
00e12e8b_3753,11604.476769610796
00e12e8b_3754,11604.476769610796
00e12e8b_3755,11604.476769610796
00e12e8b_3756,11604.476769610796
00e12e8b_3757,11604.476769610796
00e12e8b_3758,11604.476769610796
00e12e8b_3759,11604.476769610796
00e12e8b_3760,11604.476769610796
00e12e8b_3761,11604.476769610796
00e12e8b_3762,11604.476769610796
00e12e8b_3763,11604.476769610796
00e12e8b_3764,11604.476769610796
00e12e8b_3765,11604.476769610796
00e12e8b_3766,11604.476769610796
00e12e8b_3767,11604.476769610796
00e12e8b_3768,11604.476769610796
00e12e8b_3769,11604.476769610796
00e12e8b_3770,11604.476769610796
00e12e8b_3771,11604.476769610796
00e12e8b_3772,11604.476769610796
00e12e8b_3773,11604.476769610796
00e12e8b_3774,11599.714796988712
00e12e8b_3775,11599.714796988712
00e12e8b_3776,11599.714796988712
00e12e8b_3777,11599.714796988712
00e12e8b_3778,11599.714796988712
00e12e8b_3779,11599.714796988712
00e12e8b_3780,11599.714796988712
00e12e8b_3781,11599.714796988712
00e12e8b_3782,11599.714796988712
00e12e8b_3783,11599.714796988712
00e12e8b_3784,11599.714796988712
00e12e8b_3785,11599.714796988712
00e12e8b_3786,11599.714796988712
00e12e8b_3787,11599.714796988712
00e12e8b_3788,11599.714796988712
00e12e8b_3789,11599.714796988712
00e12e8b_3790,11599.714796988712
00e12e8b_3791,11599.714796988712
00e12e8b_3792,11599.714796988712
00e12e8b_3793,11599.714796988712
00e12e8b_3794,11599.714796988712
00e12e8b_3795,11599.714796988712
00e12e8b_3796,11599.714796988712
00e12e8b_3797,11599.714796988712
00e12e8b_3798,11599.714796988712
00e12e8b_3799,11599.714796988712
00e12e8b_3800,11599.714796988712
00e12e8b_3801,11599.714796988712
00e12e8b_3802,11599.714796988712
00e12e8b_3803,11599.714796988712
00e12e8b_3804,11599.714796988712
00e12e8b_3805,11599.714796988712
00e12e8b_3806,11599.714796988712
00e12e8b_3807,11599.714796988712
00e12e8b_3808,11599.714796988712
00e12e8b_3809,11599.714796988712
00e12e8b_3810,11599.714796988712
00e12e8b_3811,11599.714796988712
00e12e8b_3812,11599.714796988712
00e12e8b_3813,11599.714796988712
00e12e8b_3814,11599.714796988712
00e12e8b_3815,11599.714796988712
00e12e8b_3816,11599.714796988712
00e12e8b_3817,11599.714796988712
00e12e8b_3818,11599.714796988712
00e12e8b_3819,11599.714796988712
00e12e8b_3820,11599.714796988712
00e12e8b_3821,11599.714796988712
00e12e8b_3822,11599.714796988712
00e12e8b_3823,11599.714796988712
00e12e8b_3824,11599.714796988712
00e12e8b_3825,11599.714796988712
00e12e8b_3826,11599.714796988712
00e12e8b_3827,11599.714796988712
00e12e8b_3828,11599.714796988712
00e12e8b_3829,11599.714796988712
00e12e8b_3830,11599.714796988712
00e12e8b_3831,11599.714796988712
00e12e8b_3832,11599.714796988712
00e12e8b_3833,11599.714796988712
00e12e8b_3834,11599.714796988712
00e12e8b_3835,11599.714796988712
00e12e8b_3836,11599.714796988712
00e12e8b_3837,11599.714796988712
00e12e8b_3838,11599.714796988712
00e12e8b_3839,11599.714796988712
00e12e8b_3840,11599.714796988712
00e12e8b_3841,11599.714796988712
00e12e8b_3842,11599.714796988712
00e12e8b_3843,11599.714796988712
00e12e8b_3844,11599.714796988712
00e12e8b_3845,11599.714796988712
00e12e8b_3846,11599.714796988712
00e12e8b_3847,11599.714796988712
00e12e8b_3848,11599.714796988712
00e12e8b_3849,11599.714796988712
00e12e8b_3850,11599.714796988712
00e12e8b_3851,11599.714796988712
00e12e8b_3852,11599.714796988712
00e12e8b_3853,11599.714796988712
00e12e8b_3854,11599.714796988712
00e12e8b_3855,11599.714796988712
00e12e8b_3856,11599.714796988712
00e12e8b_3857,11599.714796988712
00e12e8b_3858,11599.714796988712
00e12e8b_3859,11599.714796988712
00e12e8b_3860,11599.714796988712
00e12e8b_3861,11599.714796988712
00e12e8b_3862,11599.714796988712
00e12e8b_3863,11599.714796988712
00e12e8b_3864,11599.714796988712
00e12e8b_3865,11599.714796988712
00e12e8b_3866,11599.714796988712
00e12e8b_3867,11599.714796988712
00e12e8b_3868,11599.714796988712
00e12e8b_3869,11599.714796988712
00e12e8b_3870,11599.714796988712
00e12e8b_3871,11599.714796988712
00e12e8b_3872,11599.714796988712
00e12e8b_3873,11599.714796988712
00e12e8b_3874,11599.714796988712
00e12e8b_3875,11599.714796988712
00e12e8b_3876,11599.714796988712
00e12e8b_3877,11599.714796988712
00e12e8b_3878,11599.714796988712
00e12e8b_3879,11599.714796988712
00e12e8b_3880,11599.714796988712
00e12e8b_3881,11599.714796988712
00e12e8b_3882,11599.714796988712
00e12e8b_3883,11599.714796988712
00e12e8b_3884,11599.714796988712
00e12e8b_3885,11599.714796988712
00e12e8b_3886,11599.714796988712
00e12e8b_3887,11599.714796988712
00e12e8b_3888,11599.714796988712
00e12e8b_3889,11599.714796988712
00e12e8b_3890,11599.616985738616
00e12e8b_3891,11599.616985738616
00e12e8b_3892,11599.616985738616
00e12e8b_3893,11599.616985738616
00e12e8b_3894,11599.616985738616
00e12e8b_3895,11599.616985738616
00e12e8b_3896,11599.616985738616
00e12e8b_3897,11599.616985738616
00e12e8b_3898,11599.616985738616
00e12e8b_3899,11599.616985738616
00e12e8b_3900,11599.616985738616
00e12e8b_3901,11599.616985738616
00e12e8b_3902,11599.616985738616
00e12e8b_3903,11599.616985738616
00e12e8b_3904,11599.616985738616
00e12e8b_3905,11599.616985738616
00e12e8b_3906,11599.616985738616
00e12e8b_3907,11599.616985738616
00e12e8b_3908,11599.616985738616
00e12e8b_3909,11599.616985738616
00e12e8b_3910,11599.616985738616
00e12e8b_3911,11599.616985738616
00e12e8b_3912,11599.616985738616
00e12e8b_3913,11599.616985738616
00e12e8b_3914,11599.616985738616
00e12e8b_3915,11599.616985738616
00e12e8b_3916,11599.616985738616
00e12e8b_3917,11599.616985738616
00e12e8b_3918,11599.616985738616
00e12e8b_3919,11599.616985738616
00e12e8b_3920,11599.616985738616
00e12e8b_3921,11599.616985738616
00e12e8b_3922,11599.616985738616
00e12e8b_3923,11599.616985738616
00e12e8b_3924,11599.616985738616
00e12e8b_3925,11599.616985738616
00e12e8b_3926,11599.616985738616
00e12e8b_3927,11599.616985738616
00e12e8b_3928,11599.616985738616
00e12e8b_3929,11599.616985738616
00e12e8b_3930,11599.616985738616
00e12e8b_3931,11599.616985738616
00e12e8b_3932,11599.616985738616
00e12e8b_3933,11599.616985738616
00e12e8b_3934,11599.616985738616
00e12e8b_3935,11599.616985738616
00e12e8b_3936,11599.616985738616
00e12e8b_3937,11599.616985738616
00e12e8b_3938,11599.616985738616
00e12e8b_3939,11599.616985738616
00e12e8b_3940,11599.616985738616
00e12e8b_3941,11599.616985738616
00e12e8b_3942,11599.616985738616
00e12e8b_3943,11599.616985738616
00e12e8b_3944,11599.616985738616
00e12e8b_3945,11599.616985738616
00e12e8b_3946,11599.616985738616
00e12e8b_3947,11599.616985738616
00e12e8b_3948,11599.236979595633
00e12e8b_3949,11598.678294847095
00e12e8b_3950,11598.678294847095
00e12e8b_3951,11598.678294847095
00e12e8b_3952,11598.678294847095
00e12e8b_3953,11598.678294847095
00e12e8b_3954,11598.955703065132
00e12e8b_3955,11598.955703065132
00e12e8b_3956,11598.955703065132
00e12e8b_3957,11598.955703065132
00e12e8b_3958,11598.955703065132
00e12e8b_3959,11598.955703065132
00e12e8b_3960,11598.955703065132
00e12e8b_3961,11598.955703065132
00e12e8b_3962,11598.955703065132
00e12e8b_3963,11598.955703065132
00e12e8b_3964,11598.955703065132
00e12e8b_3965,11598.955703065132
00e12e8b_3966,11598.955703065132
00e12e8b_3967,11598.955703065132
00e12e8b_3968,11598.955703065132
00e12e8b_3969,11598.955703065132
00e12e8b_3970,11598.955703065132
00e12e8b_3971,11598.955703065132
00e12e8b_3972,11598.955703065132
00e12e8b_3973,11598.955703065132
00e12e8b_3974,11598.955703065132
00e12e8b_3975,11598.955703065132
00e12e8b_3976,11598.955703065132
00e12e8b_3977,11598.955703065132
00e12e8b_3978,11598.955703065132
00e12e8b_3979,11598.955703065132
00e12e8b_3980,11598.955703065132
00e12e8b_3981,11598.955703065132
00e12e8b_3982,11598.955703065132
00e12e8b_3983,11598.955703065132
00e12e8b_3984,11598.955703065132
00e12e8b_3985,11598.955703065132
00e12e8b_3986,11598.955703065132
00e12e8b_3987,11598.955703065132
00e12e8b_3988,11598.955703065132
00e12e8b_3989,11598.955703065132
00e12e8b_3990,11598.955703065132
00e12e8b_3991,11598.955703065132
00e12e8b_3992,11598.955703065132
00e12e8b_3993,11598.955703065132
00e12e8b_3994,11598.955703065132
00e12e8b_3995,11598.955703065132
00e12e8b_3996,11598.955703065132
00e12e8b_3997,11598.955703065132
00e12e8b_3998,11598.955703065132
00e12e8b_3999,11598.955703065132
00e12e8b_4000,11598.955703065132
00e12e8b_4001,11598.955703065132
00e12e8b_4002,11598.955703065132
00e12e8b_4003,11598.955703065132
00e12e8b_4004,11598.955703065132
00e12e8b_4005,11598.955703065132
00e12e8b_4006,11598.955703065132
00e12e8b_4007,11598.955703065132
00e12e8b_4008,11598.955703065132
00e12e8b_4009,11598.955703065132
00e12e8b_4010,11598.678294847095
00e12e8b_4011,11599.343710712876
00e12e8b_4012,11598.866669583962
00e12e8b_4013,11598.78610246318
00e12e8b_4014,11597.940689858706
00e12e8b_4015,11597.945390760713
00e12e8b_4016,11598.474094793677
00e12e8b_4017,11598.506574426045
00e12e8b_4018,11597.945390760713
00e12e8b_4019,11597.940689858706
00e12e8b_4020,11598.78610246318
00e12e8b_4021,11598.866669583962
00e12e8b_4022,11599.323198277374
00e12e8b_4023,11599.343710712876
00e12e8b_4024,11598.901233121825
00e12e8b_4025,11598.678294847095
00e12e8b_4026,11598.955703065132
00e12e8b_4027,11598.955703065132
00e12e8b_4028,11598.955703065132
00e12e8b_4029,11598.955703065132
00e12e8b_4030,11598.955703065132
00e12e8b_4031,11598.955703065132
00e12e8b_4032,11598.955703065132
00e12e8b_4033,11598.955703065132
00e12e8b_4034,11598.955703065132
00e12e8b_4035,11598.955703065132
00e12e8b_4036,11598.955703065132
00e12e8b_4037,11598.955703065132
00e12e8b_4038,11598.782126635402
00e12e8b_4039,11598.782126635402
00e12e8b_4040,11598.782126635402
00e12e8b_4041,11598.782126635402
00e12e8b_4042,11598.782126635402
00e12e8b_4043,11598.782126635402
00e12e8b_4044,11598.782126635402
00e12e8b_4045,11598.782126635402
00e12e8b_4046,11598.782126635402
00e12e8b_4047,11598.782126635402
00e12e8b_4048,11598.782126635402
00e12e8b_4049,11598.782126635402
00e12e8b_4050,11598.782126635402
00e12e8b_4051,11598.782126635402
00e12e8b_4052,11598.782126635402
00e12e8b_4053,11598.782126635402
00e12e8b_4054,11598.782126635402
00e12e8b_4055,11598.782126635402
00e12e8b_4056,11598.782126635402
00e12e8b_4057,11598.782126635402
00e12e8b_4058,11598.782126635402
00e12e8b_4059,11598.782126635402
00e12e8b_4060,11598.782126635402
00e12e8b_4061,11598.782126635402
00e12e8b_4062,11598.782126635402
00e12e8b_4063,11598.782126635402
00e12e8b_4064,11598.782126635402
00e12e8b_4065,11598.782126635402
00e12e8b_4066,11598.782126635402
00e12e8b_4067,11598.782126635402
00e12e8b_4068,11598.782126635402
00e12e8b_4069,11598.782126635402
00e12e8b_4070,11598.782126635402
00e12e8b_4071,11598.782126635402
00e12e8b_4072,11598.782126635402
00e12e8b_4073,11598.782126635402
00e12e8b_4074,11598.782126635402
00e12e8b_4075,11598.782126635402
00e12e8b_4076,11598.782126635402
00e12e8b_4077,11598.782126635402
00e12e8b_4078,11598.782126635402
00e12e8b_4079,11598.782126635402
00e12e8b_4080,11598.782126635402
00e12e8b_4081,11598.782126635402
00e12e8b_4082,11598.782126635402
00e12e8b_4083,11598.782126635402
00e12e8b_4084,11598.782126635402
00e12e8b_4085,11598.782126635402
00e12e8b_4086,11598.782126635402
00e12e8b_4087,11598.782126635402
00e12e8b_4088,11598.782126635402
00e12e8b_4089,11598.782126635402
00e12e8b_4090,11598.782126635402
00e12e8b_4091,11598.782126635402
00e12e8b_4092,11598.782126635402
00e12e8b_4093,11598.782126635402
00e12e8b_4094,11598.782126635402
00e12e8b_4095,11598.782126635402
00e12e8b_4096,11598.782126635402
00e12e8b_4097,11598.782126635402
00e12e8b_4098,11598.782126635402
00e12e8b_4099,11598.782126635402
00e12e8b_4100,11598.782126635402
00e12e8b_4101,11598.782126635402
00e12e8b_4102,11598.782126635402
00e12e8b_4103,11598.782126635402
00e12e8b_4104,11598.782126635402
00e12e8b_4105,11598.782126635402
00e12e8b_4106,11598.782126635402
00e12e8b_4107,11598.782126635402
00e12e8b_4108,11598.782126635402
00e12e8b_4109,11598.782126635402
00e12e8b_4110,11598.782126635402
00e12e8b_4111,11598.782126635402
00e12e8b_4112,11598.782126635402
00e12e8b_4113,11598.782126635402
00e12e8b_4114,11598.782126635402
00e12e8b_4115,11598.782126635402
00e12e8b_4116,11598.782126635402
00e12e8b_4117,11598.782126635402
00e12e8b_4118,11598.782126635402
00e12e8b_4119,11598.782126635402
00e12e8b_4120,11598.782126635402
00e12e8b_4121,11598.782126635402
00e12e8b_4122,11598.782126635402
00e12e8b_4123,11598.782126635402
00e12e8b_4124,11598.782126635402
00e12e8b_4125,11598.782126635402
00e12e8b_4126,11598.782126635402
00e12e8b_4127,11598.782126635402
00e12e8b_4128,11598.782126635402
00e12e8b_4129,11598.782126635402
00e12e8b_4130,11598.782126635402
00e12e8b_4131,11598.782126635402
00e12e8b_4132,11598.782126635402
00e12e8b_4133,11598.782126635402
00e12e8b_4134,11598.782126635402
00e12e8b_4135,11598.782126635402
00e12e8b_4136,11598.782126635402
00e12e8b_4137,11598.782126635402
00e12e8b_4138,11598.782126635402
00e12e8b_4139,11598.782126635402
00e12e8b_4140,11598.782126635402
00e12e8b_4141,11598.782126635402
00e12e8b_4142,11598.782126635402
00e12e8b_4143,11598.782126635402
00e12e8b_4144,11598.782126635402
00e12e8b_4145,11598.782126635402
00e12e8b_4146,11598.782126635402
00e12e8b_4147,11598.782126635402
00e12e8b_4148,11598.782126635402
00e12e8b_4149,11598.782126635402
00e12e8b_4150,11598.782126635402
00e12e8b_4151,11598.782126635402
00e12e8b_4152,11598.782126635402
00e12e8b_4153,11598.782126635402
00e12e8b_4154,11598.782126635402
00e12e8b_4155,11598.782126635402
00e12e8b_4156,11598.782126635402
00e12e8b_4157,11598.782126635402
00e12e8b_4158,11598.782126635402
00e12e8b_4159,11598.782126635402
00e12e8b_4160,11598.782126635402
00e12e8b_4161,11598.658183674317
00e12e8b_4162,11598.658183674317
00e12e8b_4163,11598.658183674317
00e12e8b_4164,11598.658183674317
00e12e8b_4165,11598.658183674317
00e12e8b_4166,11598.658183674317
00e12e8b_4167,11598.658183674317
00e12e8b_4168,11598.658183674317
00e12e8b_4169,11598.658183674317
00e12e8b_4170,11598.658183674317
00e12e8b_4171,11598.658183674317
00e12e8b_4172,11598.658183674317
00e12e8b_4173,11598.658183674317
00e12e8b_4174,11598.658183674317
00e12e8b_4175,11598.658183674317
00e12e8b_4176,11598.658183674317
00e12e8b_4177,11598.658183674317
00e12e8b_4178,11598.658183674317
00e12e8b_4179,11598.658183674317
00e12e8b_4180,11598.658183674317
00e12e8b_4181,11598.658183674317
00e12e8b_4182,11598.658183674317
00e12e8b_4183,11598.658183674317
00e12e8b_4184,11598.38077545628
00e12e8b_4185,11598.38077545628
00e12e8b_4186,11598.658183674317
00e12e8b_4187,11598.658183674317
00e12e8b_4188,11598.658183674317
00e12e8b_4189,11598.658183674317
00e12e8b_4190,11598.658183674317
00e12e8b_4191,11598.658183674317
00e12e8b_4192,11598.658183674317
00e12e8b_4193,11598.658183674317
00e12e8b_4194,11598.658183674317
00e12e8b_4195,11598.658183674317
00e12e8b_4196,11598.658183674317
00e12e8b_4197,11598.658183674317
00e12e8b_4198,11598.658183674317
00e12e8b_4199,11598.658183674317
00e12e8b_4200,11598.658183674317
00e12e8b_4201,11598.658183674317
00e12e8b_4202,11598.658183674317
00e12e8b_4203,11598.658183674317
00e12e8b_4204,11598.658183674317
00e12e8b_4205,11598.658183674317
00e12e8b_4206,11598.658183674317
00e12e8b_4207,11598.658183674317
00e12e8b_4208,11598.658183674317
00e12e8b_4209,11598.658183674317
00e12e8b_4210,11598.658183674317
00e12e8b_4211,11598.658183674317
00e12e8b_4212,11598.658183674317
00e12e8b_4213,11598.658183674317
00e12e8b_4214,11598.658183674317
00e12e8b_4215,11598.658183674317
00e12e8b_4216,11598.658183674317
00e12e8b_4217,11598.658183674317
00e12e8b_4218,11598.658183674317
00e12e8b_4219,11598.658183674317
00e12e8b_4220,11598.658183674317
00e12e8b_4221,11598.658183674317
00e12e8b_4222,11598.658183674317
00e12e8b_4223,11598.658183674317
00e12e8b_4224,11598.658183674317
00e12e8b_4225,11598.658183674317
00e12e8b_4226,11598.658183674317
00e12e8b_4227,11598.658183674317
00e12e8b_4228,11598.658183674317
00e12e8b_4229,11598.658183674317
00e12e8b_4230,11598.658183674317
00e12e8b_4231,11598.658183674317
00e12e8b_4232,11598.658183674317
00e12e8b_4233,11598.658183674317
00e12e8b_4234,11598.658183674317
00e12e8b_4235,11598.658183674317
00e12e8b_4236,11598.658183674317
00e12e8b_4237,11598.658183674317
00e12e8b_4238,11598.658183674317
00e12e8b_4239,11598.658183674317
00e12e8b_4240,11598.658183674317
00e12e8b_4241,11598.658183674317
00e12e8b_4242,11598.658183674317
00e12e8b_4243,11598.658183674317
00e12e8b_4244,11598.658183674317
00e12e8b_4245,11598.658183674317
00e12e8b_4246,11598.658183674317
00e12e8b_4247,11598.658183674317
00e12e8b_4248,11598.658183674317
00e12e8b_4249,11598.658183674317
00e12e8b_4250,11598.658183674317
00e12e8b_4251,11598.658183674317
00e12e8b_4252,11598.658183674317
00e12e8b_4253,11598.658183674317
00e12e8b_4254,11598.658183674317
00e12e8b_4255,11598.658183674317
00e12e8b_4256,11598.658183674317
00e12e8b_4257,11598.658183674317
00e12e8b_4258,11598.658183674317
00e12e8b_4259,11598.658183674317
00e12e8b_4260,11598.658183674317
00e12e8b_4261,11598.658183674317
00e12e8b_4262,11598.658183674317
00e12e8b_4263,11598.658183674317
00e12e8b_4264,11598.658183674317
00e12e8b_4265,11598.658183674317
00e12e8b_4266,11598.658183674317
00e12e8b_4267,11598.658183674317
00e12e8b_4268,11598.658183674317
00e12e8b_4269,11598.658183674317
00e12e8b_4270,11598.658183674317
00e12e8b_4271,11598.658183674317
00e12e8b_4272,11598.658183674317
00e12e8b_4273,11598.658183674317
00e12e8b_4274,11598.658183674317
00e12e8b_4275,11598.658183674317
00e12e8b_4276,11598.658183674317
00e12e8b_4277,11598.658183674317
00e12e8b_4278,11598.658183674317
00e12e8b_4279,11598.658183674317
00e12e8b_4280,11598.658183674317
00e12e8b_4281,11598.658183674317
00e12e8b_4282,11598.658183674317
00e12e8b_4283,11598.658183674317
00e12e8b_4284,11598.658183674317
00e12e8b_4285,11598.658183674317
00e12e8b_4286,11598.658183674317
00e12e8b_4287,11598.658183674317
00e12e8b_4288,11598.658183674317
00e12e8b_4289,11598.658183674317
00e12e8b_4290,11598.658183674317
00e12e8b_4291,11598.658183674317
00e12e8b_4292,11598.658183674317
00e12e8b_4293,11598.658183674317
00e12e8b_4294,11598.658183674317
00e12e8b_4295,11598.658183674317
00e12e8b_4296,11598.658183674317
00e12e8b_4297,11598.658183674317
00e12e8b_4298,11598.658183674317
00e12e8b_4299,11598.658183674317
00e12e8b_4300,11598.658183674317
00e12e8b_4301,11598.658183674317
00e12e8b_4302,11598.658183674317
00e12e8b_4303,11598.658183674317
00e12e8b_4304,11598.658183674317
00e12e8b_4305,11598.658183674317
00e12e8b_4306,11598.658183674317
00e12e8b_4307,11598.658183674317
00e12e8b_4308,11598.658183674317
00e12e8b_4309,11598.658183674317
00e12e8b_4310,11598.658183674317
00e12e8b_4311,11598.658183674317
00e12e8b_4312,11598.658183674317
00e12e8b_4313,11598.658183674317
00e12e8b_4314,11598.658183674317
00e12e8b_4315,11598.658183674317
00e12e8b_4316,11598.658183674317
00e12e8b_4317,11598.658183674317
00e12e8b_4318,11598.658183674317
00e12e8b_4319,11598.658183674317
00e12e8b_4320,11598.658183674317
00e12e8b_4321,11598.658183674317
00e12e8b_4322,11598.658183674317
00e12e8b_4323,11598.658183674317
00e12e8b_4324,11598.658183674317
00e12e8b_4325,11598.658183674317
00e12e8b_4326,11598.658183674317
00e12e8b_4327,11598.658183674317
00e12e8b_4328,11598.658183674317
00e12e8b_4329,11598.658183674317
00e12e8b_4330,11598.658183674317
00e12e8b_4331,11598.658183674317
00e12e8b_4332,11598.658183674317
00e12e8b_4333,11598.658183674317
00e12e8b_4334,11598.658183674317
00e12e8b_4335,11598.658183674317
00e12e8b_4336,11598.658183674317
00e12e8b_4337,11598.658183674317
00e12e8b_4338,11598.658183674317
00e12e8b_4339,11598.658183674317
00e12e8b_4340,11598.658183674317
00e12e8b_4341,11598.658183674317
00e12e8b_4342,11598.38077545628
00e12e8b_4343,11598.60371373101
00e12e8b_4344,11598.60371373101
00e12e8b_4345,11598.60371373101
00e12e8b_4346,11599.04619132206
00e12e8b_4347,11599.025678886559
00e12e8b_4348,11599.025678886559
00e12e8b_4349,11599.025678886559
00e12e8b_4350,11598.488583072365
00e12e8b_4351,11598.488583072365
00e12e8b_4352,11598.488583072365
00e12e8b_4353,11598.488583072365
00e12e8b_4354,11598.488583072365
00e12e8b_4355,11599.04619132206
00e12e8b_4356,11598.38077545628
00e12e8b_4357,11598.38077545628
00e12e8b_4358,11598.658183674317
00e12e8b_4359,11598.658183674317
00e12e8b_4360,11598.658183674317
00e12e8b_4361,11598.658183674317
00e12e8b_4362,11598.658183674317
00e12e8b_4363,11598.658183674317
00e12e8b_4364,11598.658183674317
00e12e8b_4365,11598.658183674317
00e12e8b_4366,11598.658183674317
00e12e8b_4367,11598.658183674317
00e12e8b_4368,11598.658183674317
00e12e8b_4369,11598.658183674317
00e12e8b_4370,11598.658183674317
00e12e8b_4371,11598.658183674317
00e12e8b_4372,11598.658183674317
00e12e8b_4373,11598.658183674317
00e12e8b_4374,11598.658183674317
00e12e8b_4375,11598.658183674317
00e12e8b_4376,11598.658183674317
00e12e8b_4377,11598.658183674317
00e12e8b_4378,11598.658183674317
00e12e8b_4379,11598.658183674317
00e12e8b_4380,11598.658183674317
00e12e8b_4381,11598.658183674317
00e12e8b_4382,11598.658183674317
00e12e8b_4383,11598.658183674317
00e12e8b_4384,11598.658183674317
00e12e8b_4385,11598.658183674317
00e12e8b_4386,11598.658183674317
00e12e8b_4387,11598.658183674317
00e12e8b_4388,11598.658183674317
00e12e8b_4389,11598.658183674317
00e12e8b_4390,11598.658183674317
00e12e8b_4391,11598.658183674317
00e12e8b_4392,11598.658183674317
00e12e8b_4393,11598.658183674317
00e12e8b_4394,11598.658183674317
00e12e8b_4395,11598.658183674317
00e12e8b_4396,11598.658183674317
00e12e8b_4397,11598.658183674317
00e12e8b_4398,11598.658183674317
00e12e8b_4399,11598.658183674317
00e12e8b_4400,11598.658183674317
00e12e8b_4401,11598.658183674317
00e12e8b_4402,11598.658183674317
00e12e8b_4403,11598.658183674317
00e12e8b_4404,11598.658183674317
00e12e8b_4405,11598.658183674317
00e12e8b_4406,11598.658183674317
00e12e8b_4407,11598.658183674317
00e12e8b_4408,11598.658183674317
00e12e8b_4409,11598.658183674317
00e12e8b_4410,11598.658183674317
00e12e8b_4411,11598.658183674317
00e12e8b_4412,11598.658183674317
00e12e8b_4413,11598.658183674317
00e12e8b_4414,11598.658183674317
00e12e8b_4415,11598.38077545628
00e12e8b_4416,11598.38077545628
00e12e8b_4417,11598.60371373101
00e12e8b_4418,11598.60371373101
00e12e8b_4419,11598.38077545628
00e12e8b_4420,11598.658183674317
00e12e8b_4421,11598.658183674317
00e12e8b_4422,11598.658183674317
00e12e8b_4423,11598.658183674317
00e12e8b_4424,11598.658183674317
00e12e8b_4425,11598.658183674317
00e12e8b_4426,11598.658183674317
00e12e8b_4427,11598.658183674317
00e12e8b_4428,11598.658183674317
00e12e8b_4429,11598.658183674317
00e12e8b_4430,11598.658183674317
00e12e8b_4431,11598.658183674317
00e12e8b_4432,11598.658183674317
00e12e8b_4433,11598.658183674317
00e12e8b_4434,11598.658183674317
00e12e8b_4435,11598.658183674317
00e12e8b_4436,11598.658183674317
00e12e8b_4437,11598.658183674317
00e12e8b_4438,11598.658183674317
00e12e8b_4439,11598.658183674317
00e12e8b_4440,11598.658183674317
00e12e8b_4441,11598.658183674317
00e12e8b_4442,11598.658183674317
00e12e8b_4443,11598.658183674317
00e12e8b_4444,11598.658183674317
00e12e8b_4445,11598.658183674317
00e12e8b_4446,11598.658183674317
00e12e8b_4447,11598.658183674317
00e12e8b_4448,11598.658183674317
00e12e8b_4449,11598.658183674317
00e12e8b_4450,11598.658183674317
00e12e8b_4451,11598.658183674317
00e12e8b_4452,11598.658183674317
00e12e8b_4453,11598.658183674317
00e12e8b_4454,11598.658183674317
00e12e8b_4455,11598.658183674317
00e12e8b_4456,11598.658183674317
00e12e8b_4457,11598.658183674317
00e12e8b_4458,11598.658183674317
00e12e8b_4459,11598.658183674317
00e12e8b_4460,11598.658183674317
00e12e8b_4461,11598.658183674317
00e12e8b_4462,11598.658183674317
00e12e8b_4463,11598.658183674317
00e12e8b_4464,11598.658183674317
00e12e8b_4465,11598.658183674317
00e12e8b_4466,11598.658183674317
00e12e8b_4467,11598.658183674317
00e12e8b_4468,11598.658183674317
00e12e8b_4469,11598.658183674317
00e12e8b_4470,11598.658183674317
00e12e8b_4471,11598.658183674317
00e12e8b_4472,11598.658183674317
00e12e8b_4473,11598.658183674317
00e12e8b_4474,11598.658183674317
00e12e8b_4475,11598.658183674317
00e12e8b_4476,11598.658183674317
00e12e8b_4477,11598.658183674317
00e12e8b_4478,11598.658183674317
00e12e8b_4479,11598.658183674317
00e12e8b_4480,11598.658183674317
00e12e8b_4481,11598.658183674317
00e12e8b_4482,11598.658183674317
00e12e8b_4483,11598.658183674317
00e12e8b_4484,11598.658183674317
00e12e8b_4485,11598.658183674317
00e12e8b_4486,11598.658183674317
00e12e8b_4487,11598.658183674317
00e12e8b_4488,11598.658183674317
00e12e8b_4489,11598.658183674317
00e12e8b_4490,11598.658183674317
00e12e8b_4491,11598.658183674317
00e12e8b_4492,11598.658183674317
00e12e8b_4493,11598.658183674317
00e12e8b_4494,11598.658183674317
00e12e8b_4495,11598.658183674317
00e12e8b_4496,11598.658183674317
00e12e8b_4497,11598.658183674317
00e12e8b_4498,11598.658183674317
00e12e8b_4499,11598.658183674317
00e12e8b_4500,11598.658183674317
00e12e8b_4501,11598.658183674317
00e12e8b_4502,11598.658183674317
00e12e8b_4503,11598.658183674317
00e12e8b_4504,11598.658183674317
00e12e8b_4505,11598.658183674317
00e12e8b_4506,11598.658183674317
00e12e8b_4507,11598.658183674317
00e12e8b_4508,11598.658183674317
00e12e8b_4509,11598.658183674317
00e12e8b_4510,11598.658183674317
00e12e8b_4511,11598.658183674317
00e12e8b_4512,11598.658183674317
00e12e8b_4513,11598.658183674317
00e12e8b_4514,11598.658183674317
00e12e8b_4515,11598.658183674317
00e12e8b_4516,11598.658183674317
00e12e8b_4517,11598.658183674317
00e12e8b_4518,11598.658183674317
00e12e8b_4519,11598.658183674317
00e12e8b_4520,11598.658183674317
00e12e8b_4521,11598.658183674317
00e12e8b_4522,11598.658183674317
00e12e8b_4523,11598.658183674317
00e12e8b_4524,11598.658183674317
00e12e8b_4525,11598.658183674317
00e12e8b_4526,11598.658183674317
00e12e8b_4527,11598.658183674317
00e12e8b_4528,11598.658183674317
00e12e8b_4529,11598.658183674317
00e12e8b_4530,11598.658183674317
00e12e8b_4531,11598.658183674317
00e12e8b_4532,11598.658183674317
00e12e8b_4533,11598.658183674317
00e12e8b_4534,11598.658183674317
00e12e8b_4535,11598.658183674317
00e12e8b_4536,11598.658183674317
00e12e8b_4537,11598.658183674317
00e12e8b_4538,11598.658183674317
00e12e8b_4539,11598.658183674317
00e12e8b_4540,11598.658183674317
00e12e8b_4541,11598.658183674317
00e12e8b_4542,11598.658183674317
00e12e8b_4543,11598.658183674317
00e12e8b_4544,11598.658183674317
00e12e8b_4545,11598.658183674317
00e12e8b_4546,11598.658183674317
00e12e8b_4547,11598.658183674317
00e12e8b_4548,11598.658183674317
00e12e8b_4549,11598.658183674317
00e12e8b_4550,11598.658183674317
00e12e8b_4551,11598.658183674317
00e12e8b_4552,11598.658183674317
00e12e8b_4553,11598.658183674317
00e12e8b_4554,11598.658183674317
00e12e8b_4555,11598.658183674317
00e12e8b_4556,11598.658183674317
00e12e8b_4557,11598.658183674317
00e12e8b_4558,11598.658183674317
00e12e8b_4559,11598.658183674317
00e12e8b_4560,11598.658183674317
00e12e8b_4561,11598.658183674317
00e12e8b_4562,11598.658183674317
00e12e8b_4563,11598.658183674317
00e12e8b_4564,11598.658183674317
00e12e8b_4565,11598.658183674317
00e12e8b_4566,11598.658183674317
00e12e8b_4567,11598.658183674317
00e12e8b_4568,11598.658183674317
00e12e8b_4569,11598.658183674317
00e12e8b_4570,11598.658183674317
00e12e8b_4571,11598.658183674317
00e12e8b_4572,11598.658183674317
00e12e8b_4573,11598.658183674317
00e12e8b_4574,11598.658183674317
00e12e8b_4575,11598.658183674317
00e12e8b_4576,11598.658183674317
00e12e8b_4577,11598.658183674317
00e12e8b_4578,11598.658183674317
00e12e8b_4579,11598.658183674317
00e12e8b_4580,11598.658183674317
00e12e8b_4581,11598.658183674317
00e12e8b_4582,11598.658183674317
00e12e8b_4583,11598.658183674317
00e12e8b_4584,11598.658183674317
00e12e8b_4585,11598.658183674317
00e12e8b_4586,11598.658183674317
00e12e8b_4587,11598.658183674317
00e12e8b_4588,11598.658183674317
00e12e8b_4589,11598.658183674317
00e12e8b_4590,11598.658183674317
00e12e8b_4591,11598.658183674317
00e12e8b_4592,11598.658183674317
00e12e8b_4593,11598.658183674317
00e12e8b_4594,11598.658183674317
00e12e8b_4595,11598.658183674317
00e12e8b_4596,11598.658183674317
00e12e8b_4597,11598.658183674317
00e12e8b_4598,11598.658183674317
00e12e8b_4599,11598.658183674317
00e12e8b_4600,11598.658183674317
00e12e8b_4601,11598.658183674317
00e12e8b_4602,11598.658183674317
00e12e8b_4603,11598.658183674317
00e12e8b_4604,11598.658183674317
00e12e8b_4605,11598.658183674317
00e12e8b_4606,11598.658183674317
00e12e8b_4607,11598.658183674317
00e12e8b_4608,11598.658183674317
00e12e8b_4609,11598.658183674317
00e12e8b_4610,11598.658183674317
00e12e8b_4611,11598.658183674317
00e12e8b_4612,11598.658183674317
00e12e8b_4613,11598.658183674317
00e12e8b_4614,11598.591923220785
00e12e8b_4615,11598.591923220785
00e12e8b_4616,11598.591923220785
00e12e8b_4617,11598.591923220785
00e12e8b_4618,11598.591923220785
00e12e8b_4619,11598.591923220785
00e12e8b_4620,11598.591923220785
00e12e8b_4621,11598.591923220785
00e12e8b_4622,11598.591923220785
00e12e8b_4623,11598.591923220785
00e12e8b_4624,11598.591923220785
00e12e8b_4625,11598.591923220785
00e12e8b_4626,11598.591923220785
00e12e8b_4627,11598.591923220785
00e12e8b_4628,11598.591923220785
00e12e8b_4629,11598.591923220785
00e12e8b_4630,11598.591923220785
00e12e8b_4631,11598.591923220785
00e12e8b_4632,11598.591923220785
00e12e8b_4633,11598.591923220785
00e12e8b_4634,11598.591923220785
00e12e8b_4635,11598.591923220785
00e12e8b_4636,11598.591923220785
00e12e8b_4637,11598.591923220785
00e12e8b_4638,11598.591923220785
00e12e8b_4639,11598.591923220785
00e12e8b_4640,11598.591923220785
00e12e8b_4641,11598.591923220785
00e12e8b_4642,11598.591923220785
00e12e8b_4643,11598.591923220785
00e12e8b_4644,11598.591923220785
00e12e8b_4645,11598.591923220785
00e12e8b_4646,11598.591923220785
00e12e8b_4647,11598.591923220785
00e12e8b_4648,11598.591923220785
00e12e8b_4649,11598.591923220785
00e12e8b_4650,11598.591923220785
00e12e8b_4651,11598.591923220785
00e12e8b_4652,11598.591923220785
00e12e8b_4653,11598.591923220785
00e12e8b_4654,11598.591923220785
00e12e8b_4655,11598.591923220785
00e12e8b_4656,11598.591923220785
00e12e8b_4657,11598.591923220785
00e12e8b_4658,11598.591923220785
00e12e8b_4659,11598.591923220785
00e12e8b_4660,11598.591923220785
00e12e8b_4661,11598.591923220785
00e12e8b_4662,11598.591923220785
00e12e8b_4663,11598.591923220785
00e12e8b_4664,11598.591923220785
00e12e8b_4665,11598.591923220785
00e12e8b_4666,11598.591923220785
00e12e8b_4667,11598.591923220785
00e12e8b_4668,11598.591923220785
00e12e8b_4669,11598.591923220785
00e12e8b_4670,11598.591923220785
00e12e8b_4671,11598.591923220785
00e12e8b_4672,11598.591923220785
00e12e8b_4673,11598.591923220785
00e12e8b_4674,11598.537453277479
00e12e8b_4675,11598.422322618833
00e12e8b_4676,11598.422322618833
00e12e8b_4677,11597.576910014359
00e12e8b_4678,11598.11031494933
00e12e8b_4679,11597.576910014359
00e12e8b_4680,11597.472651962957
00e12e8b_4681,11597.581610916366
00e12e8b_4682,11597.576910014359
00e12e8b_4683,11598.11031494933
00e12e8b_4684,11598.644425297964
00e12e8b_4685,11598.644425297964
00e12e8b_4686,11599.123651068518
00e12e8b_4687,11599.047797528548
00e12e8b_4688,11599.047797528548
00e12e8b_4689,11599.28175135316
00e12e8b_4690,11598.142794581698
00e12e8b_4691,11598.502889739615
00e12e8b_4692,11598.537453277479
00e12e8b_4693,11598.591923220785
00e12e8b_4694,11598.591923220785
00e12e8b_4695,11598.591923220785
00e12e8b_4696,11598.591923220785
00e12e8b_4697,11598.591923220785
00e12e8b_4698,11598.591923220785
00e12e8b_4699,11598.591923220785
00e12e8b_4700,11598.591923220785
00e12e8b_4701,11598.314515002749
00e12e8b_4702,11598.314515002749
00e12e8b_4703,11598.537453277479
00e12e8b_4704,11598.314515002749
00e12e8b_4705,11598.591923220785
00e12e8b_4706,11598.591923220785
00e12e8b_4707,11598.591923220785
00e12e8b_4708,11598.591923220785
00e12e8b_4709,11598.591923220785
00e12e8b_4710,11598.591923220785
00e12e8b_4711,11598.591923220785
00e12e8b_4712,11598.591923220785
00e12e8b_4713,11598.591923220785
00e12e8b_4714,11598.591923220785
00e12e8b_4715,11598.591923220785
00e12e8b_4716,11598.591923220785
00e12e8b_4717,11598.795508720148
00e12e8b_4718,11598.795508720148
00e12e8b_4719,11598.795508720148
00e12e8b_4720,11598.795508720148
00e12e8b_4721,11598.795508720148
00e12e8b_4722,11598.795508720148
00e12e8b_4723,11598.795508720148
00e12e8b_4724,11598.795508720148
00e12e8b_4725,11598.795508720148
00e12e8b_4726,11598.795508720148
00e12e8b_4727,11598.795508720148
00e12e8b_4728,11598.795508720148
00e12e8b_4729,11598.795508720148
00e12e8b_4730,11598.795508720148
00e12e8b_4731,11598.795508720148
00e12e8b_4732,11598.795508720148
00e12e8b_4733,11598.795508720148
00e12e8b_4734,11598.795508720148
00e12e8b_4735,11598.795508720148
00e12e8b_4736,11598.795508720148
00e12e8b_4737,11598.795508720148
00e12e8b_4738,11598.795508720148
00e12e8b_4739,11598.795508720148
00e12e8b_4740,11598.795508720148
00e12e8b_4741,11598.795508720148
00e12e8b_4742,11598.518100502111
00e12e8b_4743,11598.741038776841
00e12e8b_4744,11598.741038776841
00e12e8b_4745,11598.741038776841
00e12e8b_4746,11598.741038776841
00e12e8b_4747,11598.741038776841
00e12e8b_4748,11598.518100502111
00e12e8b_4749,11598.518100502111
00e12e8b_4750,11598.795508720148
00e12e8b_4751,11598.795508720148
00e12e8b_4752,11598.795508720148
00e12e8b_4753,11598.795508720148
00e12e8b_4754,11598.795508720148
00e12e8b_4755,11598.795508720148
00e12e8b_4756,11598.795508720148
00e12e8b_4757,11598.795508720148
00e12e8b_4758,11598.795508720148
00e12e8b_4759,11598.795508720148
00e12e8b_4760,11598.795508720148
00e12e8b_4761,11598.795508720148
00e12e8b_4762,11598.795508720148
00e12e8b_4763,11598.795508720148
00e12e8b_4764,11598.795508720148
00e12e8b_4765,11598.795508720148
00e12e8b_4766,11598.795508720148
00e12e8b_4767,11598.795508720148
00e12e8b_4768,11598.795508720148
00e12e8b_4769,11598.795508720148
00e12e8b_4770,11598.795508720148
00e12e8b_4771,11598.795508720148
00e12e8b_4772,11598.795508720148
00e12e8b_4773,11598.795508720148
00e12e8b_4774,11598.795508720148
00e12e8b_4775,11598.795508720148
00e12e8b_4776,11598.795508720148
00e12e8b_4777,11598.795508720148
00e12e8b_4778,11598.795508720148
00e12e8b_4779,11598.795508720148
00e12e8b_4780,11598.795508720148
00e12e8b_4781,11598.795508720148
00e12e8b_4782,11598.795508720148
00e12e8b_4783,11598.795508720148
00e12e8b_4784,11598.795508720148
00e12e8b_4785,11598.795508720148
00e12e8b_4786,11598.795508720148
00e12e8b_4787,11598.795508720148
00e12e8b_4788,11598.795508720148
00e12e8b_4789,11598.795508720148
00e12e8b_4790,11598.795508720148
00e12e8b_4791,11598.795508720148
00e12e8b_4792,11598.795508720148
00e12e8b_4793,11598.795508720148
00e12e8b_4794,11598.795508720148
00e12e8b_4795,11598.795508720148
00e12e8b_4796,11598.795508720148
00e12e8b_4797,11598.795508720148
00e12e8b_4798,11598.795508720148
00e12e8b_4799,11598.795508720148
00e12e8b_4800,11598.795508720148
00e12e8b_4801,11598.795508720148
00e12e8b_4802,11598.795508720148
00e12e8b_4803,11598.795508720148
00e12e8b_4804,11598.795508720148
00e12e8b_4805,11598.795508720148
00e12e8b_4806,11598.795508720148
00e12e8b_4807,11598.795508720148
00e12e8b_4808,11598.795508720148
00e12e8b_4809,11598.795508720148
00e12e8b_4810,11598.795508720148
00e12e8b_4811,11598.795508720148
00e12e8b_4812,11598.795508720148
00e12e8b_4813,11598.795508720148
00e12e8b_4814,11598.795508720148
00e12e8b_4815,11598.795508720148
00e12e8b_4816,11598.795508720148
00e12e8b_4817,11598.795508720148
00e12e8b_4818,11598.795508720148
00e12e8b_4819,11598.795508720148
00e12e8b_4820,11598.795508720148
00e12e8b_4821,11598.795508720148
00e12e8b_4822,11598.795508720148
00e12e8b_4823,11598.795508720148
00e12e8b_4824,11598.795508720148
00e12e8b_4825,11598.795508720148
00e12e8b_4826,11598.795508720148
00e12e8b_4827,11598.795508720148
00e12e8b_4828,11598.795508720148
00e12e8b_4829,11598.795508720148
00e12e8b_4830,11598.795508720148
00e12e8b_4831,11598.741038776841
00e12e8b_4832,11599.183516367892
00e12e8b_4833,11598.706475238978
00e12e8b_4834,11598.625908118196
00e12e8b_4835,11598.625908118196
00e12e8b_4836,11598.625908118196
00e12e8b_4837,11598.706475238978
00e12e8b_4838,11599.183516367892
00e12e8b_4839,11598.741038776841
00e12e8b_4840,11598.518100502111
00e12e8b_4841,11598.795508720148
00e12e8b_4842,11598.795508720148
00e12e8b_4843,11598.795508720148
00e12e8b_4844,11598.795508720148
00e12e8b_4845,11598.795508720148
00e12e8b_4846,11598.970810408904
00e12e8b_4847,11598.970810408904
00e12e8b_4848,11598.970810408904
00e12e8b_4849,11598.970810408904
00e12e8b_4850,11598.970810408904
00e12e8b_4851,11598.693402190867
00e12e8b_4852,11598.916340465597
00e12e8b_4853,11598.916340465597
00e12e8b_4854,11598.693402190867
00e12e8b_4855,11598.693402190867
00e12e8b_4856,11598.916340465597
00e12e8b_4857,11598.916340465597
00e12e8b_4858,11599.338305621146
00e12e8b_4859,11598.801209806952
00e12e8b_4860,11598.801209806952
00e12e8b_4861,11598.801209806952
00e12e8b_4862,11598.881776927734
00e12e8b_4863,11598.881776927734
00e12e8b_4864,11599.358818056648
00e12e8b_4865,11598.916340465597
00e12e8b_4866,11598.916340465597
00e12e8b_4867,11599.358818056648
00e12e8b_4868,11599.358818056648
00e12e8b_4869,11599.358818056648
00e12e8b_4870,11598.916340465597
00e12e8b_4871,11598.693402190867
00e12e8b_4872,11598.970810408904
00e12e8b_4873,11598.970810408904
00e12e8b_4874,11598.970810408904
00e12e8b_4875,11598.970810408904
00e12e8b_4876,11598.970810408904
00e12e8b_4877,11598.970810408904
00e12e8b_4878,11598.970810408904
00e12e8b_4879,11598.970810408904
00e12e8b_4880,11598.970810408904
00e12e8b_4881,11598.970810408904
00e12e8b_4882,11598.970810408904
00e12e8b_4883,11598.970810408904
00e12e8b_4884,11598.970810408904
00e12e8b_4885,11598.970810408904
00e12e8b_4886,11598.970810408904
00e12e8b_4887,11598.970810408904
00e12e8b_4888,11598.970810408904
00e12e8b_4889,11598.970810408904
00e12e8b_4890,11598.970810408904
00e12e8b_4891,11598.970810408904
00e12e8b_4892,11598.970810408904
00e12e8b_4893,11598.970810408904
00e12e8b_4894,11598.970810408904
00e12e8b_4895,11598.970810408904
00e12e8b_4896,11598.970810408904
00e12e8b_4897,11598.970810408904
00e12e8b_4898,11598.970810408904
00e12e8b_4899,11598.970810408904
00e12e8b_4900,11598.970810408904
00e12e8b_4901,11598.970810408904
00e12e8b_4902,11598.970810408904
00e12e8b_4903,11598.970810408904
00e12e8b_4904,11598.970810408904
00e12e8b_4905,11598.970810408904
00e12e8b_4906,11598.970810408904
00e12e8b_4907,11598.970810408904
00e12e8b_4908,11598.970810408904
00e12e8b_4909,11598.970810408904
00e12e8b_4910,11598.970810408904
00e12e8b_4911,11598.970810408904
00e12e8b_4912,11598.970810408904
00e12e8b_4913,11598.970810408904
00e12e8b_4914,11598.970810408904
00e12e8b_4915,11598.970810408904
00e12e8b_4916,11598.970810408904
00e12e8b_4917,11598.970810408904
00e12e8b_4918,11598.970810408904
00e12e8b_4919,11599.70081535333
00e12e8b_4920,11599.70081535333
00e12e8b_4921,11599.70081535333
00e12e8b_4922,11599.70081535333
00e12e8b_4923,11599.70081535333
00e12e8b_4924,11599.70081535333
00e12e8b_4925,11599.70081535333
00e12e8b_4926,11599.70081535333
00e12e8b_4927,11599.70081535333
00e12e8b_4928,11599.70081535333
00e12e8b_4929,11599.646345410023
00e12e8b_4930,11599.646345410023
00e12e8b_4931,11600.088823001073
00e12e8b_4932,11600.068310565572
00e12e8b_4933,11600.068310565572
00e12e8b_4934,11600.088823001073
00e12e8b_4935,11599.423407135293
00e12e8b_4936,11599.423407135293
00e12e8b_4937,11599.70081535333
00e12e8b_4938,11599.70081535333
00e12e8b_4939,11599.70081535333
00e12e8b_4940,11599.70081535333
00e12e8b_4941,11599.70081535333
00e12e8b_4942,11599.70081535333
00e12e8b_4943,11599.70081535333
00e12e8b_4944,11599.72534424333
00e12e8b_4945,11599.72534424333
00e12e8b_4946,11599.72534424333
00e12e8b_4947,11599.72534424333
00e12e8b_4948,11599.72534424333
00e12e8b_4949,11599.72534424333
00e12e8b_4950,11599.72534424333
00e12e8b_4951,11599.72534424333
00e12e8b_4952,11599.72534424333
00e12e8b_4953,11599.72534424333
00e12e8b_4954,11599.72534424333
00e12e8b_4955,11599.72534424333
00e12e8b_4956,11599.72534424333
00e12e8b_4957,11599.72534424333
00e12e8b_4958,11599.72534424333
00e12e8b_4959,11599.72534424333
00e12e8b_4960,11599.72534424333
00e12e8b_4961,11599.72534424333
00e12e8b_4962,11599.72534424333
00e12e8b_4963,11599.72534424333
00e12e8b_4964,11599.72534424333
00e12e8b_4965,11599.72534424333
00e12e8b_4966,11599.72534424333
00e12e8b_4967,11599.72534424333
00e12e8b_4968,11599.72534424333
00e12e8b_4969,11599.72534424333
00e12e8b_4970,11599.72534424333
00e12e8b_4971,11600.113351891074
00e12e8b_4972,11599.555743641378
00e12e8b_4973,11599.555743641378
00e12e8b_4974,11599.555743641378
00e12e8b_4975,11599.555743641378
00e12e8b_4976,11599.63631076216
00e12e8b_4977,11599.555743641378
00e12e8b_4978,11599.555743641378
00e12e8b_4979,11599.555743641378
00e12e8b_4980,11599.555743641378
00e12e8b_4981,11599.555743641378
00e12e8b_4982,11599.555743641378
00e12e8b_4983,11599.63631076216
00e12e8b_4984,11600.092839455572
00e12e8b_4985,11599.670874300024
00e12e8b_4986,11599.72534424333
00e12e8b_4987,11599.72534424333
00e12e8b_4988,11599.72534424333
00e12e8b_4989,11599.72534424333
00e12e8b_4990,11599.72534424333
00e12e8b_4991,11599.72534424333
00e12e8b_4992,11599.72534424333
00e12e8b_4993,11599.72534424333
00e12e8b_4994,11599.72534424333
00e12e8b_4995,11599.72534424333
00e12e8b_4996,11599.72534424333
00e12e8b_4997,11599.447936025294
00e12e8b_4998,11599.447936025294
00e12e8b_4999,11599.447936025294
00e12e8b_5000,11599.447936025294
00e12e8b_5001,11599.447936025294
00e12e8b_5002,11599.72534424333
00e12e8b_5003,11599.72534424333
00e12e8b_5004,11599.72534424333
00e12e8b_5005,11599.72534424333
00e12e8b_5006,11599.72534424333
00e12e8b_5007,11599.72534424333
00e12e8b_5008,11599.72534424333
00e12e8b_5009,11599.72534424333
00e12e8b_5010,11599.72534424333
00e12e8b_5011,11599.72534424333
00e12e8b_5012,11599.72534424333
00e12e8b_5013,11599.72534424333
00e12e8b_5014,11599.72534424333
00e12e8b_5015,11599.72534424333
00e12e8b_5016,11599.72534424333
00e12e8b_5017,11599.72534424333
00e12e8b_5018,11599.72534424333
00e12e8b_5019,11599.72534424333
00e12e8b_5020,11599.72534424333
00e12e8b_5021,11599.72534424333
00e12e8b_5022,11599.72534424333
00e12e8b_5023,11599.72534424333
00e12e8b_5024,11599.447936025294
00e12e8b_5025,11599.447936025294
00e12e8b_5026,11600.113351891074
00e12e8b_5027,11599.63631076216
00e12e8b_5028,11599.63631076216
00e12e8b_5029,11599.555743641378
00e12e8b_5030,11598.606072985502
00e12e8b_5031,11598.606072985502
00e12e8b_5032,11599.555743641378
00e12e8b_5033,11598.606072985502
00e12e8b_5034,11599.555743641378
00e12e8b_5035,11599.555743641378
00e12e8b_5036,11600.113351891074
00e12e8b_5037,11600.113351891074
00e12e8b_5038,11599.447936025294
00e12e8b_5039,11599.72534424333
00e12e8b_5040,11599.72534424333
00e12e8b_5041,11599.72534424333
00e12e8b_5042,11599.72534424333
00e12e8b_5043,11599.72534424333
00e12e8b_5044,11599.72534424333
00e12e8b_5045,11599.72534424333
00e12e8b_5046,11599.72534424333
00e12e8b_5047,11599.72534424333
00e12e8b_5048,11599.72534424333
00e12e8b_5049,11599.72534424333
00e12e8b_5050,11599.72534424333
00e12e8b_5051,11599.72534424333
00e12e8b_5052,11599.72534424333
00e12e8b_5053,11599.72534424333
00e12e8b_5054,11599.72534424333
00e12e8b_5055,11599.72534424333
00e12e8b_5056,11599.72534424333
00e12e8b_5057,11599.72534424333
00e12e8b_5058,11599.72534424333
00e12e8b_5059,11599.72534424333
00e12e8b_5060,11599.72534424333
00e12e8b_5061,11599.72534424333
00e12e8b_5062,11599.72534424333
00e12e8b_5063,11599.72534424333
00e12e8b_5064,11599.72534424333
00e12e8b_5065,11599.72534424333
00e12e8b_5066,11599.72534424333
00e12e8b_5067,11599.72534424333
00e12e8b_5068,11599.72534424333
00e12e8b_5069,11599.72534424333
00e12e8b_5070,11599.72534424333
00e12e8b_5071,11599.72534424333
00e12e8b_5072,11599.72534424333
00e12e8b_5073,11599.72534424333
00e12e8b_5074,11599.72534424333
00e12e8b_5075,11599.72534424333
00e12e8b_5076,11599.72534424333
00e12e8b_5077,11599.72534424333
00e12e8b_5078,11599.72534424333
00e12e8b_5079,11599.72534424333
00e12e8b_5080,11599.72534424333
00e12e8b_5081,11599.72534424333
00e12e8b_5082,11599.72534424333
00e12e8b_5083,11599.72534424333
00e12e8b_5084,11599.72534424333
00e12e8b_5085,11599.72534424333
00e12e8b_5086,11599.72534424333
00e12e8b_5087,11599.72534424333
00e12e8b_5088,11599.72534424333
00e12e8b_5089,11599.72534424333
00e12e8b_5090,11599.72534424333
00e12e8b_5091,11599.72534424333
00e12e8b_5092,11599.72534424333
00e12e8b_5093,11599.29102702297
00e12e8b_5094,11599.29102702297
00e12e8b_5095,11599.29102702297
00e12e8b_5096,11599.29102702297
00e12e8b_5097,11599.29102702297
00e12e8b_5098,11599.29102702297
00e12e8b_5099,11599.29102702297
00e12e8b_5100,11599.29102702297
00e12e8b_5101,11599.29102702297
00e12e8b_5102,11599.29102702297
00e12e8b_5103,11599.29102702297
00e12e8b_5104,11599.29102702297
00e12e8b_5105,11599.29102702297
00e12e8b_5106,11599.29102702297
00e12e8b_5107,11599.29102702297
00e12e8b_5108,11599.29102702297
00e12e8b_5109,11599.29102702297
00e12e8b_5110,11599.29102702297
00e12e8b_5111,11599.29102702297
00e12e8b_5112,11599.29102702297
00e12e8b_5113,11599.29102702297
00e12e8b_5114,11599.29102702297
00e12e8b_5115,11599.29102702297
00e12e8b_5116,11599.29102702297
00e12e8b_5117,11599.29102702297
00e12e8b_5118,11599.29102702297
00e12e8b_5119,11599.29102702297
00e12e8b_5120,11599.29102702297
00e12e8b_5121,11599.29102702297
00e12e8b_5122,11599.29102702297
00e12e8b_5123,11599.29102702297
00e12e8b_5124,11599.29102702297
00e12e8b_5125,11599.29102702297
00e12e8b_5126,11599.29102702297
00e12e8b_5127,11599.29102702297
00e12e8b_5128,11599.29102702297
00e12e8b_5129,11599.29102702297
00e12e8b_5130,11599.29102702297
00e12e8b_5131,11599.29102702297
00e12e8b_5132,11599.29102702297
00e12e8b_5133,11599.29102702297
00e12e8b_5134,11599.29102702297
00e12e8b_5135,11599.29102702297
00e12e8b_5136,11599.29102702297
00e12e8b_5137,11599.29102702297
00e12e8b_5138,11599.29102702297
00e12e8b_5139,11599.29102702297
00e12e8b_5140,11599.29102702297
00e12e8b_5141,11599.29102702297
00e12e8b_5142,11599.29102702297
00e12e8b_5143,11599.29102702297
00e12e8b_5144,11599.29102702297
00e12e8b_5145,11599.29102702297
00e12e8b_5146,11599.29102702297
00e12e8b_5147,11599.29102702297
00e12e8b_5148,11599.29102702297
00e12e8b_5149,11599.29102702297
00e12e8b_5150,11599.29102702297
00e12e8b_5151,11599.29102702297
00e12e8b_5152,11599.29102702297
00e12e8b_5153,11599.29102702297
00e12e8b_5154,11599.29102702297
00e12e8b_5155,11599.29102702297
00e12e8b_5156,11599.29102702297
00e12e8b_5157,11599.29102702297
00e12e8b_5158,11599.29102702297
00e12e8b_5159,11599.29102702297
00e12e8b_5160,11599.29102702297
00e12e8b_5161,11599.29102702297
00e12e8b_5162,11599.29102702297
00e12e8b_5163,11599.29102702297
00e12e8b_5164,11599.29102702297
00e12e8b_5165,11599.29102702297
00e12e8b_5166,11599.29102702297
00e12e8b_5167,11599.29102702297
00e12e8b_5168,11599.29102702297
00e12e8b_5169,11599.29102702297
00e12e8b_5170,11599.29102702297
00e12e8b_5171,11599.29102702297
00e12e8b_5172,11599.29102702297
00e12e8b_5173,11599.29102702297
00e12e8b_5174,11599.29102702297
00e12e8b_5175,11599.29102702297
00e12e8b_5176,11599.29102702297
00e12e8b_5177,11599.29102702297
00e12e8b_5178,11599.29102702297
00e12e8b_5179,11599.29102702297
00e12e8b_5180,11599.29102702297
00e12e8b_5181,11599.29102702297
00e12e8b_5182,11599.29102702297
00e12e8b_5183,11599.29102702297
00e12e8b_5184,11599.29102702297
00e12e8b_5185,11599.29102702297
00e12e8b_5186,11599.29102702297
00e12e8b_5187,11599.29102702297
00e12e8b_5188,11599.29102702297
00e12e8b_5189,11599.29102702297
00e12e8b_5190,11599.29102702297
00e12e8b_5191,11599.29102702297
00e12e8b_5192,11599.29102702297
00e12e8b_5193,11599.29102702297
00e12e8b_5194,11599.29102702297
00e12e8b_5195,11599.29102702297
00e12e8b_5196,11599.29102702297
00e12e8b_5197,11599.29102702297
00e12e8b_5198,11599.29102702297
00e12e8b_5199,11599.29102702297
00e12e8b_5200,11599.29102702297
00e12e8b_5201,11599.29102702297
00e12e8b_5202,11599.29102702297
00e12e8b_5203,11599.29102702297
00e12e8b_5204,11599.29102702297
00e12e8b_5205,11599.29102702297
00e12e8b_5206,11599.29102702297
00e12e8b_5207,11599.29102702297
00e12e8b_5208,11599.29102702297
00e12e8b_5209,11599.29102702297
00e12e8b_5210,11599.29102702297
00e12e8b_5211,11599.29102702297
00e12e8b_5212,11599.29102702297
00e12e8b_5213,11599.29102702297
00e12e8b_5214,11599.29102702297
00e12e8b_5215,11599.29102702297
00e12e8b_5216,11599.29102702297
00e12e8b_5217,11599.29102702297
00e12e8b_5218,11599.29102702297
00e12e8b_5219,11599.29102702297
00e12e8b_5220,11599.29102702297
00e12e8b_5221,11599.29102702297
00e12e8b_5222,11599.29102702297
00e12e8b_5223,11599.29102702297
00e12e8b_5224,11599.29102702297
00e12e8b_5225,11598.834071638335
00e12e8b_5226,11598.834071638335
00e12e8b_5227,11598.834071638335
00e12e8b_5228,11598.834071638335
00e12e8b_5229,11598.834071638335
00e12e8b_5230,11598.834071638335
00e12e8b_5231,11598.834071638335
00e12e8b_5232,11598.834071638335
00e12e8b_5233,11598.834071638335
00e12e8b_5234,11598.834071638335
00e12e8b_5235,11598.834071638335
00e12e8b_5236,11598.834071638335
00e12e8b_5237,11598.834071638335
00e12e8b_5238,11598.834071638335
00e12e8b_5239,11598.834071638335
00e12e8b_5240,11598.834071638335
00e12e8b_5241,11598.834071638335
00e12e8b_5242,11598.834071638335
00e12e8b_5243,11598.834071638335
00e12e8b_5244,11598.834071638335
00e12e8b_5245,11598.834071638335
00e12e8b_5246,11598.834071638335
00e12e8b_5247,11598.834071638335
00e12e8b_5248,11598.834071638335
00e12e8b_5249,11598.834071638335
00e12e8b_5250,11598.834071638335
00e12e8b_5251,11598.834071638335
00e12e8b_5252,11598.834071638335
00e12e8b_5253,11598.834071638335
00e12e8b_5254,11598.834071638335
00e12e8b_5255,11598.834071638335
00e12e8b_5256,11598.834071638335
00e12e8b_5257,11598.834071638335
00e12e8b_5258,11598.834071638335
00e12e8b_5259,11598.834071638335
00e12e8b_5260,11598.834071638335
00e12e8b_5261,11598.834071638335
00e12e8b_5262,11598.834071638335
00e12e8b_5263,11598.834071638335
00e12e8b_5264,11598.834071638335
00e12e8b_5265,11598.834071638335
00e12e8b_5266,11598.834071638335
00e12e8b_5267,11598.834071638335
00e12e8b_5268,11598.834071638335
00e12e8b_5269,11598.834071638335
00e12e8b_5270,11598.834071638335
00e12e8b_5271,11598.834071638335
00e12e8b_5272,11598.834071638335
00e12e8b_5273,11598.834071638335
00e12e8b_5274,11598.900601591635
00e12e8b_5275,11598.900601591635
00e12e8b_5276,11598.900601591635
00e12e8b_5277,11598.900601591635
00e12e8b_5278,11598.900601591635
00e12e8b_5279,11598.900601591635
00e12e8b_5280,11598.900601591635
00e12e8b_5281,11598.900601591635
00e12e8b_5282,11598.900601591635
00e12e8b_5283,11598.900601591635
00e12e8b_5284,11598.900601591635
00e12e8b_5285,11598.900601591635
00e12e8b_5286,11598.900601591635
00e12e8b_5287,11598.900601591635
00e12e8b_5288,11598.900601591635
00e12e8b_5289,11598.900601591635
00e12e8b_5290,11598.900601591635
00e12e8b_5291,11598.900601591635
00e12e8b_5292,11598.900601591635
00e12e8b_5293,11598.900601591635
00e12e8b_5294,11598.900601591635
00e12e8b_5295,11598.900601591635
00e12e8b_5296,11598.900601591635
00e12e8b_5297,11598.900601591635
00e12e8b_5298,11598.900601591635
00e12e8b_5299,11598.900601591635
00e12e8b_5300,11598.900601591635
00e12e8b_5301,11598.900601591635
00e12e8b_5302,11598.905292689753
00e12e8b_5303,11598.905292689753
00e12e8b_5304,11598.905292689753
00e12e8b_5305,11598.905292689753
00e12e8b_5306,11598.905292689753
00e12e8b_5307,11598.905292689753
00e12e8b_5308,11598.905292689753
00e12e8b_5309,11598.905292689753
00e12e8b_5310,11598.905292689753
00e12e8b_5311,11598.905292689753
00e12e8b_5312,11598.905292689753
00e12e8b_5313,11598.905292689753
00e12e8b_5314,11598.905292689753
00e12e8b_5315,11598.905292689753
00e12e8b_5316,11598.905292689753
00e12e8b_5317,11598.905292689753
00e12e8b_5318,11598.905292689753
00e12e8b_5319,11598.905292689753
00e12e8b_5320,11598.905292689753
00e12e8b_5321,11598.905292689753
00e12e8b_5322,11598.905292689753
00e12e8b_5323,11598.905292689753
00e12e8b_5324,11598.905292689753
00e12e8b_5325,11598.905292689753
00e12e8b_5326,11598.905292689753
00e12e8b_5327,11598.905292689753
00e12e8b_5328,11598.905292689753
00e12e8b_5329,11598.905292689753
00e12e8b_5330,11598.905292689753
00e12e8b_5331,11598.905292689753
00e12e8b_5332,11598.905292689753
00e12e8b_5333,11598.875099315113
00e12e8b_5334,11598.875099315113
00e12e8b_5335,11598.905292689753
00e12e8b_5336,11598.905292689753
00e12e8b_5337,11598.905292689753
00e12e8b_5338,11598.905292689753
00e12e8b_5339,11598.905292689753
00e12e8b_5340,11598.905292689753
00e12e8b_5341,11598.905292689753
00e12e8b_5342,11598.905292689753
00e12e8b_5343,11598.905292689753
00e12e8b_5344,11598.905292689753
00e12e8b_5345,11598.905292689753
00e12e8b_5346,11598.905292689753
00e12e8b_5347,11598.905292689753
00e12e8b_5348,11598.905292689753
00e12e8b_5349,11598.905292689753
00e12e8b_5350,11598.905292689753
00e12e8b_5351,11598.905292689753
00e12e8b_5352,11598.905292689753
00e12e8b_5353,11598.905292689753
00e12e8b_5354,11598.905292689753
00e12e8b_5355,11598.905292689753
00e12e8b_5356,11598.905292689753
00e12e8b_5357,11598.905292689753
00e12e8b_5358,11598.905292689753
00e12e8b_5359,11598.905292689753
00e12e8b_5360,11598.905292689753
00e12e8b_5361,11598.905292689753
00e12e8b_5362,11598.905292689753
00e12e8b_5363,11598.905292689753
00e12e8b_5364,11598.905292689753
00e12e8b_5365,11598.905292689753
00e12e8b_5366,11598.905292689753
00e12e8b_5367,11598.905292689753
00e12e8b_5368,11598.905292689753
00e12e8b_5369,11598.905292689753
00e12e8b_5370,11598.905292689753
00e12e8b_5371,11598.905292689753
00e12e8b_5372,11598.905292689753
00e12e8b_5373,11598.905292689753
00e12e8b_5374,11598.905292689753
00e12e8b_5375,11598.905292689753
00e12e8b_5376,11598.905292689753
00e12e8b_5377,11598.905292689753
00e12e8b_5378,11598.905292689753
00e12e8b_5379,11598.905292689753
00e12e8b_5380,11598.905292689753
00e12e8b_5381,11598.905292689753
00e12e8b_5382,11598.905292689753
00e12e8b_5383,11598.905292689753
00e12e8b_5384,11598.905292689753
00e12e8b_5385,11598.905292689753
00e12e8b_5386,11598.905292689753
00e12e8b_5387,11598.905292689753
00e12e8b_5388,11598.905292689753
00e12e8b_5389,11598.905292689753
00e12e8b_5390,11600.099087896117
00e12e8b_5391,11600.099087896117
00e12e8b_5392,11600.099087896117
00e12e8b_5393,11600.099087896117
00e12e8b_5394,11600.099087896117
00e12e8b_5395,11600.099087896117
00e12e8b_5396,11600.099087896117
00e12e8b_5397,11600.099087896117
00e12e8b_5398,11600.099087896117
00e12e8b_5399,11600.099087896117
00e12e8b_5400,11600.099087896117
00e12e8b_5401,11600.099087896117
00e12e8b_5402,11600.099087896117
00e12e8b_5403,11600.099087896117
00e12e8b_5404,11600.099087896117
00e12e8b_5405,11600.099087896117
00e12e8b_5406,11600.099087896117
00e12e8b_5407,11600.099087896117
00e12e8b_5408,11600.099087896117
00e12e8b_5409,11600.099087896117
00e12e8b_5410,11600.099087896117
00e12e8b_5411,11600.099087896117
00e12e8b_5412,11600.099087896117
00e12e8b_5413,11600.099087896117
00e12e8b_5414,11600.099087896117
00e12e8b_5415,11600.099087896117
00e12e8b_5416,11600.099087896117
00e12e8b_5417,11600.099087896117
00e12e8b_5418,11600.099087896117
00e12e8b_5419,11600.099087896117
00e12e8b_5420,11600.099087896117
00e12e8b_5421,11600.099087896117
00e12e8b_5422,11600.099087896117
00e12e8b_5423,11600.099087896117
00e12e8b_5424,11600.099087896117
00e12e8b_5425,11600.099087896117
00e12e8b_5426,11600.099087896117
00e12e8b_5427,11600.099087896117
00e12e8b_5428,11600.099087896117
00e12e8b_5429,11600.099087896117
00e12e8b_5430,11600.099087896117
00e12e8b_5431,11600.099087896117
00e12e8b_5432,11600.099087896117
00e12e8b_5433,11600.099087896117
00e12e8b_5434,11600.099087896117
00e12e8b_5435,11600.099087896117
00e12e8b_5436,11600.099087896117
00e12e8b_5437,11600.099087896117
00e12e8b_5438,11600.099087896117
00e12e8b_5439,11600.099087896117
00e12e8b_5440,11600.099087896117
00e12e8b_5441,11600.099087896117
00e12e8b_5442,11600.099087896117
00e12e8b_5443,11600.099087896117
00e12e8b_5444,11600.099087896117
00e12e8b_5445,11600.099087896117
00e12e8b_5446,11600.099087896117
00e12e8b_5447,11599.82167967808
00e12e8b_5448,11599.82167967808
00e12e8b_5449,11600.968395508467
00e12e8b_5450,11600.968395508467
00e12e8b_5451,11600.745457233737
00e12e8b_5452,11601.022865451774
00e12e8b_5453,11601.022865451774
00e12e8b_5454,11601.022865451774
00e12e8b_5455,11601.022865451774
00e12e8b_5456,11601.022865451774
00e12e8b_5457,11601.022865451774
00e12e8b_5458,11601.022865451774
00e12e8b_5459,11601.191140975505
00e12e8b_5460,11601.191140975505
00e12e8b_5461,11601.191140975505
00e12e8b_5462,11601.191140975505
00e12e8b_5463,11601.191140975505
00e12e8b_5464,11601.191140975505
00e12e8b_5465,11601.191140975505
00e12e8b_5466,11601.191140975505
00e12e8b_5467,11601.191140975505
00e12e8b_5468,11601.191140975505
00e12e8b_5469,11601.191140975505
00e12e8b_5470,11601.191140975505
00e12e8b_5471,11601.191140975505
00e12e8b_5472,11601.191140975505
00e12e8b_5473,11601.191140975505
00e12e8b_5474,11601.191140975505
00e12e8b_5475,11601.191140975505
00e12e8b_5476,11601.191140975505
00e12e8b_5477,11601.191140975505
00e12e8b_5478,11601.191140975505
00e12e8b_5479,11601.191140975505
00e12e8b_5480,11601.191140975505
00e12e8b_5481,11601.191140975505
00e12e8b_5482,11601.191140975505
00e12e8b_5483,11601.191140975505
00e12e8b_5484,11601.191140975505
00e12e8b_5485,11600.935089182889
00e12e8b_5486,11601.262961940083
00e12e8b_5487,11602.359355771916
00e12e8b_5488,11602.359355771916
00e12e8b_5489,11602.409845701612
00e12e8b_5490,11600.654514433114
00e12e8b_5491,11600.913732757468
00e12e8b_5492,11601.191140975505
00e12e8b_5493,11601.191140975505
00e12e8b_5494,11601.191140975505
00e12e8b_5495,11601.191140975505
00e12e8b_5496,11601.191140975505
00e12e8b_5497,11601.191140975505
00e12e8b_5498,11601.191140975505
00e12e8b_5499,11601.191140975505
00e12e8b_5500,11601.191140975505
00e12e8b_5501,11601.191140975505
00e12e8b_5502,11601.191140975505
00e12e8b_5503,11601.191140975505
00e12e8b_5504,11601.191140975505
00e12e8b_5505,11601.191140975505
00e12e8b_5506,11601.191140975505
00e12e8b_5507,11601.191140975505
00e12e8b_5508,11601.191140975505
00e12e8b_5509,11601.191140975505
00e12e8b_5510,11601.191140975505
00e12e8b_5511,11601.409335372833
00e12e8b_5512,11601.409335372833
00e12e8b_5513,11601.409335372833
00e12e8b_5514,11601.409335372833
00e12e8b_5515,11601.409335372833
00e12e8b_5516,11601.409335372833
00e12e8b_5517,11601.409335372833
00e12e8b_5518,11601.409335372833
00e12e8b_5519,11601.409335372833
00e12e8b_5520,11601.409335372833
00e12e8b_5521,11601.409335372833
00e12e8b_5522,11601.409335372833
00e12e8b_5523,11601.409335372833
00e12e8b_5524,11601.409335372833
00e12e8b_5525,11601.409335372833
00e12e8b_5526,11601.409335372833
00e12e8b_5527,11601.379141998194
00e12e8b_5528,11602.114206904707
00e12e8b_5529,11602.114206904707
00e12e8b_5530,11602.114206904707
00e12e8b_5531,11602.114206904707
00e12e8b_5532,11601.379141998194
00e12e8b_5533,11601.409335372833
00e12e8b_5534,11601.409335372833
00e12e8b_5535,11601.409335372833
00e12e8b_5536,11601.409335372833
00e12e8b_5537,11601.409335372833
00e12e8b_5538,11601.409335372833
00e12e8b_5539,11601.409335372833
00e12e8b_5540,11601.409335372833
00e12e8b_5541,11601.409335372833
00e12e8b_5542,11601.409335372833
00e12e8b_5543,11601.409335372833
00e12e8b_5544,11601.409335372833
00e12e8b_5545,11601.409335372833
00e12e8b_5546,11601.409335372833
00e12e8b_5547,11601.409335372833
00e12e8b_5548,11601.409335372833
00e12e8b_5549,11601.409335372833
00e12e8b_5550,11601.409335372833
00e12e8b_5551,11601.409335372833
00e12e8b_5552,11601.409335372833
00e12e8b_5553,11601.409335372833
00e12e8b_5554,11601.409335372833
00e12e8b_5555,11601.409335372833
00e12e8b_5556,11601.409335372833
00e12e8b_5557,11601.409335372833
00e12e8b_5558,11601.409335372833
00e12e8b_5559,11601.409335372833
00e12e8b_5560,11601.409335372833
00e12e8b_5561,11601.409335372833
00e12e8b_5562,11601.409335372833
00e12e8b_5563,11601.409335372833
00e12e8b_5564,11601.409335372833
00e12e8b_5565,11601.409335372833
00e12e8b_5566,11601.409335372833
00e12e8b_5567,11601.409335372833
00e12e8b_5568,11601.409335372833
00e12e8b_5569,11601.409335372833
00e12e8b_5570,11601.409335372833
00e12e8b_5571,11601.409335372833
00e12e8b_5572,11601.409335372833
00e12e8b_5573,11601.409335372833
00e12e8b_5574,11601.409335372833
00e12e8b_5575,11601.409335372833
00e12e8b_5576,11601.409335372833
00e12e8b_5577,11601.409335372833
00e12e8b_5578,11601.409335372833
00e12e8b_5579,11601.409335372833
00e12e8b_5580,11601.409335372833
00e12e8b_5581,11601.409335372833
00e12e8b_5582,11601.409335372833
00e12e8b_5583,11601.409335372833
00e12e8b_5584,11601.409335372833
00e12e8b_5585,11601.409335372833
00e12e8b_5586,11601.409335372833
00e12e8b_5587,11601.409335372833
00e12e8b_5588,11601.409335372833
00e12e8b_5589,11601.409335372833
00e12e8b_5590,11601.409335372833
00e12e8b_5591,11601.409335372833
00e12e8b_5592,11601.409335372833
00e12e8b_5593,11601.409335372833
00e12e8b_5594,11601.409335372833
00e12e8b_5595,11601.409335372833
00e12e8b_5596,11601.409335372833
00e12e8b_5597,11601.409335372833
00e12e8b_5598,11601.409335372833
00e12e8b_5599,11601.409335372833
00e12e8b_5600,11601.409335372833
00e12e8b_5601,11601.409335372833
00e12e8b_5602,11601.409335372833
00e12e8b_5603,11601.409335372833
00e12e8b_5604,11601.409335372833
00e12e8b_5605,11601.409335372833
00e12e8b_5606,11601.409335372833
00e12e8b_5607,11601.409335372833
00e12e8b_5608,11601.409335372833
00e12e8b_5609,11601.409335372833
00e12e8b_5610,11601.409335372833
00e12e8b_5611,11601.409335372833
00e12e8b_5612,11601.409335372833
00e12e8b_5613,11601.409335372833
00e12e8b_5614,11601.409335372833
00e12e8b_5615,11601.409335372833
00e12e8b_5616,11601.409335372833
00e12e8b_5617,11601.409335372833
00e12e8b_5618,11601.409335372833
00e12e8b_5619,11601.409335372833
00e12e8b_5620,11601.409335372833
00e12e8b_5621,11601.409335372833
00e12e8b_5622,11601.409335372833
00e12e8b_5623,11601.409335372833
00e12e8b_5624,11601.409335372833
00e12e8b_5625,11601.409335372833
00e12e8b_5626,11601.409335372833
00e12e8b_5627,11601.409335372833
00e12e8b_5628,11601.409335372833
00e12e8b_5629,11601.409335372833
00e12e8b_5630,11601.409335372833
00e12e8b_5631,11601.409335372833
00e12e8b_5632,11601.409335372833
00e12e8b_5633,11601.409335372833
00e12e8b_5634,11601.409335372833
00e12e8b_5635,11601.409335372833
00e12e8b_5636,11601.409335372833
00e12e8b_5637,11601.409335372833
00e12e8b_5638,11601.409335372833
00e12e8b_5639,11601.409335372833
00e12e8b_5640,11601.409335372833
00e12e8b_5641,11601.409335372833
00e12e8b_5642,11601.409335372833
00e12e8b_5643,11601.409335372833
00e12e8b_5644,11601.409335372833
00e12e8b_5645,11601.409335372833
00e12e8b_5646,11601.409335372833
00e12e8b_5647,11601.409335372833
00e12e8b_5648,11601.409335372833
00e12e8b_5649,11601.409335372833
00e12e8b_5650,11601.409335372833
00e12e8b_5651,11601.409335372833
00e12e8b_5652,11601.409335372833
00e12e8b_5653,11601.409335372833
00e12e8b_5654,11601.409335372833
00e12e8b_5655,11601.409335372833
00e12e8b_5656,11601.409335372833
00e12e8b_5657,11601.409335372833
00e12e8b_5658,11601.409335372833
00e12e8b_5659,11601.409335372833
00e12e8b_5660,11601.409335372833
00e12e8b_5661,11601.409335372833
00e12e8b_5662,11601.409335372833
00e12e8b_5663,11601.409335372833
00e12e8b_5664,11601.409335372833
00e12e8b_5665,11601.409335372833
00e12e8b_5666,11601.131927154796
00e12e8b_5667,11601.409335372833
00e12e8b_5668,11601.131927154796
00e12e8b_5669,11601.131927154796
00e12e8b_5670,11601.131927154796
00e12e8b_5671,11601.409335372833
00e12e8b_5672,11601.131927154796
00e12e8b_5673,11601.131927154796
00e12e8b_5674,11601.379141998194
00e12e8b_5675,11601.379141998194
00e12e8b_5676,11601.409335372833
00e12e8b_5677,11601.409335372833
00e12e8b_5678,11601.409335372833
00e12e8b_5679,11601.409335372833
00e12e8b_5680,11601.409335372833
00e12e8b_5681,11601.409335372833
00e12e8b_5682,11601.409335372833
00e12e8b_5683,11601.409335372833
00e12e8b_5684,11601.409335372833
00e12e8b_5685,11601.409335372833
00e12e8b_5686,11601.409335372833
00e12e8b_5687,11601.409335372833
00e12e8b_5688,11601.409335372833
00e12e8b_5689,11601.409335372833
00e12e8b_5690,11601.409335372833
00e12e8b_5691,11601.409335372833
00e12e8b_5692,11601.409335372833
00e12e8b_5693,11601.409335372833
00e12e8b_5694,11601.409335372833
00e12e8b_5695,11601.409335372833
00e12e8b_5696,11601.409335372833
00e12e8b_5697,11601.409335372833
00e12e8b_5698,11601.409335372833
00e12e8b_5699,11601.409335372833
00e12e8b_5700,11601.409335372833
00e12e8b_5701,11601.409335372833
00e12e8b_5702,11601.409335372833
00e12e8b_5703,11601.409335372833
00e12e8b_5704,11601.409335372833
00e12e8b_5705,11601.409335372833
00e12e8b_5706,11601.409335372833
00e12e8b_5707,11601.409335372833
00e12e8b_5708,11601.409335372833
00e12e8b_5709,11601.409335372833
00e12e8b_5710,11601.409335372833
00e12e8b_5711,11601.409335372833
00e12e8b_5712,11601.409335372833
00e12e8b_5713,11601.409335372833
00e12e8b_5714,11601.409335372833
00e12e8b_5715,11601.409335372833
00e12e8b_5716,11601.409335372833
00e12e8b_5717,11601.409335372833
00e12e8b_5718,11601.409335372833
00e12e8b_5719,11601.409335372833
00e12e8b_5720,11601.409335372833
00e12e8b_5721,11601.409335372833
00e12e8b_5722,11601.409335372833
00e12e8b_5723,11601.409335372833
00e12e8b_5724,11601.409335372833
00e12e8b_5725,11601.409335372833
00e12e8b_5726,11601.409335372833
00e12e8b_5727,11601.409335372833
00e12e8b_5728,11601.409335372833
00e12e8b_5729,11601.409335372833
00e12e8b_5730,11601.409335372833
00e12e8b_5731,11601.409335372833
00e12e8b_5732,11601.409335372833
00e12e8b_5733,11601.409335372833
00e12e8b_5734,11601.409335372833
00e12e8b_5735,11601.409335372833
00e12e8b_5736,11601.409335372833
00e12e8b_5737,11601.409335372833
00e12e8b_5738,11601.409335372833
00e12e8b_5739,11601.409335372833
00e12e8b_5740,11601.409335372833
00e12e8b_5741,11601.409335372833
00e12e8b_5742,11601.409335372833
00e12e8b_5743,11601.409335372833
00e12e8b_5744,11601.409335372833
00e12e8b_5745,11601.409335372833
00e12e8b_5746,11601.409335372833
00e12e8b_5747,11601.409335372833
00e12e8b_5748,11601.409335372833
00e12e8b_5749,11601.409335372833
00e12e8b_5750,11601.409335372833
00e12e8b_5751,11601.409335372833
00e12e8b_5752,11601.409335372833
00e12e8b_5753,11601.409335372833
00e12e8b_5754,11601.409335372833
00e12e8b_5755,11601.409335372833
00e12e8b_5756,11601.409335372833
00e12e8b_5757,11601.409335372833
00e12e8b_5758,11601.409335372833
00e12e8b_5759,11601.409335372833
00e12e8b_5760,11601.409335372833
00e12e8b_5761,11601.409335372833
00e12e8b_5762,11601.409335372833
00e12e8b_5763,11601.409335372833
00e12e8b_5764,11601.409335372833
00e12e8b_5765,11601.409335372833
00e12e8b_5766,11601.409335372833
00e12e8b_5767,11601.409335372833
00e12e8b_5768,11601.409335372833
00e12e8b_5769,11601.409335372833
00e12e8b_5770,11601.409335372833
00e12e8b_5771,11601.409335372833
00e12e8b_5772,11601.409335372833
00e12e8b_5773,11601.409335372833
00e12e8b_5774,11601.409335372833
00e12e8b_5775,11601.409335372833
00e12e8b_5776,11601.409335372833
00e12e8b_5777,11601.409335372833
00e12e8b_5778,11601.409335372833
00e12e8b_5779,11601.409335372833
00e12e8b_5780,11601.409335372833
00e12e8b_5781,11601.409335372833
00e12e8b_5782,11602.124173925034
00e12e8b_5783,11602.124173925034
00e12e8b_5784,11602.124173925034
00e12e8b_5785,11602.124173925034
00e12e8b_5786,11602.124173925034
00e12e8b_5787,11602.124173925034
00e12e8b_5788,11602.124173925034
00e12e8b_5789,11602.124173925034
00e12e8b_5790,11602.124173925034
00e12e8b_5791,11602.124173925034
00e12e8b_5792,11602.124173925034
00e12e8b_5793,11602.124173925034
00e12e8b_5794,11602.124173925034
00e12e8b_5795,11602.124173925034
00e12e8b_5796,11602.124173925034
00e12e8b_5797,11602.124173925034
00e12e8b_5798,11602.124173925034
00e12e8b_5799,11602.124173925034
00e12e8b_5800,11602.124173925034
00e12e8b_5801,11602.124173925034
00e12e8b_5802,11602.124173925034
00e12e8b_5803,11602.124173925034
00e12e8b_5804,11602.124173925034
00e12e8b_5805,11602.124173925034
00e12e8b_5806,11602.124173925034
00e12e8b_5807,11602.124173925034
00e12e8b_5808,11602.124173925034
00e12e8b_5809,11602.124173925034
00e12e8b_5810,11602.124173925034
00e12e8b_5811,11602.124173925034
00e12e8b_5812,11602.124173925034
00e12e8b_5813,11602.124173925034
00e12e8b_5814,11602.124173925034
00e12e8b_5815,11602.124173925034
00e12e8b_5816,11602.124173925034
00e12e8b_5817,11602.124173925034
00e12e8b_5818,11602.124173925034
00e12e8b_5819,11602.124173925034
00e12e8b_5820,11602.124173925034
00e12e8b_5821,11602.124173925034
00e12e8b_5822,11602.124173925034
00e12e8b_5823,11602.124173925034
00e12e8b_5824,11602.124173925034
00e12e8b_5825,11602.124173925034
00e12e8b_5826,11602.124173925034
00e12e8b_5827,11602.124173925034
00e12e8b_5828,11602.124173925034
00e12e8b_5829,11602.124173925034
00e12e8b_5830,11602.124173925034
00e12e8b_5831,11602.124173925034
00e12e8b_5832,11602.124173925034
00e12e8b_5833,11602.124173925034
00e12e8b_5834,11602.124173925034
00e12e8b_5835,11602.124173925034
00e12e8b_5836,11602.124173925034
00e12e8b_5837,11602.124173925034
00e12e8b_5838,11602.124173925034
00e12e8b_5839,11602.124173925034
00e12e8b_5840,11602.124173925034
00e12e8b_5841,11602.124173925034
00e12e8b_5842,11602.124173925034
00e12e8b_5843,11602.124173925034
00e12e8b_5844,11602.124173925034
00e12e8b_5845,11602.124173925034
00e12e8b_5846,11602.124173925034
00e12e8b_5847,11602.124173925034
00e12e8b_5848,11602.124173925034
00e12e8b_5849,11602.124173925034
00e12e8b_5850,11602.124173925034
00e12e8b_5851,11602.124173925034
00e12e8b_5852,11602.124173925034
00e12e8b_5853,11602.124173925034
00e12e8b_5854,11602.124173925034
00e12e8b_5855,11602.124173925034
00e12e8b_5856,11602.124173925034
00e12e8b_5857,11602.124173925034
00e12e8b_5858,11602.124173925034
00e12e8b_5859,11602.124173925034
00e12e8b_5860,11602.124173925034
00e12e8b_5861,11602.124173925034
00e12e8b_5862,11602.124173925034
00e12e8b_5863,11602.124173925034
00e12e8b_5864,11602.124173925034
00e12e8b_5865,11602.124173925034
00e12e8b_5866,11602.124173925034
00e12e8b_5867,11602.124173925034
00e12e8b_5868,11602.124173925034
00e12e8b_5869,11602.124173925034
00e12e8b_5870,11602.124173925034
00e12e8b_5871,11602.124173925034
00e12e8b_5872,11602.124173925034
00e12e8b_5873,11602.124173925034
00e12e8b_5874,11602.124173925034
00e12e8b_5875,11602.124173925034
00e12e8b_5876,11602.124173925034
00e12e8b_5877,11602.124173925034
00e12e8b_5878,11602.124173925034
00e12e8b_5879,11602.124173925034
00e12e8b_5880,11602.124173925034
00e12e8b_5881,11602.124173925034
00e12e8b_5882,11602.124173925034
00e12e8b_5883,11602.124173925034
00e12e8b_5884,11602.124173925034
00e12e8b_5885,11602.124173925034
00e12e8b_5886,11602.124173925034
00e12e8b_5887,11602.124173925034
00e12e8b_5888,11602.124173925034
00e12e8b_5889,11602.124173925034
00e12e8b_5890,11602.124173925034
00e12e8b_5891,11602.124173925034
00e12e8b_5892,11602.32465082583
00e12e8b_5893,11602.32465082583
00e12e8b_5894,11602.32465082583
00e12e8b_5895,11601.868122132419
00e12e8b_5896,11602.345163261332
00e12e8b_5897,11602.124173925034
00e12e8b_5898,11602.124173925034
00e12e8b_5899,11602.124173925034
00e12e8b_5900,11602.124173925034
00e12e8b_5901,11602.124173925034
00e12e8b_5902,11602.124173925034
00e12e8b_5903,11602.124173925034
00e12e8b_5904,11602.124173925034
00e12e8b_5905,11602.124173925034
00e12e8b_5906,11602.124173925034
00e12e8b_5907,11602.124173925034
00e12e8b_5908,11602.124173925034
00e12e8b_5909,11602.124173925034
00e12e8b_5910,11602.124173925034
00e12e8b_5911,11602.124173925034
00e12e8b_5912,11602.124173925034
00e12e8b_5913,11602.124173925034
00e12e8b_5914,11602.124173925034
00e12e8b_5915,11602.124173925034
00e12e8b_5916,11602.124173925034
00e12e8b_5917,11602.124173925034
00e12e8b_5918,11602.124173925034
00e12e8b_5919,11602.124173925034
00e12e8b_5920,11602.124173925034
00e12e8b_5921,11602.124173925034
00e12e8b_5922,11602.124173925034
00e12e8b_5923,11602.124173925034
00e12e8b_5924,11602.124173925034
00e12e8b_5925,11602.124173925034
00e12e8b_5926,11602.124173925034
00e12e8b_5927,11602.345163261332
00e12e8b_5928,11602.244510396271
00e12e8b_5929,11602.244510396271
00e12e8b_5930,11601.59224828465
00e12e8b_5931,11601.59224828465
00e12e8b_5932,11603.05990444881
00e12e8b_5933,11603.334769717867
00e12e8b_5934,11603.334769717867
00e12e8b_5935,11603.334769717867
00e12e8b_5936,11603.334769717867
00e12e8b_5937,11603.05990444881
00e12e8b_5938,11601.483289331241
00e12e8b_5939,11602.244510396271
00e12e8b_5940,11602.244510396271
00e12e8b_5941,11602.32465082583
00e12e8b_5942,11602.32465082583
00e12e8b_5943,11602.244510396271
00e12e8b_5944,11602.153431949982
00e12e8b_5945,11602.195994889613
00e12e8b_5946,11602.655062666248
00e12e8b_5947,11602.153431949982
00e12e8b_5948,11602.153431949982
00e12e8b_5949,11602.195994889613
00e12e8b_5950,11602.120952317615
00e12e8b_5951,11601.587547382644
00e12e8b_5952,11601.587547382644
00e12e8b_5953,11601.587547382644
00e12e8b_5954,11601.59224828465
00e12e8b_5955,11601.59224828465
00e12e8b_5956,11602.120952317615
00e12e8b_5957,11602.153431949982
00e12e8b_5958,11602.153431949982
00e12e8b_5959,11601.59224828465
00e12e8b_5960,11601.59224828465
00e12e8b_5961,11601.587547382644
00e12e8b_5962,11601.483289331241
00e12e8b_5963,11601.59224828465
00e12e8b_5964,11602.120952317615
00e12e8b_5965,11602.153431949982
00e12e8b_5966,11603.05990444881
00e12e8b_5967,11603.342878651141
00e12e8b_5968,11603.334769717867
00e12e8b_5969,11603.626084190695
00e12e8b_5970,11603.626084190695
00e12e8b_5971,11603.755063661736
00e12e8b_5972,11602.80364615686
00e12e8b_5973,11602.80364615686
00e12e8b_5974,11602.941406958993
00e12e8b_5975,11603.013478029598
00e12e8b_5976,11603.013478029598
00e12e8b_5977,11603.013478029598
00e12e8b_5978,11602.941406958993
00e12e8b_5979,11603.010025187376
00e12e8b_5980,11602.80364615686
00e12e8b_5981,11603.780323388744
00e12e8b_5982,11603.755063661736
00e12e8b_5983,11603.780323388744
00e12e8b_5984,11603.780323388744
00e12e8b_5985,11603.560114467226
00e12e8b_5986,11603.489008915916
00e12e8b_5987,11603.49711784919
00e12e8b_5988,11603.166743735093
00e12e8b_5989,11603.166743735093
00e12e8b_5990,11603.166743735093
00e12e8b_5991,11603.489008915916
00e12e8b_5992,11603.736981197315
00e12e8b_5993,11603.780323388744
00e12e8b_5994,11603.780323388744
00e12e8b_5995,11603.730514536794
00e12e8b_5996,11603.730514536794
00e12e8b_5997,11603.76948917086
00e12e8b_5998,11603.729250993849
00e12e8b_5999,11603.730514536794
00e12e8b_6000,11603.730514536794
00e12e8b_6001,11603.730514536794
00e12e8b_6002,11602.933475803007
00e12e8b_6003,11602.933475803007
00e12e8b_6004,11602.933475803007
00e12e8b_6005,11602.933475803007
00e12e8b_6006,11602.933475803007
00e12e8b_6007,11601.661784354103
00e12e8b_6008,11602.225382663713
00e12e8b_6009,11602.225382663713
00e12e8b_6010,11601.691977728742
00e12e8b_6011,11601.691977728742
00e12e8b_6012,11601.58771967734
00e12e8b_6013,11602.34894074237
00e12e8b_6014,11602.34894074237
00e12e8b_6015,11602.34894074237
00e12e8b_6016,11602.34894074237
00e12e8b_6017,11602.34894074237
00e12e8b_6018,11602.34894074237
00e12e8b_6019,11601.793322776684
00e12e8b_6020,11601.416934512832
00e12e8b_6021,11601.416934512832
00e12e8b_6022,11601.793322776684
00e12e8b_6023,11601.793322776684
00e12e8b_6024,11601.793322776684
00e12e8b_6025,11601.032101711655
00e12e8b_6026,11601.032101711655
00e12e8b_6027,11601.032101711655
00e12e8b_6028,11601.141060665064
00e12e8b_6029,11601.744807270026
00e12e8b_6030,11601.744807270026
00e12e8b_6031,11601.141060665064
00e12e8b_6032,11601.136359763057
00e12e8b_6033,11601.793322776684
00e12e8b_6034,11601.893975641746
00e12e8b_6035,11601.873463206244
00e12e8b_6036,11601.873463206244
00e12e8b_6037,11601.893975641746
00e12e8b_6038,11601.873463206244
00e12e8b_6039,11601.873463206244
00e12e8b_6040,11601.893975641746
00e12e8b_6041,11601.893975641746
00e12e8b_6042,11601.893975641746
00e12e8b_6043,11602.103731430283
00e12e8b_6044,11602.103731430283
00e12e8b_6045,11602.083218994781
00e12e8b_6046,11602.083218994781
00e12e8b_6047,11602.103731430283
00e12e8b_6048,11602.103731430283
00e12e8b_6049,11602.083218994781
00e12e8b_6050,11602.083218994781
00e12e8b_6051,11601.62669030137
00e12e8b_6052,11602.003078565222
00e12e8b_6053,11602.003078565222
00e12e8b_6054,11602.003078565222
00e12e8b_6055,11602.003078565222
00e12e8b_6056,11602.083218994781
00e12e8b_6057,11601.395578087411
00e12e8b_6058,11601.672986305448
00e12e8b_6059,11601.672986305448
00e12e8b_6060,11601.672986305448
00e12e8b_6061,11601.672986305448
00e12e8b_6062,11601.672986305448
00e12e8b_6063,11601.672986305448
00e12e8b_6064,11601.672986305448
00e12e8b_6065,11601.672986305448
00e12e8b_6066,11601.672986305448
00e12e8b_6067,11601.672986305448
00e12e8b_6068,11601.672986305448
00e12e8b_6069,11601.672986305448
00e12e8b_6070,11601.672986305448
00e12e8b_6071,11601.672986305448
00e12e8b_6072,11601.672986305448
00e12e8b_6073,11601.672986305448
00e12e8b_6074,11601.672986305448
00e12e8b_6075,11601.672986305448
00e12e8b_6076,11601.672986305448
00e12e8b_6077,11601.672986305448
00e12e8b_6078,11601.672986305448
00e12e8b_6079,11601.618516362141
00e12e8b_6080,11601.618516362141
00e12e8b_6081,11602.366443658584
00e12e8b_6082,11602.386956094086
00e12e8b_6083,11601.901741025944
00e12e8b_6084,11601.95621096925
00e12e8b_6085,11601.95621096925
00e12e8b_6086,11601.95621096925
00e12e8b_6087,11601.95621096925
00e12e8b_6088,11601.95621096925
00e12e8b_6089,11601.95621096925
00e12e8b_6090,11601.678802751214
00e12e8b_6091,11601.95621096925
00e12e8b_6092,11601.95621096925
00e12e8b_6093,11601.95621096925
00e12e8b_6094,11601.95621096925
00e12e8b_6095,11601.95621096925
00e12e8b_6096,11601.95621096925
00e12e8b_6097,11601.95621096925
00e12e8b_6098,11601.95621096925
00e12e8b_6099,11601.95621096925
00e12e8b_6100,11601.95621096925
00e12e8b_6101,11601.95621096925
00e12e8b_6102,11601.95621096925
00e12e8b_6103,11601.95621096925
00e12e8b_6104,11601.95621096925
00e12e8b_6105,11601.95621096925
00e12e8b_6106,11601.95621096925
00e12e8b_6107,11601.95621096925
00e12e8b_6108,11601.95621096925
00e12e8b_6109,11601.95621096925
00e12e8b_6110,11601.95621096925
00e12e8b_6111,11601.95621096925
00e12e8b_6112,11601.95621096925
00e12e8b_6113,11601.95621096925
00e12e8b_6114,11601.95621096925
00e12e8b_6115,11601.95621096925
00e12e8b_6116,11601.95621096925
00e12e8b_6117,11601.95621096925
00e12e8b_6118,11602.098923888268
00e12e8b_6119,11602.098923888268
00e12e8b_6120,11602.098923888268
00e12e8b_6121,11602.098923888268
00e12e8b_6122,11602.098923888268
00e12e8b_6123,11602.098923888268
00e12e8b_6124,11602.098923888268
00e12e8b_6125,11602.098923888268
00e12e8b_6126,11602.098923888268
00e12e8b_6127,11602.098923888268
00e12e8b_6128,11602.098923888268
00e12e8b_6129,11602.098923888268
00e12e8b_6130,11602.098923888268
00e12e8b_6131,11602.098923888268
00e12e8b_6132,11602.098923888268
00e12e8b_6133,11602.098923888268
00e12e8b_6134,11602.098923888268
00e12e8b_6135,11602.098923888268
00e12e8b_6136,11602.098923888268
00e12e8b_6137,11602.098923888268
00e12e8b_6138,11602.098923888268
00e12e8b_6139,11602.098923888268
00e12e8b_6140,11602.098923888268
00e12e8b_6141,11602.098923888268
00e12e8b_6142,11602.098923888268
00e12e8b_6143,11602.098923888268
00e12e8b_6144,11602.098923888268
00e12e8b_6145,11602.098923888268
00e12e8b_6146,11602.098923888268
00e12e8b_6147,11602.098923888268
00e12e8b_6148,11602.098923888268
00e12e8b_6149,11602.098923888268
00e12e8b_6150,11602.098923888268
00e12e8b_6151,11602.098923888268
00e12e8b_6152,11602.098923888268
00e12e8b_6153,11602.098923888268
00e12e8b_6154,11602.098923888268
00e12e8b_6155,11602.098923888268
00e12e8b_6156,11602.098923888268
00e12e8b_6157,11602.635105134308
00e12e8b_6158,11602.635105134308
00e12e8b_6159,11602.635105134308
00e12e8b_6160,11602.635105134308
00e12e8b_6161,11602.635105134308
00e12e8b_6162,11602.635105134308
00e12e8b_6163,11602.635105134308
00e12e8b_6164,11602.635105134308
00e12e8b_6165,11602.635105134308
00e12e8b_6166,11602.635105134308
00e12e8b_6167,11602.635105134308
00e12e8b_6168,11602.635105134308
00e12e8b_6169,11602.635105134308
00e12e8b_6170,11602.635105134308
00e12e8b_6171,11602.635105134308
00e12e8b_6172,11602.635105134308
00e12e8b_6173,11602.635105134308
00e12e8b_6174,11602.635105134308
00e12e8b_6175,11602.635105134308
00e12e8b_6176,11602.635105134308
00e12e8b_6177,11602.635105134308
00e12e8b_6178,11602.635105134308
00e12e8b_6179,11602.635105134308
00e12e8b_6180,11602.635105134308
00e12e8b_6181,11602.635105134308
00e12e8b_6182,11602.635105134308
00e12e8b_6183,11602.635105134308
00e12e8b_6184,11602.635105134308
00e12e8b_6185,11602.635105134308
00e12e8b_6186,11602.635105134308
00e12e8b_6187,11602.635105134308
00e12e8b_6188,11602.635105134308
00e12e8b_6189,11602.635105134308
00e12e8b_6190,11602.635105134308
00e12e8b_6191,11602.635105134308
00e12e8b_6192,11602.635105134308
00e12e8b_6193,11601.633641594944
00e12e8b_6194,11601.633641594944
00e12e8b_6195,11601.633641594944
00e12e8b_6196,11601.633641594944
00e12e8b_6197,11601.633641594944
00e12e8b_6198,11601.633641594944
00e12e8b_6199,11601.633641594944
00e12e8b_6200,11601.633641594944
00e12e8b_6201,11601.633641594944
00e12e8b_6202,11601.633641594944
00e12e8b_6203,11601.633641594944
00e12e8b_6204,11601.633641594944
00e12e8b_6205,11601.633641594944
00e12e8b_6206,11601.633641594944
00e12e8b_6207,11601.633641594944
00e12e8b_6208,11601.633641594944
00e12e8b_6209,11601.633641594944
00e12e8b_6210,11601.633641594944
00e12e8b_6211,11601.633641594944
00e12e8b_6212,11601.633641594944
00e12e8b_6213,11601.633641594944
00e12e8b_6214,11601.633641594944
00e12e8b_6215,11601.633641594944
00e12e8b_6216,11601.633641594944
00e12e8b_6217,11601.633641594944
00e12e8b_6218,11601.633641594944
00e12e8b_6219,11601.633641594944
00e12e8b_6220,11601.633641594944
00e12e8b_6221,11601.633641594944
00e12e8b_6222,11601.633641594944
00e12e8b_6223,11601.633641594944
00e12e8b_6224,11601.633641594944
00e12e8b_6225,11601.633641594944
00e12e8b_6226,11601.633641594944
00e12e8b_6227,11601.633641594944
00e12e8b_6228,11601.633641594944
00e12e8b_6229,11601.633641594944
00e12e8b_6230,11601.633641594944
00e12e8b_6231,11601.633641594944
00e12e8b_6232,11601.633641594944
00e12e8b_6233,11601.633641594944
00e12e8b_6234,11601.633641594944
00e12e8b_6235,11601.633641594944
00e12e8b_6236,11601.633641594944
00e12e8b_6237,11601.633641594944
00e12e8b_6238,11601.633641594944
00e12e8b_6239,11601.633641594944
00e12e8b_6240,11601.633641594944
00e12e8b_6241,11601.633641594944
00e12e8b_6242,11601.633641594944
00e12e8b_6243,11601.633641594944
00e12e8b_6244,11601.633641594944
00e12e8b_6245,11601.633641594944
00e12e8b_6246,11601.633641594944
00e12e8b_6247,11601.633641594944
00e12e8b_6248,11601.633641594944
00e12e8b_6249,11601.633641594944
00e12e8b_6250,11601.633641594944
00e12e8b_6251,11601.633641594944
00e12e8b_6252,11601.633641594944
00e12e8b_6253,11601.633641594944
00e12e8b_6254,11601.633641594944
00e12e8b_6255,11601.633641594944
00e12e8b_6256,11601.633641594944
00e12e8b_6257,11601.633641594944
00e12e8b_6258,11601.633641594944
00e12e8b_6259,11601.633641594944
00e12e8b_6260,11601.633641594944
00e12e8b_6261,11601.633641594944
00e12e8b_6262,11601.633641594944
00e12e8b_6263,11601.633641594944
00e12e8b_6264,11597.575748492241
00e12e8b_6265,11597.575748492241
00e12e8b_6266,11597.575748492241
00e12e8b_6267,11597.575748492241
00e12e8b_6268,11597.575748492241
00e12e8b_6269,11597.575748492241
00e12e8b_6270,11597.575748492241
00e12e8b_6271,11597.575748492241
00e12e8b_6272,11597.575748492241
00e12e8b_6273,11597.575748492241
00e12e8b_6274,11597.575748492241
00e12e8b_6275,11597.575748492241
00e12e8b_6276,11597.575748492241
00e12e8b_6277,11597.575748492241
00e12e8b_6278,11597.575748492241
00e12e8b_6279,11597.575748492241
00e12e8b_6280,11597.575748492241
00e12e8b_6281,11597.575748492241
00e12e8b_6282,11597.575748492241
00e12e8b_6283,11597.575748492241
00e12e8b_6284,11597.575748492241
00e12e8b_6285,11597.575748492241
00e12e8b_6286,11597.575748492241
00e12e8b_6287,11597.575748492241
00e12e8b_6288,11597.575748492241
00e12e8b_6289,11597.575748492241
00e12e8b_6290,11597.575748492241
00e12e8b_6291,11597.575748492241
00e12e8b_6292,11597.575748492241
00e12e8b_6293,11597.575748492241
00e12e8b_6294,11597.575748492241
00e12e8b_6295,11597.575748492241
00e12e8b_6296,11597.575748492241
00e12e8b_6297,11597.575748492241
00e12e8b_6298,11597.575748492241
00e12e8b_6299,11597.575748492241
00e12e8b_6300,11597.575748492241
00e12e8b_6301,11597.575748492241
00e12e8b_6302,11597.575748492241
00e12e8b_6303,11597.575748492241
00e12e8b_6304,11597.575748492241
00e12e8b_6305,11597.575748492241
00e12e8b_6306,11597.575748492241
00e12e8b_6307,11597.575748492241
00e12e8b_6308,11597.575748492241
00e12e8b_6309,11597.575748492241
00e12e8b_6310,11597.575748492241
00e12e8b_6311,11597.575748492241
00e12e8b_6312,11597.575748492241
00e12e8b_6313,11597.575748492241
00e12e8b_6314,11597.575748492241
00e12e8b_6315,11597.575748492241
00e12e8b_6316,11597.575748492241
00e12e8b_6317,11597.575748492241
00e12e8b_6318,11597.575748492241
00e12e8b_6319,11597.575748492241
00e12e8b_6320,11597.575748492241
00e12e8b_6321,11597.575748492241
00e12e8b_6322,11597.575748492241
00e12e8b_6323,11597.575748492241
00e12e8b_6324,11597.575748492241
00e12e8b_6325,11597.575748492241
00e12e8b_6326,11597.575748492241
00e12e8b_6327,11597.575748492241
00e12e8b_6328,11597.575748492241
00e12e8b_6329,11597.575748492241
00e12e8b_6330,11597.298340274205
00e12e8b_6331,11597.521278548935
00e12e8b_6332,11597.575748492241
00e12e8b_6333,11597.575748492241
00e12e8b_6334,11597.575748492241
00e12e8b_6335,11597.575748492241
00e12e8b_6336,11597.575748492241
00e12e8b_6337,11597.575748492241
00e12e8b_6338,11597.575748492241
00e12e8b_6339,11597.575748492241
00e12e8b_6340,11597.575748492241
00e12e8b_6341,11597.575748492241
00e12e8b_6342,11597.575748492241
00e12e8b_6343,11597.575748492241
00e12e8b_6344,11597.575748492241
00e12e8b_6345,11597.575748492241
00e12e8b_6346,11597.575748492241
00e12e8b_6347,11597.575748492241
00e12e8b_6348,11597.575748492241
00e12e8b_6349,11597.575748492241
00e12e8b_6350,11597.575748492241
00e12e8b_6351,11597.575748492241
00e12e8b_6352,11597.575748492241
00e12e8b_6353,11597.575748492241
00e12e8b_6354,11597.575748492241
00e12e8b_6355,11597.575748492241
00e12e8b_6356,11597.575748492241
00e12e8b_6357,11597.575748492241
00e12e8b_6358,11597.575748492241
00e12e8b_6359,11597.575748492241
00e12e8b_6360,11597.575748492241
00e12e8b_6361,11597.575748492241
00e12e8b_6362,11597.575748492241
00e12e8b_6363,11597.575748492241
00e12e8b_6364,11597.575748492241
00e12e8b_6365,11597.575748492241
00e12e8b_6366,11597.575748492241
00e12e8b_6367,11597.575748492241
00e12e8b_6368,11597.575748492241
00e12e8b_6369,11597.575748492241
00e12e8b_6370,11597.575748492241
00e12e8b_6371,11597.575748492241
00e12e8b_6372,11597.575748492241
00e12e8b_6373,11597.575748492241
00e12e8b_6374,11597.575748492241
00e12e8b_6375,11597.575748492241
00e12e8b_6376,11597.575748492241
00e12e8b_6377,11597.575748492241
00e12e8b_6378,11597.575748492241
00e12e8b_6379,11597.575748492241
00e12e8b_6380,11597.575748492241
00e12e8b_6381,11597.575748492241
00e12e8b_6382,11597.575748492241
00e12e8b_6383,11597.575748492241
